image_id,path,label,generator_family,release_date,generator,crop_path,source_width,source_height,crop_top,crop_left,crop_height,crop_width
COCO2017_train/241483,data/authentic/images/COCO2017_train_241483.jpg,0,authentic,,,data/preprocessed/crop200_align16/COCO2017_train_241483.png,640,426,112,208,200,200
COCO2017_train/21166,data/authentic/images/COCO2017_train_21166.jpg,0,authentic,,,data/preprocessed/crop200_align16/COCO2017_train_21166.png,500,333,64,144,200,200
COCO2017_train/429820,data/authentic/images/COCO2017_train_429820.jpg,0,authentic,,,data/preprocessed/crop200_align16/COCO2017_train_429820.png,640,427,112,208,200,200
COCO2017_train/524662,data/authentic/images/COCO2017_train_524662.jpg,0,authentic,,,data/preprocessed/crop200_align16/COCO2017_train_524662.png,640,480,128,208,200,200
COCO2017_train/434940,data/authentic/images/COCO2017_train_434940.jpg,0,authentic,,,data/preprocessed/crop200_align16/COCO2017_train_434940.png,640,480,128,208,200,200
COCO2017_train/559163,data/authentic/images/COCO2017_train_559163.jpg,0,authentic,,,data/preprocessed/crop200_align16/COCO2017_train_559163.png,640,427,112,208,200,200
COCO2017_train/303666,data/authentic/images/COCO2017_train_303666.jpg,0,authentic,,,data/preprocessed/crop200_align16/COCO2017_train_303666.png,471,640,208,128,200,200
COCO2017_train/128385,data/authentic/images/COCO2017_train_128385.jpg,0,authentic,,,data/preprocessed/crop200_align16/COCO2017_train_128385.png,640,375,80,208,200,200
COCO2017_train/201419,data/authentic/images/COCO2017_train_201419.jpg,0,authentic,,,data/preprocessed/crop200_align16/COCO2017_train_201419.png,640,427,112,208,200,200
COCO2017_train/237179,data/authentic/images/COCO2017_train_237179.jpg,0,authentic,,,data/preprocessed/crop200_align16/COCO2017_train_237179.png,640,480,128,208,200,200
COCO2017_train/329939,data/authentic/images/COCO2017_train_329939.jpg,0,authentic,,,data/preprocessed/crop200_align16/COCO2017_train_329939.png,640,427,112,208,200,200
COCO2017_train/531045,data/authentic/images/COCO2017_train_531045.jpg,0,authentic,,,data/preprocessed/crop200_align16/COCO2017_train_531045.png,640,480,128,208,200,200
COCO2017_train/489267,data/authentic/images/COCO2017_train_489267.jpg,0,authentic,,,data/preprocessed/crop200_align16/COCO2017_train_489267.png,640,427,112,208,200,200
COCO2017_val/210030,data/authentic/images/COCO2017_val_210030.jpg,0,authentic,,,data/preprocessed/crop200_align16/COCO2017_val_210030.png,500,400,96,144,200,200
COCO2017_train/444015,data/authentic/images/COCO2017_train_444015.jpg,0,authentic,,,data/preprocessed/crop200_align16/COCO2017_train_444015.png,330,640,208,64,200,200
COCO2017_train/522146,data/authentic/images/COCO2017_train_522146.jpg,0,authentic,,,data/preprocessed/crop200_align16/COCO2017_train_522146.png,640,427,112,208,200,200
COCO2017_train/559382,data/authentic/images/COCO2017_train_559382.jpg,0,authentic,,,data/preprocessed/crop200_align16/COCO2017_train_559382.png,640,480,128,208,200,200
COCO2017_train/481504,data/authentic/images/COCO2017_train_481504.jpg,0,authentic,,,data/preprocessed/crop200_align16/COCO2017_train_481504.png,640,428,112,208,200,200
COCO2017_train/122188,data/authentic/images/COCO2017_train_122188.jpg,0,authentic,,,data/preprocessed/crop200_align16/COCO2017_train_122188.png,400,600,192,96,200,200
COCO2017_train/519446,data/authentic/images/COCO2017_train_519446.jpg,0,authentic,,,data/preprocessed/crop200_align16/COCO2017_train_519446.png,640,427,112,208,200,200
COCO2017_train/513295,data/authentic/images/COCO2017_train_513295.jpg,0,authentic,,,data/preprocessed/crop200_align16/COCO2017_train_513295.png,640,480,128,208,200,200
COCO2017_train/348637,data/authentic/images/COCO2017_train_348637.jpg,0,authentic,,,data/preprocessed/crop200_align16/COCO2017_train_348637.png,640,391,80,208,200,200
COCO2017_train/561121,data/authentic/images/COCO2017_train_561121.jpg,0,authentic,,,data/preprocessed/crop200_align16/COCO2017_train_561121.png,612,612,192,192,200,200
COCO2017_train/523576,data/authentic/images/COCO2017_train_523576.jpg,0,authentic,,,data/preprocessed/crop200_align16/COCO2017_train_523576.png,489,640,208,144,200,200
COCO2017_train/107628,data/authentic/images/COCO2017_train_107628.jpg,0,authentic,,,data/preprocessed/crop200_align16/COCO2017_train_107628.png,640,426,112,208,200,200
COCO2017_train/329354,data/authentic/images/COCO2017_train_329354.jpg,0,authentic,,,data/preprocessed/crop200_align16/COCO2017_train_329354.png,427,640,208,112,200,200
COCO2017_train/326243,data/authentic/images/COCO2017_train_326243.jpg,0,authentic,,,data/preprocessed/crop200_align16/COCO2017_train_326243.png,512,640,208,144,200,200
COCO2017_train/113294,data/authentic/images/COCO2017_train_113294.jpg,0,authentic,,,data/preprocessed/crop200_align16/COCO2017_train_113294.png,640,427,112,208,200,200
COCO2017_train/16964,data/authentic/images/COCO2017_train_16964.jpg,0,authentic,,,data/preprocessed/crop200_align16/COCO2017_train_16964.png,640,427,112,208,200,200
COCO2017_train/468499,data/authentic/images/COCO2017_train_468499.jpg,0,authentic,,,data/preprocessed/crop200_align16/COCO2017_train_468499.png,640,428,112,208,200,200
COCO2017_train/397355,data/authentic/images/COCO2017_train_397355.jpg,0,authentic,,,data/preprocessed/crop200_align16/COCO2017_train_397355.png,500,332,64,144,200,200
COCO2017_train/241329,data/authentic/images/COCO2017_train_241329.jpg,0,authentic,,,data/preprocessed/crop200_align16/COCO2017_train_241329.png,640,480,128,208,200,200
COCO2017_val/370486,data/authentic/images/COCO2017_val_370486.jpg,0,authentic,,,data/preprocessed/crop200_align16/COCO2017_val_370486.png,421,640,208,96,200,200
COCO2017_train/384804,data/authentic/images/COCO2017_train_384804.jpg,0,authentic,,,data/preprocessed/crop200_align16/COCO2017_train_384804.png,640,480,128,208,200,200
COCO2017_train/40219,data/authentic/images/COCO2017_train_40219.jpg,0,authentic,,,data/preprocessed/crop200_align16/COCO2017_train_40219.png,640,427,112,208,200,200
COCO2017_train/295199,data/authentic/images/COCO2017_train_295199.jpg,0,authentic,,,data/preprocessed/crop200_align16/COCO2017_train_295199.png,480,640,208,128,200,200
COCO2017_train/117418,data/authentic/images/COCO2017_train_117418.jpg,0,authentic,,,data/preprocessed/crop200_align16/COCO2017_train_117418.png,640,427,112,208,200,200
COCO2017_train/460353,data/authentic/images/COCO2017_train_460353.jpg,0,authentic,,,data/preprocessed/crop200_align16/COCO2017_train_460353.png,500,375,80,144,200,200
COCO2017_train/104327,data/authentic/images/COCO2017_train_104327.jpg,0,authentic,,,data/preprocessed/crop200_align16/COCO2017_train_104327.png,640,427,112,208,200,200
COCO2017_train/203462,data/authentic/images/COCO2017_train_203462.jpg,0,authentic,,,data/preprocessed/crop200_align16/COCO2017_train_203462.png,640,527,160,208,200,200
COCO2017_train/383890,data/authentic/images/COCO2017_train_383890.jpg,0,authentic,,,data/preprocessed/crop200_align16/COCO2017_train_383890.png,500,375,80,144,200,200
COCO2017_train/394159,data/authentic/images/COCO2017_train_394159.jpg,0,authentic,,,data/preprocessed/crop200_align16/COCO2017_train_394159.png,640,427,112,208,200,200
COCO2017_train/409206,data/authentic/images/COCO2017_train_409206.jpg,0,authentic,,,data/preprocessed/crop200_align16/COCO2017_train_409206.png,640,480,128,208,200,200
COCO2017_train/546095,data/authentic/images/COCO2017_train_546095.jpg,0,authentic,,,data/preprocessed/crop200_align16/COCO2017_train_546095.png,640,480,128,208,200,200
COCO2017_train/109894,data/authentic/images/COCO2017_train_109894.jpg,0,authentic,,,data/preprocessed/crop200_align16/COCO2017_train_109894.png,429,640,208,112,200,200
COCO2017_train/31666,data/authentic/images/COCO2017_train_31666.jpg,0,authentic,,,data/preprocessed/crop200_align16/COCO2017_train_31666.png,640,435,112,208,200,200
COCO2017_train/475306,data/authentic/images/COCO2017_train_475306.jpg,0,authentic,,,data/preprocessed/crop200_align16/COCO2017_train_475306.png,640,480,128,208,200,200
COCO2017_train/305724,data/authentic/images/COCO2017_train_305724.jpg,0,authentic,,,data/preprocessed/crop200_align16/COCO2017_train_305724.png,640,579,176,208,200,200
COCO2017_val/190853,data/authentic/images/COCO2017_val_190853.jpg,0,authentic,,,data/preprocessed/crop200_align16/COCO2017_val_190853.png,383,640,208,80,200,200
COCO2017_train/507237,data/authentic/images/COCO2017_train_507237.jpg,0,authentic,,,data/preprocessed/crop200_align16/COCO2017_train_507237.png,640,427,112,208,200,200
COCO2017_train/263042,data/authentic/images/COCO2017_train_263042.jpg,0,authentic,,,data/preprocessed/crop200_align16/COCO2017_train_263042.png,640,427,112,208,200,200
COCO2017_train/180083,data/authentic/images/COCO2017_train_180083.jpg,0,authentic,,,data/preprocessed/crop200_align16/COCO2017_train_180083.png,640,434,112,208,200,200
COCO2017_train/413090,data/authentic/images/COCO2017_train_413090.jpg,0,authentic,,,data/preprocessed/crop200_align16/COCO2017_train_413090.png,640,428,112,208,200,200
COCO2017_train/535795,data/authentic/images/COCO2017_train_535795.jpg,0,authentic,,,data/preprocessed/crop200_align16/COCO2017_train_535795.png,640,427,112,208,200,200
COCO2017_train/487507,data/authentic/images/COCO2017_train_487507.jpg,0,authentic,,,data/preprocessed/crop200_align16/COCO2017_train_487507.png,500,375,80,144,200,200
COCO2017_train/563858,data/authentic/images/COCO2017_train_563858.jpg,0,authentic,,,data/preprocessed/crop200_align16/COCO2017_train_563858.png,640,427,112,208,200,200
COCO2017_train/511301,data/authentic/images/COCO2017_train_511301.jpg,0,authentic,,,data/preprocessed/crop200_align16/COCO2017_train_511301.png,640,480,128,208,200,200
COCO2017_train/134770,data/authentic/images/COCO2017_train_134770.jpg,0,authentic,,,data/preprocessed/crop200_align16/COCO2017_train_134770.png,640,480,128,208,200,200
COCO2017_train/403506,data/authentic/images/COCO2017_train_403506.jpg,0,authentic,,,data/preprocessed/crop200_align16/COCO2017_train_403506.png,640,374,80,208,200,200
COCO2017_train/49165,data/authentic/images/COCO2017_train_49165.jpg,0,authentic,,,data/preprocessed/crop200_align16/COCO2017_train_49165.png,640,480,128,208,200,200
COCO2017_train/550944,data/authentic/images/COCO2017_train_550944.jpg,0,authentic,,,data/preprocessed/crop200_align16/COCO2017_train_550944.png,640,429,112,208,200,200
COCO2017_train/105026,data/authentic/images/COCO2017_train_105026.jpg,0,authentic,,,data/preprocessed/crop200_align16/COCO2017_train_105026.png,640,480,128,208,200,200
COCO2017_train/63036,data/authentic/images/COCO2017_train_63036.jpg,0,authentic,,,data/preprocessed/crop200_align16/COCO2017_train_63036.png,640,444,112,208,200,200
COCO2017_val/336628,data/authentic/images/COCO2017_val_336628.jpg,0,authentic,,,data/preprocessed/crop200_align16/COCO2017_val_336628.png,428,640,208,112,200,200
COCO2017_train/344720,data/authentic/images/COCO2017_train_344720.jpg,0,authentic,,,data/preprocessed/crop200_align16/COCO2017_train_344720.png,432,640,208,112,200,200
COCO2017_train/148852,data/authentic/images/COCO2017_train_148852.jpg,0,authentic,,,data/preprocessed/crop200_align16/COCO2017_train_148852.png,640,425,112,208,200,200
COCO2017_train/570760,data/authentic/images/COCO2017_train_570760.jpg,0,authentic,,,data/preprocessed/crop200_align16/COCO2017_train_570760.png,640,434,112,208,200,200
COCO2017_train/96505,data/authentic/images/COCO2017_train_96505.jpg,0,authentic,,,data/preprocessed/crop200_align16/COCO2017_train_96505.png,385,500,144,80,200,200
COCO2017_train/239120,data/authentic/images/COCO2017_train_239120.jpg,0,authentic,,,data/preprocessed/crop200_align16/COCO2017_train_239120.png,428,640,208,112,200,200
COCO2017_train/274538,data/authentic/images/COCO2017_train_274538.jpg,0,authentic,,,data/preprocessed/crop200_align16/COCO2017_train_274538.png,480,360,80,128,200,200
COCO2017_train/419697,data/authentic/images/COCO2017_train_419697.jpg,0,authentic,,,data/preprocessed/crop200_align16/COCO2017_train_419697.png,500,333,64,144,200,200
COCO2017_train/451196,data/authentic/images/COCO2017_train_451196.jpg,0,authentic,,,data/preprocessed/crop200_align16/COCO2017_train_451196.png,640,431,112,208,200,200
COCO2017_train/128475,data/authentic/images/COCO2017_train_128475.jpg,0,authentic,,,data/preprocessed/crop200_align16/COCO2017_train_128475.png,640,427,112,208,200,200
COCO2017_train/503605,data/authentic/images/COCO2017_train_503605.jpg,0,authentic,,,data/preprocessed/crop200_align16/COCO2017_train_503605.png,384,640,208,80,200,200
COCO2017_train/232165,data/authentic/images/COCO2017_train_232165.jpg,0,authentic,,,data/preprocessed/crop200_align16/COCO2017_train_232165.png,329,500,144,64,200,200
COCO2017_train/32818,data/authentic/images/COCO2017_train_32818.jpg,0,authentic,,,data/preprocessed/crop200_align16/COCO2017_train_32818.png,640,480,128,208,200,200
COCO2017_train/5459,data/authentic/images/COCO2017_train_5459.jpg,0,authentic,,,data/preprocessed/crop200_align16/COCO2017_train_5459.png,640,427,112,208,200,200
COCO2017_train/354059,data/authentic/images/COCO2017_train_354059.jpg,0,authentic,,,data/preprocessed/crop200_align16/COCO2017_train_354059.png,640,480,128,208,200,200
COCO2017_train/426088,data/authentic/images/COCO2017_train_426088.jpg,0,authentic,,,data/preprocessed/crop200_align16/COCO2017_train_426088.png,640,563,176,208,200,200
COCO2017_train/343135,data/authentic/images/COCO2017_train_343135.jpg,0,authentic,,,data/preprocessed/crop200_align16/COCO2017_train_343135.png,428,640,208,112,200,200
COCO2017_train/571503,data/authentic/images/COCO2017_train_571503.jpg,0,authentic,,,data/preprocessed/crop200_align16/COCO2017_train_571503.png,600,450,112,192,200,200
COCO2017_train/446783,data/authentic/images/COCO2017_train_446783.jpg,0,authentic,,,data/preprocessed/crop200_align16/COCO2017_train_446783.png,640,509,144,208,200,200
COCO2017_train/20769,data/authentic/images/COCO2017_train_20769.jpg,0,authentic,,,data/preprocessed/crop200_align16/COCO2017_train_20769.png,640,480,128,208,200,200
COCO2017_train/163565,data/authentic/images/COCO2017_train_163565.jpg,0,authentic,,,data/preprocessed/crop200_align16/COCO2017_train_163565.png,640,389,80,208,200,200
COCO2017_train/144345,data/authentic/images/COCO2017_train_144345.jpg,0,authentic,,,data/preprocessed/crop200_align16/COCO2017_train_144345.png,480,640,208,128,200,200
COCO2017_train/559301,data/authentic/images/COCO2017_train_559301.jpg,0,authentic,,,data/preprocessed/crop200_align16/COCO2017_train_559301.png,640,429,112,208,200,200
COCO2017_train/257198,data/authentic/images/COCO2017_train_257198.jpg,0,authentic,,,data/preprocessed/crop200_align16/COCO2017_train_257198.png,526,640,208,160,200,200
COCO2017_train/359925,data/authentic/images/COCO2017_train_359925.jpg,0,authentic,,,data/preprocessed/crop200_align16/COCO2017_train_359925.png,425,640,208,112,200,200
COCO2017_train/210134,data/authentic/images/COCO2017_train_210134.jpg,0,authentic,,,data/preprocessed/crop200_align16/COCO2017_train_210134.png,640,480,128,208,200,200
COCO2017_train/574280,data/authentic/images/COCO2017_train_574280.jpg,0,authentic,,,data/preprocessed/crop200_align16/COCO2017_train_574280.png,480,640,208,128,200,200
COCO2017_train/374033,data/authentic/images/COCO2017_train_374033.jpg,0,authentic,,,data/preprocessed/crop200_align16/COCO2017_train_374033.png,480,640,208,128,200,200
COCO2017_train/236260,data/authentic/images/COCO2017_train_236260.jpg,0,authentic,,,data/preprocessed/crop200_align16/COCO2017_train_236260.png,427,640,208,112,200,200
COCO2017_train/409674,data/authentic/images/COCO2017_train_409674.jpg,0,authentic,,,data/preprocessed/crop200_align16/COCO2017_train_409674.png,500,375,80,144,200,200
COCO2017_train/397997,data/authentic/images/COCO2017_train_397997.jpg,0,authentic,,,data/preprocessed/crop200_align16/COCO2017_train_397997.png,640,480,128,208,200,200
COCO2017_train/339211,data/authentic/images/COCO2017_train_339211.jpg,0,authentic,,,data/preprocessed/crop200_align16/COCO2017_train_339211.png,480,640,208,128,200,200
COCO2017_train/451798,data/authentic/images/COCO2017_train_451798.jpg,0,authentic,,,data/preprocessed/crop200_align16/COCO2017_train_451798.png,640,427,112,208,200,200
COCO2017_train/45678,data/authentic/images/COCO2017_train_45678.jpg,0,authentic,,,data/preprocessed/crop200_align16/COCO2017_train_45678.png,640,480,128,208,200,200
COCO2017_train/30289,data/authentic/images/COCO2017_train_30289.jpg,0,authentic,,,data/preprocessed/crop200_align16/COCO2017_train_30289.png,640,514,144,208,200,200
COCO2017_train/45535,data/authentic/images/COCO2017_train_45535.jpg,0,authentic,,,data/preprocessed/crop200_align16/COCO2017_train_45535.png,640,426,112,208,200,200
COCO2017_train/448694,data/authentic/images/COCO2017_train_448694.jpg,0,authentic,,,data/preprocessed/crop200_align16/COCO2017_train_448694.png,640,427,112,208,200,200
COCO2017_train/493212,data/authentic/images/COCO2017_train_493212.jpg,0,authentic,,,data/preprocessed/crop200_align16/COCO2017_train_493212.png,604,452,112,192,200,200
COCO2017_train/285649,data/authentic/images/COCO2017_train_285649.jpg,0,authentic,,,data/preprocessed/crop200_align16/COCO2017_train_285649.png,640,480,128,208,200,200
COCO2017_train/360,data/authentic/images/COCO2017_train_360.jpg,0,authentic,,,data/preprocessed/crop200_align16/COCO2017_train_360.png,500,375,80,144,200,200
COCO2017_train/490979,data/authentic/images/COCO2017_train_490979.jpg,0,authentic,,,data/preprocessed/crop200_align16/COCO2017_train_490979.png,640,428,112,208,200,200
COCO2017_train/42682,data/authentic/images/COCO2017_train_42682.jpg,0,authentic,,,data/preprocessed/crop200_align16/COCO2017_train_42682.png,640,426,112,208,200,200
COCO2017_train/346849,data/authentic/images/COCO2017_train_346849.jpg,0,authentic,,,data/preprocessed/crop200_align16/COCO2017_train_346849.png,427,640,208,112,200,200
COCO2017_train/3992,data/authentic/images/COCO2017_train_3992.jpg,0,authentic,,,data/preprocessed/crop200_align16/COCO2017_train_3992.png,640,480,128,208,200,200
COCO2017_train/420070,data/authentic/images/COCO2017_train_420070.jpg,0,authentic,,,data/preprocessed/crop200_align16/COCO2017_train_420070.png,640,451,112,208,200,200
COCO2017_train/314408,data/authentic/images/COCO2017_train_314408.jpg,0,authentic,,,data/preprocessed/crop200_align16/COCO2017_train_314408.png,640,400,96,208,200,200
COCO2017_train/533381,data/authentic/images/COCO2017_train_533381.jpg,0,authentic,,,data/preprocessed/crop200_align16/COCO2017_train_533381.png,640,480,128,208,200,200
COCO2017_val/255917,data/authentic/images/COCO2017_val_255917.jpg,0,authentic,,,data/preprocessed/crop200_align16/COCO2017_val_255917.png,640,427,112,208,200,200
COCO2017_train/578168,data/authentic/images/COCO2017_train_578168.jpg,0,authentic,,,data/preprocessed/crop200_align16/COCO2017_train_578168.png,500,375,80,144,200,200
COCO2017_train/496090,data/authentic/images/COCO2017_train_496090.jpg,0,authentic,,,data/preprocessed/crop200_align16/COCO2017_train_496090.png,640,427,112,208,200,200
COCO2017_train/421223,data/authentic/images/COCO2017_train_421223.jpg,0,authentic,,,data/preprocessed/crop200_align16/COCO2017_train_421223.png,640,428,112,208,200,200
COCO2017_train/71677,data/authentic/images/COCO2017_train_71677.jpg,0,authentic,,,data/preprocessed/crop200_align16/COCO2017_train_71677.png,640,272,32,208,200,200
COCO2017_val/130599,data/authentic/images/COCO2017_val_130599.jpg,0,authentic,,,data/preprocessed/crop200_align16/COCO2017_val_130599.png,640,480,128,208,200,200
COCO2017_train/343860,data/authentic/images/COCO2017_train_343860.jpg,0,authentic,,,data/preprocessed/crop200_align16/COCO2017_train_343860.png,640,480,128,208,200,200
COCO2017_train/361341,data/authentic/images/COCO2017_train_361341.jpg,0,authentic,,,data/preprocessed/crop200_align16/COCO2017_train_361341.png,427,640,208,112,200,200
COCO2017_val/110972,data/authentic/images/COCO2017_val_110972.jpg,0,authentic,,,data/preprocessed/crop200_align16/COCO2017_val_110972.png,640,487,128,208,200,200
COCO2017_train/284042,data/authentic/images/COCO2017_train_284042.jpg,0,authentic,,,data/preprocessed/crop200_align16/COCO2017_train_284042.png,500,375,80,144,200,200
COCO2017_train/565684,data/authentic/images/COCO2017_train_565684.jpg,0,authentic,,,data/preprocessed/crop200_align16/COCO2017_train_565684.png,640,480,128,208,200,200
COCO2017_train/496253,data/authentic/images/COCO2017_train_496253.jpg,0,authentic,,,data/preprocessed/crop200_align16/COCO2017_train_496253.png,640,480,128,208,200,200
COCO2017_train/427692,data/authentic/images/COCO2017_train_427692.jpg,0,authentic,,,data/preprocessed/crop200_align16/COCO2017_train_427692.png,640,480,128,208,200,200
COCO2017_train/341040,data/authentic/images/COCO2017_train_341040.jpg,0,authentic,,,data/preprocessed/crop200_align16/COCO2017_train_341040.png,480,640,208,128,200,200
COCO2017_train/94156,data/authentic/images/COCO2017_train_94156.jpg,0,authentic,,,data/preprocessed/crop200_align16/COCO2017_train_94156.png,640,427,112,208,200,200
COCO2017_train/304691,data/authentic/images/COCO2017_train_304691.jpg,0,authentic,,,data/preprocessed/crop200_align16/COCO2017_train_304691.png,640,507,144,208,200,200
COCO2017_train/279849,data/authentic/images/COCO2017_train_279849.jpg,0,authentic,,,data/preprocessed/crop200_align16/COCO2017_train_279849.png,640,480,128,208,200,200
COCO2017_train/69021,data/authentic/images/COCO2017_train_69021.jpg,0,authentic,,,data/preprocessed/crop200_align16/COCO2017_train_69021.png,640,457,128,208,200,200
COCO2017_train/75101,data/authentic/images/COCO2017_train_75101.jpg,0,authentic,,,data/preprocessed/crop200_align16/COCO2017_train_75101.png,640,366,80,208,200,200
COCO2017_val/491071,data/authentic/images/COCO2017_val_491071.jpg,0,authentic,,,data/preprocessed/crop200_align16/COCO2017_val_491071.png,414,640,208,96,200,200
COCO2017_train/452819,data/authentic/images/COCO2017_train_452819.jpg,0,authentic,,,data/preprocessed/crop200_align16/COCO2017_train_452819.png,640,491,144,208,200,200
COCO2017_train/268670,data/authentic/images/COCO2017_train_268670.jpg,0,authentic,,,data/preprocessed/crop200_align16/COCO2017_train_268670.png,500,331,64,144,200,200
COCO2017_train/33717,data/authentic/images/COCO2017_train_33717.jpg,0,authentic,,,data/preprocessed/crop200_align16/COCO2017_train_33717.png,640,480,128,208,200,200
COCO2017_train/413202,data/authentic/images/COCO2017_train_413202.jpg,0,authentic,,,data/preprocessed/crop200_align16/COCO2017_train_413202.png,640,426,112,208,200,200
COCO2017_train/521196,data/authentic/images/COCO2017_train_521196.jpg,0,authentic,,,data/preprocessed/crop200_align16/COCO2017_train_521196.png,500,375,80,144,200,200
COCO2017_train/323820,data/authentic/images/COCO2017_train_323820.jpg,0,authentic,,,data/preprocessed/crop200_align16/COCO2017_train_323820.png,640,478,128,208,200,200
COCO2017_train/219174,data/authentic/images/COCO2017_train_219174.jpg,0,authentic,,,data/preprocessed/crop200_align16/COCO2017_train_219174.png,612,612,192,192,200,200
COCO2017_train/469770,data/authentic/images/COCO2017_train_469770.jpg,0,authentic,,,data/preprocessed/crop200_align16/COCO2017_train_469770.png,640,480,128,208,200,200
COCO2017_train/225238,data/authentic/images/COCO2017_train_225238.jpg,0,authentic,,,data/preprocessed/crop200_align16/COCO2017_train_225238.png,640,427,112,208,200,200
COCO2017_train/314647,data/authentic/images/COCO2017_train_314647.jpg,0,authentic,,,data/preprocessed/crop200_align16/COCO2017_train_314647.png,640,384,80,208,200,200
COCO2017_train/160866,data/authentic/images/COCO2017_train_160866.jpg,0,authentic,,,data/preprocessed/crop200_align16/COCO2017_train_160866.png,480,640,208,128,200,200
COCO2017_train/93175,data/authentic/images/COCO2017_train_93175.jpg,0,authentic,,,data/preprocessed/crop200_align16/COCO2017_train_93175.png,500,338,64,144,200,200
COCO2017_train/14248,data/authentic/images/COCO2017_train_14248.jpg,0,authentic,,,data/preprocessed/crop200_align16/COCO2017_train_14248.png,640,480,128,208,200,200
COCO2017_train/274334,data/authentic/images/COCO2017_train_274334.jpg,0,authentic,,,data/preprocessed/crop200_align16/COCO2017_train_274334.png,640,425,112,208,200,200
COCO2017_train/351382,data/authentic/images/COCO2017_train_351382.jpg,0,authentic,,,data/preprocessed/crop200_align16/COCO2017_train_351382.png,640,426,112,208,200,200
COCO2017_train/33295,data/authentic/images/COCO2017_train_33295.jpg,0,authentic,,,data/preprocessed/crop200_align16/COCO2017_train_33295.png,640,427,112,208,200,200
COCO2017_train/62313,data/authentic/images/COCO2017_train_62313.jpg,0,authentic,,,data/preprocessed/crop200_align16/COCO2017_train_62313.png,640,480,128,208,200,200
COCO2017_train/65087,data/authentic/images/COCO2017_train_65087.jpg,0,authentic,,,data/preprocessed/crop200_align16/COCO2017_train_65087.png,427,640,208,112,200,200
COCO2017_train/256189,data/authentic/images/COCO2017_train_256189.jpg,0,authentic,,,data/preprocessed/crop200_align16/COCO2017_train_256189.png,640,424,112,208,200,200
COCO2017_train/234967,data/authentic/images/COCO2017_train_234967.jpg,0,authentic,,,data/preprocessed/crop200_align16/COCO2017_train_234967.png,375,500,144,80,200,200
COCO2017_train/490160,data/authentic/images/COCO2017_train_490160.jpg,0,authentic,,,data/preprocessed/crop200_align16/COCO2017_train_490160.png,480,640,208,128,200,200
COCO2017_train/490469,data/authentic/images/COCO2017_train_490469.jpg,0,authentic,,,data/preprocessed/crop200_align16/COCO2017_train_490469.png,640,425,112,208,200,200
COCO2017_train/447224,data/authentic/images/COCO2017_train_447224.jpg,0,authentic,,,data/preprocessed/crop200_align16/COCO2017_train_447224.png,640,427,112,208,200,200
COCO2017_train/308792,data/authentic/images/COCO2017_train_308792.jpg,0,authentic,,,data/preprocessed/crop200_align16/COCO2017_train_308792.png,480,640,208,128,200,200
COCO2017_train/557127,data/authentic/images/COCO2017_train_557127.jpg,0,authentic,,,data/preprocessed/crop200_align16/COCO2017_train_557127.png,500,375,80,144,200,200
COCO2017_train/510395,data/authentic/images/COCO2017_train_510395.jpg,0,authentic,,,data/preprocessed/crop200_align16/COCO2017_train_510395.png,640,480,128,208,200,200
COCO2017_train/326098,data/authentic/images/COCO2017_train_326098.jpg,0,authentic,,,data/preprocessed/crop200_align16/COCO2017_train_326098.png,500,329,64,144,200,200
COCO2017_train/369369,data/authentic/images/COCO2017_train_369369.jpg,0,authentic,,,data/preprocessed/crop200_align16/COCO2017_train_369369.png,480,640,208,128,200,200
COCO2017_train/556540,data/authentic/images/COCO2017_train_556540.jpg,0,authentic,,,data/preprocessed/crop200_align16/COCO2017_train_556540.png,480,640,208,128,200,200
COCO2017_train/387513,data/authentic/images/COCO2017_train_387513.jpg,0,authentic,,,data/preprocessed/crop200_align16/COCO2017_train_387513.png,640,428,112,208,200,200
COCO2017_train/174712,data/authentic/images/COCO2017_train_174712.jpg,0,authentic,,,data/preprocessed/crop200_align16/COCO2017_train_174712.png,640,517,144,208,200,200
COCO2017_train/152649,data/authentic/images/COCO2017_train_152649.jpg,0,authentic,,,data/preprocessed/crop200_align16/COCO2017_train_152649.png,640,360,80,208,200,200
COCO2017_train/552650,data/authentic/images/COCO2017_train_552650.jpg,0,authentic,,,data/preprocessed/crop200_align16/COCO2017_train_552650.png,480,640,208,128,200,200
COCO2017_train/92601,data/authentic/images/COCO2017_train_92601.jpg,0,authentic,,,data/preprocessed/crop200_align16/COCO2017_train_92601.png,640,480,128,208,200,200
COCO2017_train/148286,data/authentic/images/COCO2017_train_148286.jpg,0,authentic,,,data/preprocessed/crop200_align16/COCO2017_train_148286.png,500,333,64,144,200,200
COCO2017_train/200272,data/authentic/images/COCO2017_train_200272.jpg,0,authentic,,,data/preprocessed/crop200_align16/COCO2017_train_200272.png,640,424,112,208,200,200
COCO2017_train/174358,data/authentic/images/COCO2017_train_174358.jpg,0,authentic,,,data/preprocessed/crop200_align16/COCO2017_train_174358.png,480,640,208,128,200,200
COCO2017_train/338529,data/authentic/images/COCO2017_train_338529.jpg,0,authentic,,,data/preprocessed/crop200_align16/COCO2017_train_338529.png,640,480,128,208,200,200
COCO2017_train/203371,data/authentic/images/COCO2017_train_203371.jpg,0,authentic,,,data/preprocessed/crop200_align16/COCO2017_train_203371.png,500,375,80,144,200,200
COCO2017_train/539891,data/authentic/images/COCO2017_train_539891.jpg,0,authentic,,,data/preprocessed/crop200_align16/COCO2017_train_539891.png,640,426,112,208,200,200
COCO2017_train/316671,data/authentic/images/COCO2017_train_316671.jpg,0,authentic,,,data/preprocessed/crop200_align16/COCO2017_train_316671.png,480,640,208,128,200,200
COCO2017_train/72850,data/authentic/images/COCO2017_train_72850.jpg,0,authentic,,,data/preprocessed/crop200_align16/COCO2017_train_72850.png,341,500,144,64,200,200
COCO2017_train/412842,data/authentic/images/COCO2017_train_412842.jpg,0,authentic,,,data/preprocessed/crop200_align16/COCO2017_train_412842.png,545,640,208,160,200,200
COCO2017_train/367096,data/authentic/images/COCO2017_train_367096.jpg,0,authentic,,,data/preprocessed/crop200_align16/COCO2017_train_367096.png,384,640,208,80,200,200
COCO2017_train/163457,data/authentic/images/COCO2017_train_163457.jpg,0,authentic,,,data/preprocessed/crop200_align16/COCO2017_train_163457.png,640,480,128,208,200,200
COCO2017_train/419666,data/authentic/images/COCO2017_train_419666.jpg,0,authentic,,,data/preprocessed/crop200_align16/COCO2017_train_419666.png,375,500,144,80,200,200
COCO2017_train/437951,data/authentic/images/COCO2017_train_437951.jpg,0,authentic,,,data/preprocessed/crop200_align16/COCO2017_train_437951.png,640,427,112,208,200,200
COCO2017_train/230892,data/authentic/images/COCO2017_train_230892.jpg,0,authentic,,,data/preprocessed/crop200_align16/COCO2017_train_230892.png,640,428,112,208,200,200
COCO2017_train/406230,data/authentic/images/COCO2017_train_406230.jpg,0,authentic,,,data/preprocessed/crop200_align16/COCO2017_train_406230.png,640,433,112,208,200,200
COCO2017_train/125188,data/authentic/images/COCO2017_train_125188.jpg,0,authentic,,,data/preprocessed/crop200_align16/COCO2017_train_125188.png,640,480,128,208,200,200
COCO2017_train/212027,data/authentic/images/COCO2017_train_212027.jpg,0,authentic,,,data/preprocessed/crop200_align16/COCO2017_train_212027.png,640,427,112,208,200,200
COCO2017_train/574940,data/authentic/images/COCO2017_train_574940.jpg,0,authentic,,,data/preprocessed/crop200_align16/COCO2017_train_574940.png,640,494,144,208,200,200
COCO2017_train/362567,data/authentic/images/COCO2017_train_362567.jpg,0,authentic,,,data/preprocessed/crop200_align16/COCO2017_train_362567.png,500,375,80,144,200,200
COCO2017_train/73567,data/authentic/images/COCO2017_train_73567.jpg,0,authentic,,,data/preprocessed/crop200_align16/COCO2017_train_73567.png,640,640,208,208,200,200
COCO2017_train/364157,data/authentic/images/COCO2017_train_364157.jpg,0,authentic,,,data/preprocessed/crop200_align16/COCO2017_train_364157.png,640,480,128,208,200,200
COCO2017_train/416981,data/authentic/images/COCO2017_train_416981.jpg,0,authentic,,,data/preprocessed/crop200_align16/COCO2017_train_416981.png,450,600,192,112,200,200
COCO2017_train/177939,data/authentic/images/COCO2017_train_177939.jpg,0,authentic,,,data/preprocessed/crop200_align16/COCO2017_train_177939.png,640,426,112,208,200,200
COCO2017_train/251249,data/authentic/images/COCO2017_train_251249.jpg,0,authentic,,,data/preprocessed/crop200_align16/COCO2017_train_251249.png,640,396,96,208,200,200
COCO2017_train/284366,data/authentic/images/COCO2017_train_284366.jpg,0,authentic,,,data/preprocessed/crop200_align16/COCO2017_train_284366.png,640,403,96,208,200,200
COCO2017_train/535302,data/authentic/images/COCO2017_train_535302.jpg,0,authentic,,,data/preprocessed/crop200_align16/COCO2017_train_535302.png,480,640,208,128,200,200
COCO2017_train/326937,data/authentic/images/COCO2017_train_326937.jpg,0,authentic,,,data/preprocessed/crop200_align16/COCO2017_train_326937.png,640,480,128,208,200,200
COCO2017_train/544481,data/authentic/images/COCO2017_train_544481.jpg,0,authentic,,,data/preprocessed/crop200_align16/COCO2017_train_544481.png,640,480,128,208,200,200
COCO2017_train/294005,data/authentic/images/COCO2017_train_294005.jpg,0,authentic,,,data/preprocessed/crop200_align16/COCO2017_train_294005.png,640,480,128,208,200,200
COCO2017_train/323934,data/authentic/images/COCO2017_train_323934.jpg,0,authentic,,,data/preprocessed/crop200_align16/COCO2017_train_323934.png,612,612,192,192,200,200
COCO2017_train/302470,data/authentic/images/COCO2017_train_302470.jpg,0,authentic,,,data/preprocessed/crop200_align16/COCO2017_train_302470.png,640,514,144,208,200,200
COCO2017_train/277857,data/authentic/images/COCO2017_train_277857.jpg,0,authentic,,,data/preprocessed/crop200_align16/COCO2017_train_277857.png,640,429,112,208,200,200
COCO2017_train/544216,data/authentic/images/COCO2017_train_544216.jpg,0,authentic,,,data/preprocessed/crop200_align16/COCO2017_train_544216.png,640,480,128,208,200,200
COCO2017_train/270460,data/authentic/images/COCO2017_train_270460.jpg,0,authentic,,,data/preprocessed/crop200_align16/COCO2017_train_270460.png,425,640,208,112,200,200
COCO2017_train/33888,data/authentic/images/COCO2017_train_33888.jpg,0,authentic,,,data/preprocessed/crop200_align16/COCO2017_train_33888.png,640,480,128,208,200,200
COCO2017_train/194203,data/authentic/images/COCO2017_train_194203.jpg,0,authentic,,,data/preprocessed/crop200_align16/COCO2017_train_194203.png,640,480,128,208,200,200
COCO2017_train/303376,data/authentic/images/COCO2017_train_303376.jpg,0,authentic,,,data/preprocessed/crop200_align16/COCO2017_train_303376.png,640,471,128,208,200,200
COCO2017_train/99933,data/authentic/images/COCO2017_train_99933.jpg,0,authentic,,,data/preprocessed/crop200_align16/COCO2017_train_99933.png,427,640,208,112,200,200
COCO2017_train/380162,data/authentic/images/COCO2017_train_380162.jpg,0,authentic,,,data/preprocessed/crop200_align16/COCO2017_train_380162.png,640,480,128,208,200,200
COCO2017_train/499094,data/authentic/images/COCO2017_train_499094.jpg,0,authentic,,,data/preprocessed/crop200_align16/COCO2017_train_499094.png,427,640,208,112,200,200
LAION-400M/2042084010028,data/authentic/images/LAION-400M_2042084010028.jpg,0,authentic,,,data/preprocessed/crop200_align16/LAION-400M_2042084010028.png,1296,729,256,544,200,200
LAION-400M/818504015362,data/authentic/images/LAION-400M_818504015362.jpg,0,authentic,,,data/preprocessed/crop200_align16/LAION-400M_818504015362.png,1499,1500,640,640,200,200
LAION-400M/1002064027891,data/authentic/images/LAION-400M_1002064027891.jpg,0,authentic,,,data/preprocessed/crop200_align16/LAION-400M_1002064027891.png,245,277,32,16,200,200
LAION-400M/2341005002106,data/authentic/images/LAION-400M_2341005002106.jpg,0,authentic,,,data/preprocessed/crop200_align16/LAION-400M_2341005002106.png,450,450,112,112,200,200
LAION-400M/3728455011591,data/authentic/images/LAION-400M_3728455011591.jpg,0,authentic,,,data/preprocessed/crop200_align16/LAION-400M_3728455011591.png,300,200,0,48,200,200
LAION-400M/2686578016009,data/authentic/images/LAION-400M_2686578016009.jpg,0,authentic,,,data/preprocessed/crop200_align16/LAION-400M_2686578016009.png,354,255,16,64,200,200
LAION-400M/3282178014466,data/authentic/images/LAION-400M_3282178014466.jpg,0,authentic,,,data/preprocessed/crop200_align16/LAION-400M_3282178014466.png,650,434,112,224,200,200
LAION-400M/3167728021518,data/authentic/images/LAION-400M_3167728021518.jpg,0,authentic,,,data/preprocessed/crop200_align16/LAION-400M_3167728021518.png,600,900,336,192,200,200
LAION-400M/7932046928,data/authentic/images/LAION-400M_7932046928.jpg,0,authentic,,,data/preprocessed/crop200_align16/LAION-400M_7932046928.png,468,305,48,128,200,200
LAION-400M/2264485020057,data/authentic/images/LAION-400M_2264485020057.jpg,0,authentic,,,data/preprocessed/crop200_align16/LAION-400M_2264485020057.png,610,776,288,192,200,200
LAION-400M/2203026012040,data/authentic/images/LAION-400M_2203026012040.jpg,0,authentic,,,data/preprocessed/crop200_align16/LAION-400M_2203026012040.png,814,380,80,304,200,200
LAION-400M/1365884019898,data/authentic/images/LAION-400M_1365884019898.jpg,0,authentic,,,data/preprocessed/crop200_align16/LAION-400M_1365884019898.png,640,425,112,208,200,200
LAION-400M/1301464008594,data/authentic/images/LAION-400M_1301464008594.jpg,0,authentic,,,data/preprocessed/crop200_align16/LAION-400M_1301464008594.png,600,600,192,192,200,200
LAION-400M/1566145001603,data/authentic/images/LAION-400M_1566145001603.jpg,0,authentic,,,data/preprocessed/crop200_align16/LAION-400M_1566145001603.png,709,400,96,240,200,200
LAION-400M/43302007933,data/authentic/images/LAION-400M_43302007933.jpg,0,authentic,,,data/preprocessed/crop200_align16/LAION-400M_43302007933.png,400,225,0,96,200,200
LAION-400M/3331752015870,data/authentic/images/LAION-400M_3331752015870.jpg,0,authentic,,,data/preprocessed/crop200_align16/LAION-400M_3331752015870.png,338,600,192,64,200,200
LAION-400M/180230002145,data/authentic/images/LAION-400M_180230002145.jpg,0,authentic,,,data/preprocessed/crop200_align16/LAION-400M_180230002145.png,270,270,32,32,200,200
LAION-400M/2783740000688,data/authentic/images/LAION-400M_2783740000688.jpg,0,authentic,,,data/preprocessed/crop200_align16/LAION-400M_2783740000688.png,262,276,32,16,200,200
LAION-400M/1363395017595,data/authentic/images/LAION-400M_1363395017595.jpg,0,authentic,,,data/preprocessed/crop200_align16/LAION-400M_1363395017595.png,236,578,176,16,200,200
LAION-400M/1611759018481,data/authentic/images/LAION-400M_1611759018481.jpg,0,authentic,,,data/preprocessed/crop200_align16/LAION-400M_1611759018481.png,480,480,128,128,200,200
LAION-400M/3686129005085,data/authentic/images/LAION-400M_3686129005085.jpg,0,authentic,,,data/preprocessed/crop200_align16/LAION-400M_3686129005085.png,236,353,64,16,200,200
LAION-400M/3301420023549,data/authentic/images/LAION-400M_3301420023549.jpg,0,authentic,,,data/preprocessed/crop200_align16/LAION-400M_3301420023549.png,360,480,128,80,200,200
LAION-400M/2374134015372,data/authentic/images/LAION-400M_2374134015372.jpg,0,authentic,,,data/preprocessed/crop200_align16/LAION-400M_2374134015372.png,640,360,80,208,200,200
LAION-400M/3012986016374,data/authentic/images/LAION-400M_3012986016374.jpg,0,authentic,,,data/preprocessed/crop200_align16/LAION-400M_3012986016374.png,1000,545,160,400,200,200
LAION-400M/997723018836,data/authentic/images/LAION-400M_997723018836.jpg,0,authentic,,,data/preprocessed/crop200_align16/LAION-400M_997723018836.png,225,225,0,0,200,200
LAION-400M/2737079002174,data/authentic/images/LAION-400M_2737079002174.jpg,0,authentic,,,data/preprocessed/crop200_align16/LAION-400M_2737079002174.png,800,800,288,288,200,200
LAION-400M/1068334012840,data/authentic/images/LAION-400M_1068334012840.jpg,0,authentic,,,data/preprocessed/crop200_align16/LAION-400M_1068334012840.png,280,280,32,32,200,200
LAION-400M/1449472013790,data/authentic/images/LAION-400M_1449472013790.jpg,0,authentic,,,data/preprocessed/crop200_align16/LAION-400M_1449472013790.png,557,2313,1056,176,200,200
LAION-400M/93170001814,data/authentic/images/LAION-400M_93170001814.jpg,0,authentic,,,data/preprocessed/crop200_align16/LAION-400M_93170001814.png,500,500,144,144,200,200
LAION-400M/3656404016552,data/authentic/images/LAION-400M_3656404016552.jpg,0,authentic,,,data/preprocessed/crop200_align16/LAION-400M_3656404016552.png,480,360,80,128,200,200
LAION-400M/2073960017749,data/authentic/images/LAION-400M_2073960017749.jpg,0,authentic,,,data/preprocessed/crop200_align16/LAION-400M_2073960017749.png,475,550,160,128,200,200
LAION-400M/1054928024849,data/authentic/images/LAION-400M_1054928024849.jpg,0,authentic,,,data/preprocessed/crop200_align16/LAION-400M_1054928024849.png,520,400,96,160,200,200
LAION-400M/836783005547,data/authentic/images/LAION-400M_836783005547.jpg,0,authentic,,,data/preprocessed/crop200_align16/LAION-400M_836783005547.png,236,328,64,16,200,200
LAION-400M/1983642011625,data/authentic/images/LAION-400M_1983642011625.jpg,0,authentic,,,data/preprocessed/crop200_align16/LAION-400M_1983642011625.png,200,200,0,0,200,200
LAION-400M/3686369012357,data/authentic/images/LAION-400M_3686369012357.jpg,0,authentic,,,data/preprocessed/crop200_align16/LAION-400M_3686369012357.png,500,500,144,144,200,200
LAION-400M/1093969016376,data/authentic/images/LAION-400M_1093969016376.jpg,0,authentic,,,data/preprocessed/crop200_align16/LAION-400M_1093969016376.png,256,256,16,16,200,200
LAION-400M/3495168020210,data/authentic/images/LAION-400M_3495168020210.jpg,0,authentic,,,data/preprocessed/crop200_align16/LAION-400M_3495168020210.png,1024,776,288,400,200,200
LAION-400M/3509258018405,data/authentic/images/LAION-400M_3509258018405.jpg,0,authentic,,,data/preprocessed/crop200_align16/LAION-400M_3509258018405.png,480,480,128,128,200,200
LAION-400M/2646801017292,data/authentic/images/LAION-400M_2646801017292.jpg,0,authentic,,,data/preprocessed/crop200_align16/LAION-400M_2646801017292.png,700,700,240,240,200,200
LAION-400M/2690399019915,data/authentic/images/LAION-400M_2690399019915.jpg,0,authentic,,,data/preprocessed/crop200_align16/LAION-400M_2690399019915.png,509,382,80,144,200,200
LAION-400M/3422212041283,data/authentic/images/LAION-400M_3422212041283.jpg,0,authentic,,,data/preprocessed/crop200_align16/LAION-400M_3422212041283.png,260,260,16,16,200,200
LAION-400M/3239805012461,data/authentic/images/LAION-400M_3239805012461.jpg,0,authentic,,,data/preprocessed/crop200_align16/LAION-400M_3239805012461.png,240,240,16,16,200,200
LAION-400M/2755533000667,data/authentic/images/LAION-400M_2755533000667.jpg,0,authentic,,,data/preprocessed/crop200_align16/LAION-400M_2755533000667.png,240,240,16,16,200,200
LAION-400M/3513644020773,data/authentic/images/LAION-400M_3513644020773.jpg,0,authentic,,,data/preprocessed/crop200_align16/LAION-400M_3513644020773.png,800,800,288,288,200,200
LAION-400M/2649757010042,data/authentic/images/LAION-400M_2649757010042.jpg,0,authentic,,,data/preprocessed/crop200_align16/LAION-400M_2649757010042.png,600,600,192,192,200,200
LAION-400M/66576000873,data/authentic/images/LAION-400M_66576000873.jpg,0,authentic,,,data/preprocessed/crop200_align16/LAION-400M_66576000873.png,384,350,64,80,200,200
LAION-400M/1476422018810,data/authentic/images/LAION-400M_1476422018810.jpg,0,authentic,,,data/preprocessed/crop200_align16/LAION-400M_1476422018810.png,450,600,192,112,200,200
LAION-400M/1894778000588,data/authentic/images/LAION-400M_1894778000588.jpg,0,authentic,,,data/preprocessed/crop200_align16/LAION-400M_1894778000588.png,300,300,48,48,200,200
LAION-400M/673831016257,data/authentic/images/LAION-400M_673831016257.jpg,0,authentic,,,data/preprocessed/crop200_align16/LAION-400M_673831016257.png,1000,667,224,400,200,200
LAION-400M/2366525014062,data/authentic/images/LAION-400M_2366525014062.jpg,0,authentic,,,data/preprocessed/crop200_align16/LAION-400M_2366525014062.png,474,580,176,128,200,200
LAION-400M/2852413000055,data/authentic/images/LAION-400M_2852413000055.jpg,0,authentic,,,data/preprocessed/crop200_align16/LAION-400M_2852413000055.png,551,690,240,160,200,200
LAION-400M/1382615010683,data/authentic/images/LAION-400M_1382615010683.jpg,0,authentic,,,data/preprocessed/crop200_align16/LAION-400M_1382615010683.png,336,450,112,64,200,200
LAION-400M/3067489002517,data/authentic/images/LAION-400M_3067489002517.jpg,0,authentic,,,data/preprocessed/crop200_align16/LAION-400M_3067489002517.png,800,800,288,288,200,200
LAION-400M/1959689006038,data/authentic/images/LAION-400M_1959689006038.jpg,0,authentic,,,data/preprocessed/crop200_align16/LAION-400M_1959689006038.png,225,225,0,0,200,200
LAION-400M/1525165009948,data/authentic/images/LAION-400M_1525165009948.jpg,0,authentic,,,data/preprocessed/crop200_align16/LAION-400M_1525165009948.png,300,300,48,48,200,200
LAION-400M/9228016983,data/authentic/images/LAION-400M_9228016983.jpg,0,authentic,,,data/preprocessed/crop200_align16/LAION-400M_9228016983.png,214,321,48,0,200,200
LAION-400M/112182010717,data/authentic/images/LAION-400M_112182010717.jpg,0,authentic,,,data/preprocessed/crop200_align16/LAION-400M_112182010717.png,225,225,0,0,200,200
LAION-400M/3263966011816,data/authentic/images/LAION-400M_3263966011816.jpg,0,authentic,,,data/preprocessed/crop200_align16/LAION-400M_3263966011816.png,750,1000,400,272,200,200
LAION-400M/1471922008375,data/authentic/images/LAION-400M_1471922008375.jpg,0,authentic,,,data/preprocessed/crop200_align16/LAION-400M_1471922008375.png,480,448,112,128,200,200
LAION-400M/1766960012136,data/authentic/images/LAION-400M_1766960012136.jpg,0,authentic,,,data/preprocessed/crop200_align16/LAION-400M_1766960012136.png,241,209,0,16,200,200
LAION-400M/139263000285,data/authentic/images/LAION-400M_139263000285.jpg,0,authentic,,,data/preprocessed/crop200_align16/LAION-400M_139263000285.png,308,500,144,48,200,200
LAION-400M/1633057006616,data/authentic/images/LAION-400M_1633057006616.jpg,0,authentic,,,data/preprocessed/crop200_align16/LAION-400M_1633057006616.png,1200,628,208,496,200,200
LAION-400M/2966655007018,data/authentic/images/LAION-400M_2966655007018.jpg,0,authentic,,,data/preprocessed/crop200_align16/LAION-400M_2966655007018.png,570,760,272,176,200,200
LAION-400M/1783536019945,data/authentic/images/LAION-400M_1783536019945.jpg,0,authentic,,,data/preprocessed/crop200_align16/LAION-400M_1783536019945.png,750,445,112,272,200,200
LAION-400M/208719008952,data/authentic/images/LAION-400M_208719008952.jpg,0,authentic,,,data/preprocessed/crop200_align16/LAION-400M_208719008952.png,800,533,160,288,200,200
LAION-400M/1499412007369,data/authentic/images/LAION-400M_1499412007369.jpg,0,authentic,,,data/preprocessed/crop200_align16/LAION-400M_1499412007369.png,362,478,128,80,200,200
LAION-400M/2430586026463,data/authentic/images/LAION-400M_2430586026463.jpg,0,authentic,,,data/preprocessed/crop200_align16/LAION-400M_2430586026463.png,300,236,16,48,200,200
LAION-400M/3452428003554,data/authentic/images/LAION-400M_3452428003554.jpg,0,authentic,,,data/preprocessed/crop200_align16/LAION-400M_3452428003554.png,560,560,176,176,200,200
LAION-400M/876455001516,data/authentic/images/LAION-400M_876455001516.jpg,0,authentic,,,data/preprocessed/crop200_align16/LAION-400M_876455001516.png,250,250,16,16,200,200
LAION-400M/2753856006365,data/authentic/images/LAION-400M_2753856006365.jpg,0,authentic,,,data/preprocessed/crop200_align16/LAION-400M_2753856006365.png,500,750,272,144,200,200
LAION-400M/2825005000116,data/authentic/images/LAION-400M_2825005000116.jpg,0,authentic,,,data/preprocessed/crop200_align16/LAION-400M_2825005000116.png,570,502,144,176,200,200
LAION-400M/460328000887,data/authentic/images/LAION-400M_460328000887.jpg,0,authentic,,,data/preprocessed/crop200_align16/LAION-400M_460328000887.png,400,300,48,96,200,200
LAION-400M/1778490007336,data/authentic/images/LAION-400M_1778490007336.jpg,0,authentic,,,data/preprocessed/crop200_align16/LAION-400M_1778490007336.png,300,300,48,48,200,200
LAION-400M/998105012793,data/authentic/images/LAION-400M_998105012793.jpg,0,authentic,,,data/preprocessed/crop200_align16/LAION-400M_998105012793.png,550,382,80,160,200,200
LAION-400M/3694610014063,data/authentic/images/LAION-400M_3694610014063.jpg,0,authentic,,,data/preprocessed/crop200_align16/LAION-400M_3694610014063.png,600,600,192,192,200,200
LAION-400M/2544502024255,data/authentic/images/LAION-400M_2544502024255.jpg,0,authentic,,,data/preprocessed/crop200_align16/LAION-400M_2544502024255.png,200,200,0,0,200,200
LAION-400M/2101804015110,data/authentic/images/LAION-400M_2101804015110.jpg,0,authentic,,,data/preprocessed/crop200_align16/LAION-400M_2101804015110.png,480,480,128,128,200,200
LAION-400M/976128073132,data/authentic/images/LAION-400M_976128073132.jpg,0,authentic,,,data/preprocessed/crop200_align16/LAION-400M_976128073132.png,1024,768,272,400,200,200
LAION-400M/1434407002297,data/authentic/images/LAION-400M_1434407002297.jpg,0,authentic,,,data/preprocessed/crop200_align16/LAION-400M_1434407002297.png,320,240,16,48,200,200
LAION-400M/10041023248,data/authentic/images/LAION-400M_10041023248.jpg,0,authentic,,,data/preprocessed/crop200_align16/LAION-400M_10041023248.png,285,475,128,32,200,200
LAION-400M/1848315022078,data/authentic/images/LAION-400M_1848315022078.jpg,0,authentic,,,data/preprocessed/crop200_align16/LAION-400M_1848315022078.png,290,435,112,32,200,200
LAION-400M/1355225006994,data/authentic/images/LAION-400M_1355225006994.jpg,0,authentic,,,data/preprocessed/crop200_align16/LAION-400M_1355225006994.png,600,800,288,192,200,200
LAION-400M/3448266014898,data/authentic/images/LAION-400M_3448266014898.jpg,0,authentic,,,data/preprocessed/crop200_align16/LAION-400M_3448266014898.png,300,275,32,48,200,200
LAION-400M/1739472019324,data/authentic/images/LAION-400M_1739472019324.jpg,0,authentic,,,data/preprocessed/crop200_align16/LAION-400M_1739472019324.png,626,352,64,208,200,200
LAION-400M/2066488003996,data/authentic/images/LAION-400M_2066488003996.jpg,0,authentic,,,data/preprocessed/crop200_align16/LAION-400M_2066488003996.png,736,736,256,256,200,200
LAION-400M/1309594016534,data/authentic/images/LAION-400M_1309594016534.jpg,0,authentic,,,data/preprocessed/crop200_align16/LAION-400M_1309594016534.png,1774,1774,784,784,200,200
LAION-400M/10528037755,data/authentic/images/LAION-400M_10528037755.jpg,0,authentic,,,data/preprocessed/crop200_align16/LAION-400M_10528037755.png,500,376,80,144,200,200
LAION-400M/1510499026355,data/authentic/images/LAION-400M_1510499026355.jpg,0,authentic,,,data/preprocessed/crop200_align16/LAION-400M_1510499026355.png,210,210,0,0,200,200
LAION-400M/3585138007816,data/authentic/images/LAION-400M_3585138007816.jpg,0,authentic,,,data/preprocessed/crop200_align16/LAION-400M_3585138007816.png,500,500,144,144,200,200
LAION-400M/2107592007764,data/authentic/images/LAION-400M_2107592007764.jpg,0,authentic,,,data/preprocessed/crop200_align16/LAION-400M_2107592007764.png,340,270,32,64,200,200
LAION-400M/3582315020254,data/authentic/images/LAION-400M_3582315020254.jpg,0,authentic,,,data/preprocessed/crop200_align16/LAION-400M_3582315020254.png,250,342,64,16,200,200
LAION-400M/1140379012307,data/authentic/images/LAION-400M_1140379012307.jpg,0,authentic,,,data/preprocessed/crop200_align16/LAION-400M_1140379012307.png,800,600,192,288,200,200
LAION-400M/1348392004468,data/authentic/images/LAION-400M_1348392004468.jpg,0,authentic,,,data/preprocessed/crop200_align16/LAION-400M_1348392004468.png,236,334,64,16,200,200
LAION-400M/2515334009380,data/authentic/images/LAION-400M_2515334009380.jpg,0,authentic,,,data/preprocessed/crop200_align16/LAION-400M_2515334009380.png,480,480,128,128,200,200
LAION-400M/1922020012764,data/authentic/images/LAION-400M_1922020012764.jpg,0,authentic,,,data/preprocessed/crop200_align16/LAION-400M_1922020012764.png,214,214,0,0,200,200
LAION-400M/1981252013628,data/authentic/images/LAION-400M_1981252013628.jpg,0,authentic,,,data/preprocessed/crop200_align16/LAION-400M_1981252013628.png,600,400,96,192,200,200
LAION-400M/1015867007085,data/authentic/images/LAION-400M_1015867007085.jpg,0,authentic,,,data/preprocessed/crop200_align16/LAION-400M_1015867007085.png,450,470,128,112,200,200
LAION-400M/2794968027484,data/authentic/images/LAION-400M_2794968027484.jpg,0,authentic,,,data/preprocessed/crop200_align16/LAION-400M_2794968027484.png,300,300,48,48,200,200
LAION-400M/1087399024385,data/authentic/images/LAION-400M_1087399024385.jpg,0,authentic,,,data/preprocessed/crop200_align16/LAION-400M_1087399024385.png,1000,1000,400,400,200,200
LAION-400M/107689002860,data/authentic/images/LAION-400M_107689002860.jpg,0,authentic,,,data/preprocessed/crop200_align16/LAION-400M_107689002860.png,506,900,336,144,200,200
LAION-400M/1323814015947,data/authentic/images/LAION-400M_1323814015947.jpg,0,authentic,,,data/preprocessed/crop200_align16/LAION-400M_1323814015947.png,241,331,64,16,200,200
LAION-400M/1922677014116,data/authentic/images/LAION-400M_1922677014116.jpg,0,authentic,,,data/preprocessed/crop200_align16/LAION-400M_1922677014116.png,310,310,48,48,200,200
LAION-400M/2566688020189,data/authentic/images/LAION-400M_2566688020189.jpg,0,authentic,,,data/preprocessed/crop200_align16/LAION-400M_2566688020189.png,240,240,16,16,200,200
LAION-400M/180486001828,data/authentic/images/LAION-400M_180486001828.jpg,0,authentic,,,data/preprocessed/crop200_align16/LAION-400M_180486001828.png,468,318,48,128,200,200
LAION-400M/3031866008053,data/authentic/images/LAION-400M_3031866008053.jpg,0,authentic,,,data/preprocessed/crop200_align16/LAION-400M_3031866008053.png,355,500,144,64,200,200
LAION-400M/2504613012265,data/authentic/images/LAION-400M_2504613012265.jpg,0,authentic,,,data/preprocessed/crop200_align16/LAION-400M_2504613012265.png,480,480,128,128,200,200
LAION-400M/2323956006646,data/authentic/images/LAION-400M_2323956006646.jpg,0,authentic,,,data/preprocessed/crop200_align16/LAION-400M_2323956006646.png,250,250,16,16,200,200
LAION-400M/1851653014288,data/authentic/images/LAION-400M_1851653014288.jpg,0,authentic,,,data/preprocessed/crop200_align16/LAION-400M_1851653014288.png,700,467,128,240,200,200
LAION-400M/2866031026800,data/authentic/images/LAION-400M_2866031026800.jpg,0,authentic,,,data/preprocessed/crop200_align16/LAION-400M_2866031026800.png,240,240,16,16,200,200
LAION-400M/3596994019881,data/authentic/images/LAION-400M_3596994019881.jpg,0,authentic,,,data/preprocessed/crop200_align16/LAION-400M_3596994019881.png,224,299,48,0,200,200
LAION-400M/845027007684,data/authentic/images/LAION-400M_845027007684.jpg,0,authentic,,,data/preprocessed/crop200_align16/LAION-400M_845027007684.png,249,479,128,16,200,200
LAION-400M/1171625019347,data/authentic/images/LAION-400M_1171625019347.jpg,0,authentic,,,data/preprocessed/crop200_align16/LAION-400M_1171625019347.png,236,335,64,16,200,200
LAION-400M/209997008440,data/authentic/images/LAION-400M_209997008440.jpg,0,authentic,,,data/preprocessed/crop200_align16/LAION-400M_209997008440.png,400,400,96,96,200,200
LAION-400M/3698444028880,data/authentic/images/LAION-400M_3698444028880.jpg,0,authentic,,,data/preprocessed/crop200_align16/LAION-400M_3698444028880.png,300,300,48,48,200,200
LAION-400M/3505530010563,data/authentic/images/LAION-400M_3505530010563.jpg,0,authentic,,,data/preprocessed/crop200_align16/LAION-400M_3505530010563.png,265,265,32,32,200,200
LAION-400M/3377700003501,data/authentic/images/LAION-400M_3377700003501.jpg,0,authentic,,,data/preprocessed/crop200_align16/LAION-400M_3377700003501.png,1280,720,256,528,200,200
LAION-400M/3300584021814,data/authentic/images/LAION-400M_3300584021814.jpg,0,authentic,,,data/preprocessed/crop200_align16/LAION-400M_3300584021814.png,400,400,96,96,200,200
LAION-400M/3063478007811,data/authentic/images/LAION-400M_3063478007811.jpg,0,authentic,,,data/preprocessed/crop200_align16/LAION-400M_3063478007811.png,2048,1536,656,912,200,200
LAION-400M/3610547023485,data/authentic/images/LAION-400M_3610547023485.jpg,0,authentic,,,data/preprocessed/crop200_align16/LAION-400M_3610547023485.png,360,360,80,80,200,200
LAION-400M/1197157023343,data/authentic/images/LAION-400M_1197157023343.jpg,0,authentic,,,data/preprocessed/crop200_align16/LAION-400M_1197157023343.png,564,751,272,176,200,200
LAION-400M/2649908018211,data/authentic/images/LAION-400M_2649908018211.jpg,0,authentic,,,data/preprocessed/crop200_align16/LAION-400M_2649908018211.png,600,401,96,192,200,200
LAION-400M/1848567002902,data/authentic/images/LAION-400M_1848567002902.jpg,0,authentic,,,data/preprocessed/crop200_align16/LAION-400M_1848567002902.png,200,200,0,0,200,200
LAION-400M/3297487023552,data/authentic/images/LAION-400M_3297487023552.jpg,0,authentic,,,data/preprocessed/crop200_align16/LAION-400M_3297487023552.png,360,427,112,80,200,200
LAION-400M/2761836002044,data/authentic/images/LAION-400M_2761836002044.jpg,0,authentic,,,data/preprocessed/crop200_align16/LAION-400M_2761836002044.png,300,300,48,48,200,200
LAION-400M/2667785023558,data/authentic/images/LAION-400M_2667785023558.jpg,0,authentic,,,data/preprocessed/crop200_align16/LAION-400M_2667785023558.png,332,500,144,64,200,200
LAION-400M/126138002903,data/authentic/images/LAION-400M_126138002903.jpg,0,authentic,,,data/preprocessed/crop200_align16/LAION-400M_126138002903.png,324,324,48,48,200,200
LAION-400M/2209615020599,data/authentic/images/LAION-400M_2209615020599.jpg,0,authentic,,,data/preprocessed/crop200_align16/LAION-400M_2209615020599.png,236,237,16,16,200,200
LAION-400M/1585199019767,data/authentic/images/LAION-400M_1585199019767.jpg,0,authentic,,,data/preprocessed/crop200_align16/LAION-400M_1585199019767.png,300,300,48,48,200,200
LAION-400M/3591042004390,data/authentic/images/LAION-400M_3591042004390.jpg,0,authentic,,,data/preprocessed/crop200_align16/LAION-400M_3591042004390.png,350,234,16,64,200,200
LAION-400M/2114166006458,data/authentic/images/LAION-400M_2114166006458.jpg,0,authentic,,,data/preprocessed/crop200_align16/LAION-400M_2114166006458.png,500,357,64,144,200,200
LAION-400M/2601207022565,data/authentic/images/LAION-400M_2601207022565.jpg,0,authentic,,,data/preprocessed/crop200_align16/LAION-400M_2601207022565.png,200,200,0,0,200,200
LAION-400M/1439101009557,data/authentic/images/LAION-400M_1439101009557.jpg,0,authentic,,,data/preprocessed/crop200_align16/LAION-400M_1439101009557.png,600,600,192,192,200,200
LAION-400M/142478002666,data/authentic/images/LAION-400M_142478002666.jpg,0,authentic,,,data/preprocessed/crop200_align16/LAION-400M_142478002666.png,500,333,64,144,200,200
LAION-400M/140910009777,data/authentic/images/LAION-400M_140910009777.jpg,0,authentic,,,data/preprocessed/crop200_align16/LAION-400M_140910009777.png,634,441,112,208,200,200
LAION-400M/2111479007408,data/authentic/images/LAION-400M_2111479007408.jpg,0,authentic,,,data/preprocessed/crop200_align16/LAION-400M_2111479007408.png,300,300,48,48,200,200
LAION-400M/656857013181,data/authentic/images/LAION-400M_656857013181.jpg,0,authentic,,,data/preprocessed/crop200_align16/LAION-400M_656857013181.png,450,311,48,112,200,200
LAION-400M/2124709005046,data/authentic/images/LAION-400M_2124709005046.jpg,0,authentic,,,data/preprocessed/crop200_align16/LAION-400M_2124709005046.png,354,255,16,64,200,200
LAION-400M/13027048123,data/authentic/images/LAION-400M_13027048123.jpg,0,authentic,,,data/preprocessed/crop200_align16/LAION-400M_13027048123.png,300,200,0,48,200,200
LAION-400M/2390777008046,data/authentic/images/LAION-400M_2390777008046.jpg,0,authentic,,,data/preprocessed/crop200_align16/LAION-400M_2390777008046.png,1500,2275,1024,640,200,200
LAION-400M/1721885007330,data/authentic/images/LAION-400M_1721885007330.jpg,0,authentic,,,data/preprocessed/crop200_align16/LAION-400M_1721885007330.png,633,895,336,208,200,200
LAION-400M/3377329003583,data/authentic/images/LAION-400M_3377329003583.jpg,0,authentic,,,data/preprocessed/crop200_align16/LAION-400M_3377329003583.png,350,350,64,64,200,200
LAION-400M/2270653022464,data/authentic/images/LAION-400M_2270653022464.jpg,0,authentic,,,data/preprocessed/crop200_align16/LAION-400M_2270653022464.png,400,502,144,96,200,200
LAION-400M/1258787013514,data/authentic/images/LAION-400M_1258787013514.jpg,0,authentic,,,data/preprocessed/crop200_align16/LAION-400M_1258787013514.png,300,300,48,48,200,200
LAION-400M/1277208004323,data/authentic/images/LAION-400M_1277208004323.jpg,0,authentic,,,data/preprocessed/crop200_align16/LAION-400M_1277208004323.png,310,380,80,48,200,200
LAION-400M/676256008695,data/authentic/images/LAION-400M_676256008695.jpg,0,authentic,,,data/preprocessed/crop200_align16/LAION-400M_676256008695.png,324,324,48,48,200,200
LAION-400M/853404021736,data/authentic/images/LAION-400M_853404021736.jpg,0,authentic,,,data/preprocessed/crop200_align16/LAION-400M_853404021736.png,236,574,176,16,200,200
LAION-400M/2413929003256,data/authentic/images/LAION-400M_2413929003256.jpg,0,authentic,,,data/preprocessed/crop200_align16/LAION-400M_2413929003256.png,474,727,256,128,200,200
LAION-400M/32473003855,data/authentic/images/LAION-400M_32473003855.jpg,0,authentic,,,data/preprocessed/crop200_align16/LAION-400M_32473003855.png,260,347,64,16,200,200
LAION-400M/3692787035447,data/authentic/images/LAION-400M_3692787035447.jpg,0,authentic,,,data/preprocessed/crop200_align16/LAION-400M_3692787035447.png,200,320,48,0,200,200
LAION-400M/1044072027639,data/authentic/images/LAION-400M_1044072027639.jpg,0,authentic,,,data/preprocessed/crop200_align16/LAION-400M_1044072027639.png,750,750,272,272,200,200
LAION-400M/2364258006932,data/authentic/images/LAION-400M_2364258006932.jpg,0,authentic,,,data/preprocessed/crop200_align16/LAION-400M_2364258006932.png,576,792,288,176,200,200
LAION-400M/1435244002453,data/authentic/images/LAION-400M_1435244002453.jpg,0,authentic,,,data/preprocessed/crop200_align16/LAION-400M_1435244002453.png,1500,2253,1024,640,200,200
LAION-400M/2136307006550,data/authentic/images/LAION-400M_2136307006550.jpg,0,authentic,,,data/preprocessed/crop200_align16/LAION-400M_2136307006550.png,340,270,32,64,200,200
LAION-400M/3194005015488,data/authentic/images/LAION-400M_3194005015488.jpg,0,authentic,,,data/preprocessed/crop200_align16/LAION-400M_3194005015488.png,725,544,160,256,200,200
LAION-400M/2881261013471,data/authentic/images/LAION-400M_2881261013471.jpg,0,authentic,,,data/preprocessed/crop200_align16/LAION-400M_2881261013471.png,300,300,48,48,200,200
LAION-400M/3495551024388,data/authentic/images/LAION-400M_3495551024388.jpg,0,authentic,,,data/preprocessed/crop200_align16/LAION-400M_3495551024388.png,324,324,48,48,200,200
LAION-400M/13599064318,data/authentic/images/LAION-400M_13599064318.jpg,0,authentic,,,data/preprocessed/crop200_align16/LAION-400M_13599064318.png,300,200,0,48,200,200
LAION-400M/2396400000520,data/authentic/images/LAION-400M_2396400000520.jpg,0,authentic,,,data/preprocessed/crop200_align16/LAION-400M_2396400000520.png,500,1000,400,144,200,200
LAION-400M/3155795023792,data/authentic/images/LAION-400M_3155795023792.jpg,0,authentic,,,data/preprocessed/crop200_align16/LAION-400M_3155795023792.png,600,900,336,192,200,200
LAION-400M/3047357036073,data/authentic/images/LAION-400M_3047357036073.jpg,0,authentic,,,data/preprocessed/crop200_align16/LAION-400M_3047357036073.png,300,250,16,48,200,200
LAION-400M/13591048067,data/authentic/images/LAION-400M_13591048067.jpg,0,authentic,,,data/preprocessed/crop200_align16/LAION-400M_13591048067.png,403,465,128,96,200,200
LAION-400M/1895143015136,data/authentic/images/LAION-400M_1895143015136.jpg,0,authentic,,,data/preprocessed/crop200_align16/LAION-400M_1895143015136.png,220,220,0,0,200,200
LAION-400M/3702480039039,data/authentic/images/LAION-400M_3702480039039.jpg,0,authentic,,,data/preprocessed/crop200_align16/LAION-400M_3702480039039.png,500,333,64,144,200,200
LAION-400M/2517802017346,data/authentic/images/LAION-400M_2517802017346.jpg,0,authentic,,,data/preprocessed/crop200_align16/LAION-400M_2517802017346.png,354,236,16,64,200,200
LAION-400M/3654743004036,data/authentic/images/LAION-400M_3654743004036.jpg,0,authentic,,,data/preprocessed/crop200_align16/LAION-400M_3654743004036.png,600,400,96,192,200,200
LAION-400M/1578430015620,data/authentic/images/LAION-400M_1578430015620.jpg,0,authentic,,,data/preprocessed/crop200_align16/LAION-400M_1578430015620.png,482,321,48,128,200,200
LAION-400M/1872351011322,data/authentic/images/LAION-400M_1872351011322.jpg,0,authentic,,,data/preprocessed/crop200_align16/LAION-400M_1872351011322.png,480,360,80,128,200,200
LAION-400M/3662915023854,data/authentic/images/LAION-400M_3662915023854.jpg,0,authentic,,,data/preprocessed/crop200_align16/LAION-400M_3662915023854.png,320,320,48,48,200,200
LAION-400M/2756363025064,data/authentic/images/LAION-400M_2756363025064.jpg,0,authentic,,,data/preprocessed/crop200_align16/LAION-400M_2756363025064.png,448,335,64,112,200,200
LAION-400M/36668004314,data/authentic/images/LAION-400M_36668004314.jpg,0,authentic,,,data/preprocessed/crop200_align16/LAION-400M_36668004314.png,400,400,96,96,200,200
LAION-400M/11555078796,data/authentic/images/LAION-400M_11555078796.jpg,0,authentic,,,data/preprocessed/crop200_align16/LAION-400M_11555078796.png,400,400,96,96,200,200
LAION-400M/1654817001233,data/authentic/images/LAION-400M_1654817001233.jpg,0,authentic,,,data/preprocessed/crop200_align16/LAION-400M_1654817001233.png,228,400,96,0,200,200
LAION-400M/15623024959,data/authentic/images/LAION-400M_15623024959.jpg,0,authentic,,,data/preprocessed/crop200_align16/LAION-400M_15623024959.png,216,216,0,0,200,200
LAION-400M/283252004827,data/authentic/images/LAION-400M_283252004827.jpg,0,authentic,,,data/preprocessed/crop200_align16/LAION-400M_283252004827.png,240,240,16,16,200,200
LAION-400M/2871462006661,data/authentic/images/LAION-400M_2871462006661.jpg,0,authentic,,,data/preprocessed/crop200_align16/LAION-400M_2871462006661.png,500,500,144,144,200,200
LAION-400M/759456004666,data/authentic/images/LAION-400M_759456004666.jpg,0,authentic,,,data/preprocessed/crop200_align16/LAION-400M_759456004666.png,620,340,64,208,200,200
LAION-400M/3269454015049,data/authentic/images/LAION-400M_3269454015049.jpg,0,authentic,,,data/preprocessed/crop200_align16/LAION-400M_3269454015049.png,320,213,0,48,200,200
LAION-400M/1920475014210,data/authentic/images/LAION-400M_1920475014210.jpg,0,authentic,,,data/preprocessed/crop200_align16/LAION-400M_1920475014210.png,500,600,192,144,200,200
LAION-400M/73560011377,data/authentic/images/LAION-400M_73560011377.jpg,0,authentic,,,data/preprocessed/crop200_align16/LAION-400M_73560011377.png,267,400,96,32,200,200
LAION-400M/981631005881,data/authentic/images/LAION-400M_981631005881.jpg,0,authentic,,,data/preprocessed/crop200_align16/LAION-400M_981631005881.png,236,213,0,16,200,200
LAION-400M/178391002413,data/authentic/images/LAION-400M_178391002413.jpg,0,authentic,,,data/preprocessed/crop200_align16/LAION-400M_178391002413.png,251,251,16,16,200,200
LAION-400M/64270008563,data/authentic/images/LAION-400M_64270008563.jpg,0,authentic,,,data/preprocessed/crop200_align16/LAION-400M_64270008563.png,480,360,80,128,200,200
LAION-400M/173859003646,data/authentic/images/LAION-400M_173859003646.jpg,0,authentic,,,data/preprocessed/crop200_align16/LAION-400M_173859003646.png,375,241,16,80,200,200
LAION-400M/1302127008150,data/authentic/images/LAION-400M_1302127008150.jpg,0,authentic,,,data/preprocessed/crop200_align16/LAION-400M_1302127008150.png,236,395,96,16,200,200
LAION-400M/2380305016399,data/authentic/images/LAION-400M_2380305016399.jpg,0,authentic,,,data/preprocessed/crop200_align16/LAION-400M_2380305016399.png,360,427,112,80,200,200
LAION-400M/1986127003207,data/authentic/images/LAION-400M_1986127003207.jpg,0,authentic,,,data/preprocessed/crop200_align16/LAION-400M_1986127003207.png,309,206,0,48,200,200
LAION-400M/3649165029507,data/authentic/images/LAION-400M_3649165029507.jpg,0,authentic,,,data/preprocessed/crop200_align16/LAION-400M_3649165029507.png,220,220,0,0,200,200
LAION-400M/2728120014492,data/authentic/images/LAION-400M_2728120014492.jpg,0,authentic,,,data/preprocessed/crop200_align16/LAION-400M_2728120014492.png,390,260,16,80,200,200
LAION-400M/1758168006018,data/authentic/images/LAION-400M_1758168006018.jpg,0,authentic,,,data/preprocessed/crop200_align16/LAION-400M_1758168006018.png,300,351,64,48,200,200
LAION-400M/2905594009115,data/authentic/images/LAION-400M_2905594009115.jpg,0,authentic,,,data/preprocessed/crop200_align16/LAION-400M_2905594009115.png,236,308,48,16,200,200
LAION-400M/3477423014558,data/authentic/images/LAION-400M_3477423014558.jpg,0,authentic,,,data/preprocessed/crop200_align16/LAION-400M_3477423014558.png,250,374,80,16,200,200
LAION-400M/1888799006386,data/authentic/images/LAION-400M_1888799006386.jpg,0,authentic,,,data/preprocessed/crop200_align16/LAION-400M_1888799006386.png,590,689,240,192,200,200
LAION-400M/3572509027503,data/authentic/images/LAION-400M_3572509027503.jpg,0,authentic,,,data/preprocessed/crop200_align16/LAION-400M_3572509027503.png,540,405,96,160,200,200
LAION-400M/1103613008755,data/authentic/images/LAION-400M_1103613008755.jpg,0,authentic,,,data/preprocessed/crop200_align16/LAION-400M_1103613008755.png,236,354,64,16,200,200
LAION-400M/1741382007190,data/authentic/images/LAION-400M_1741382007190.jpg,0,authentic,,,data/preprocessed/crop200_align16/LAION-400M_1741382007190.png,321,229,0,48,200,200
LAION-400M/3411286011901,data/authentic/images/LAION-400M_3411286011901.jpg,0,authentic,,,data/preprocessed/crop200_align16/LAION-400M_3411286011901.png,328,222,0,64,200,200
LAION-400M/2822114010789,data/authentic/images/LAION-400M_2822114010789.jpg,0,authentic,,,data/preprocessed/crop200_align16/LAION-400M_2822114010789.png,236,305,48,16,200,200
LAION-400M/64960005449,data/authentic/images/LAION-400M_64960005449.jpg,0,authentic,,,data/preprocessed/crop200_align16/LAION-400M_64960005449.png,324,324,48,48,200,200
LAION-400M/1989503002693,data/authentic/images/LAION-400M_1989503002693.jpg,0,authentic,,,data/preprocessed/crop200_align16/LAION-400M_1989503002693.png,474,472,128,128,200,200
LAION-400M/1176133015777,data/authentic/images/LAION-400M_1176133015777.jpg,0,authentic,,,data/preprocessed/crop200_align16/LAION-400M_1176133015777.png,284,398,96,32,200,200
LAION-400M/867708000332,data/authentic/images/LAION-400M_867708000332.jpg,0,authentic,,,data/preprocessed/crop200_align16/LAION-400M_867708000332.png,480,360,80,128,200,200
LAION-400M/1073956000515,data/authentic/images/LAION-400M_1073956000515.jpg,0,authentic,,,data/preprocessed/crop200_align16/LAION-400M_1073956000515.png,600,600,192,192,200,200
LAION-400M/244863001970,data/authentic/images/LAION-400M_244863001970.jpg,0,authentic,,,data/preprocessed/crop200_align16/LAION-400M_244863001970.png,238,250,16,16,200,200
LAION-400M/3675047034222,data/authentic/images/LAION-400M_3675047034222.jpg,0,authentic,,,data/preprocessed/crop200_align16/LAION-400M_3675047034222.png,300,300,48,48,200,200
RAISE/rd54ccff5t,data/authentic/images/RAISE_rd54ccff5t.jpg,0,authentic,,,data/preprocessed/crop200_align16/RAISE_rd54ccff5t.png,4928,3264,1520,2352,200,200
RAISE/re5f541f7t,data/authentic/images/RAISE_re5f541f7t.jpg,0,authentic,,,data/preprocessed/crop200_align16/RAISE_re5f541f7t.png,4928,3264,1520,2352,200,200
RAISE/r164c1e13t,data/authentic/images/RAISE_r164c1e13t.jpg,0,authentic,,,data/preprocessed/crop200_align16/RAISE_r164c1e13t.png,4928,3264,1520,2352,200,200
RAISE/rf075f9fat,data/authentic/images/RAISE_rf075f9fat.jpg,0,authentic,,,data/preprocessed/crop200_align16/RAISE_rf075f9fat.png,3264,4928,2352,1520,200,200
RAISE/rcc2f4ed1t,data/authentic/images/RAISE_rcc2f4ed1t.jpg,0,authentic,,,data/preprocessed/crop200_align16/RAISE_rcc2f4ed1t.png,2848,4288,2032,1312,200,200
RAISE/r6423cf23t,data/authentic/images/RAISE_r6423cf23t.jpg,0,authentic,,,data/preprocessed/crop200_align16/RAISE_r6423cf23t.png,4928,3264,1520,2352,200,200
RAISE/r146771d7t,data/authentic/images/RAISE_r146771d7t.jpg,0,authentic,,,data/preprocessed/crop200_align16/RAISE_r146771d7t.png,3264,4928,2352,1520,200,200
RAISE/r5815d03at,data/authentic/images/RAISE_r5815d03at.jpg,0,authentic,,,data/preprocessed/crop200_align16/RAISE_r5815d03at.png,2848,4288,2032,1312,200,200
RAISE/r53b68ce4t,data/authentic/images/RAISE_r53b68ce4t.jpg,0,authentic,,,data/preprocessed/crop200_align16/RAISE_r53b68ce4t.png,4928,3264,1520,2352,200,200
RAISE/ra4b6549dt,data/authentic/images/RAISE_ra4b6549dt.jpg,0,authentic,,,data/preprocessed/crop200_align16/RAISE_ra4b6549dt.png,4928,3264,1520,2352,200,200
RAISE/r26c98404t,data/authentic/images/RAISE_r26c98404t.jpg,0,authentic,,,data/preprocessed/crop200_align16/RAISE_r26c98404t.png,4288,2848,1312,2032,200,200
RAISE/ree36866dt,data/authentic/images/RAISE_ree36866dt.jpg,0,authentic,,,data/preprocessed/crop200_align16/RAISE_ree36866dt.png,4928,3264,1520,2352,200,200
RAISE/r263492c3t,data/authentic/images/RAISE_r263492c3t.jpg,0,authentic,,,data/preprocessed/crop200_align16/RAISE_r263492c3t.png,4928,3264,1520,2352,200,200
RAISE/r2d4d9861t,data/authentic/images/RAISE_r2d4d9861t.jpg,0,authentic,,,data/preprocessed/crop200_align16/RAISE_r2d4d9861t.png,4288,2848,1312,2032,200,200
RAISE/r15a0b476t,data/authentic/images/RAISE_r15a0b476t.jpg,0,authentic,,,data/preprocessed/crop200_align16/RAISE_r15a0b476t.png,4928,3264,1520,2352,200,200
RAISE/re3bc227dt,data/authentic/images/RAISE_re3bc227dt.jpg,0,authentic,,,data/preprocessed/crop200_align16/RAISE_re3bc227dt.png,4928,3264,1520,2352,200,200
RAISE/rd72b4279t,data/authentic/images/RAISE_rd72b4279t.jpg,0,authentic,,,data/preprocessed/crop200_align16/RAISE_rd72b4279t.png,4288,2848,1312,2032,200,200
RAISE/r6900acf0t,data/authentic/images/RAISE_r6900acf0t.jpg,0,authentic,,,data/preprocessed/crop200_align16/RAISE_r6900acf0t.png,4288,2848,1312,2032,200,200
RAISE/rd9188a3ct,data/authentic/images/RAISE_rd9188a3ct.jpg,0,authentic,,,data/preprocessed/crop200_align16/RAISE_rd9188a3ct.png,4928,3264,1520,2352,200,200
RAISE/r51025f5et,data/authentic/images/RAISE_r51025f5et.jpg,0,authentic,,,data/preprocessed/crop200_align16/RAISE_r51025f5et.png,3264,4928,2352,1520,200,200
RAISE/r3e8d174ct,data/authentic/images/RAISE_r3e8d174ct.jpg,0,authentic,,,data/preprocessed/crop200_align16/RAISE_r3e8d174ct.png,4928,3264,1520,2352,200,200
RAISE/rc589a8d6t,data/authentic/images/RAISE_rc589a8d6t.jpg,0,authentic,,,data/preprocessed/crop200_align16/RAISE_rc589a8d6t.png,4928,3264,1520,2352,200,200
RAISE/rfb6ed6eet,data/authentic/images/RAISE_rfb6ed6eet.jpg,0,authentic,,,data/preprocessed/crop200_align16/RAISE_rfb6ed6eet.png,4288,2848,1312,2032,200,200
RAISE/r2a151e6dt,data/authentic/images/RAISE_r2a151e6dt.jpg,0,authentic,,,data/preprocessed/crop200_align16/RAISE_r2a151e6dt.png,4928,3264,1520,2352,200,200
RAISE/r9d5307act,data/authentic/images/RAISE_r9d5307act.jpg,0,authentic,,,data/preprocessed/crop200_align16/RAISE_r9d5307act.png,4928,3264,1520,2352,200,200
RAISE/r7db6d214t,data/authentic/images/RAISE_r7db6d214t.jpg,0,authentic,,,data/preprocessed/crop200_align16/RAISE_r7db6d214t.png,4288,2848,1312,2032,200,200
RAISE/r76699a71t,data/authentic/images/RAISE_r76699a71t.jpg,0,authentic,,,data/preprocessed/crop200_align16/RAISE_r76699a71t.png,4928,3264,1520,2352,200,200
RAISE/rcaa0b48dt,data/authentic/images/RAISE_rcaa0b48dt.jpg,0,authentic,,,data/preprocessed/crop200_align16/RAISE_rcaa0b48dt.png,4288,2848,1312,2032,200,200
RAISE/r8e60f7d2t,data/authentic/images/RAISE_r8e60f7d2t.jpg,0,authentic,,,data/preprocessed/crop200_align16/RAISE_r8e60f7d2t.png,3264,4928,2352,1520,200,200
RAISE/r67ccfdabt,data/authentic/images/RAISE_r67ccfdabt.jpg,0,authentic,,,data/preprocessed/crop200_align16/RAISE_r67ccfdabt.png,4928,3264,1520,2352,200,200
RAISE/r2aad180ft,data/authentic/images/RAISE_r2aad180ft.jpg,0,authentic,,,data/preprocessed/crop200_align16/RAISE_r2aad180ft.png,4928,3264,1520,2352,200,200
RAISE/r16698b6et,data/authentic/images/RAISE_r16698b6et.jpg,0,authentic,,,data/preprocessed/crop200_align16/RAISE_r16698b6et.png,4928,3264,1520,2352,200,200
RAISE/r77896130t,data/authentic/images/RAISE_r77896130t.jpg,0,authentic,,,data/preprocessed/crop200_align16/RAISE_r77896130t.png,4928,3264,1520,2352,200,200
RAISE/r37267d0bt,data/authentic/images/RAISE_r37267d0bt.jpg,0,authentic,,,data/preprocessed/crop200_align16/RAISE_r37267d0bt.png,4928,3264,1520,2352,200,200
RAISE/r850e978dt,data/authentic/images/RAISE_r850e978dt.jpg,0,authentic,,,data/preprocessed/crop200_align16/RAISE_r850e978dt.png,4928,3264,1520,2352,200,200
RAISE/r1ec70fd3t,data/authentic/images/RAISE_r1ec70fd3t.jpg,0,authentic,,,data/preprocessed/crop200_align16/RAISE_r1ec70fd3t.png,4288,2848,1312,2032,200,200
RAISE/rc54a3103t,data/authentic/images/RAISE_rc54a3103t.jpg,0,authentic,,,data/preprocessed/crop200_align16/RAISE_rc54a3103t.png,4928,3264,1520,2352,200,200
RAISE/r698d9100t,data/authentic/images/RAISE_r698d9100t.jpg,0,authentic,,,data/preprocessed/crop200_align16/RAISE_r698d9100t.png,3264,4928,2352,1520,200,200
RAISE/raca79ceet,data/authentic/images/RAISE_raca79ceet.jpg,0,authentic,,,data/preprocessed/crop200_align16/RAISE_raca79ceet.png,4928,3264,1520,2352,200,200
RAISE/r0fae3dbdt,data/authentic/images/RAISE_r0fae3dbdt.jpg,0,authentic,,,data/preprocessed/crop200_align16/RAISE_r0fae3dbdt.png,2848,4288,2032,1312,200,200
RAISE/rc5828783t,data/authentic/images/RAISE_rc5828783t.jpg,0,authentic,,,data/preprocessed/crop200_align16/RAISE_rc5828783t.png,4928,3264,1520,2352,200,200
RAISE/r88fe447et,data/authentic/images/RAISE_r88fe447et.jpg,0,authentic,,,data/preprocessed/crop200_align16/RAISE_r88fe447et.png,3264,4928,2352,1520,200,200
RAISE/r64447afet,data/authentic/images/RAISE_r64447afet.jpg,0,authentic,,,data/preprocessed/crop200_align16/RAISE_r64447afet.png,4928,3264,1520,2352,200,200
RAISE/rfe5eb1c7t,data/authentic/images/RAISE_rfe5eb1c7t.jpg,0,authentic,,,data/preprocessed/crop200_align16/RAISE_rfe5eb1c7t.png,4928,3264,1520,2352,200,200
RAISE/rb2663285t,data/authentic/images/RAISE_rb2663285t.jpg,0,authentic,,,data/preprocessed/crop200_align16/RAISE_rb2663285t.png,2848,4288,2032,1312,200,200
RAISE/r3ac1b78et,data/authentic/images/RAISE_r3ac1b78et.jpg,0,authentic,,,data/preprocessed/crop200_align16/RAISE_r3ac1b78et.png,4928,3264,1520,2352,200,200
RAISE/rfcf5a802t,data/authentic/images/RAISE_rfcf5a802t.jpg,0,authentic,,,data/preprocessed/crop200_align16/RAISE_rfcf5a802t.png,4288,2848,1312,2032,200,200
RAISE/re3c7266ft,data/authentic/images/RAISE_re3c7266ft.jpg,0,authentic,,,data/preprocessed/crop200_align16/RAISE_re3c7266ft.png,4928,3264,1520,2352,200,200
RAISE/r6d133f14t,data/authentic/images/RAISE_r6d133f14t.jpg,0,authentic,,,data/preprocessed/crop200_align16/RAISE_r6d133f14t.png,4928,3264,1520,2352,200,200
RAISE/r505d386ft,data/authentic/images/RAISE_r505d386ft.jpg,0,authentic,,,data/preprocessed/crop200_align16/RAISE_r505d386ft.png,4928,3264,1520,2352,200,200
RAISE/r11e26097t,data/authentic/images/RAISE_r11e26097t.jpg,0,authentic,,,data/preprocessed/crop200_align16/RAISE_r11e26097t.png,4928,3264,1520,2352,200,200
RAISE/r7dc33bb0t,data/authentic/images/RAISE_r7dc33bb0t.jpg,0,authentic,,,data/preprocessed/crop200_align16/RAISE_r7dc33bb0t.png,4928,3264,1520,2352,200,200
RAISE/r2e2262dbt,data/authentic/images/RAISE_r2e2262dbt.jpg,0,authentic,,,data/preprocessed/crop200_align16/RAISE_r2e2262dbt.png,4928,3264,1520,2352,200,200
RAISE/r5059c20et,data/authentic/images/RAISE_r5059c20et.jpg,0,authentic,,,data/preprocessed/crop200_align16/RAISE_r5059c20et.png,4928,3264,1520,2352,200,200
RAISE/r45198b06t,data/authentic/images/RAISE_r45198b06t.jpg,0,authentic,,,data/preprocessed/crop200_align16/RAISE_r45198b06t.png,4928,3264,1520,2352,200,200
RAISE/rea503b5et,data/authentic/images/RAISE_rea503b5et.jpg,0,authentic,,,data/preprocessed/crop200_align16/RAISE_rea503b5et.png,4928,3264,1520,2352,200,200
RAISE/rf732cdd0t,data/authentic/images/RAISE_rf732cdd0t.jpg,0,authentic,,,data/preprocessed/crop200_align16/RAISE_rf732cdd0t.png,4288,2848,1312,2032,200,200
RAISE/re72f9e29t,data/authentic/images/RAISE_re72f9e29t.jpg,0,authentic,,,data/preprocessed/crop200_align16/RAISE_re72f9e29t.png,4288,2848,1312,2032,200,200
RAISE/r4b670ce3t,data/authentic/images/RAISE_r4b670ce3t.jpg,0,authentic,,,data/preprocessed/crop200_align16/RAISE_r4b670ce3t.png,4288,2848,1312,2032,200,200
RAISE/r61709e6ft,data/authentic/images/RAISE_r61709e6ft.jpg,0,authentic,,,data/preprocessed/crop200_align16/RAISE_r61709e6ft.png,2848,4288,2032,1312,200,200
RAISE/r90058c49t,data/authentic/images/RAISE_r90058c49t.jpg,0,authentic,,,data/preprocessed/crop200_align16/RAISE_r90058c49t.png,2000,3008,1392,896,200,200
RAISE/r7a855399t,data/authentic/images/RAISE_r7a855399t.jpg,0,authentic,,,data/preprocessed/crop200_align16/RAISE_r7a855399t.png,4928,3264,1520,2352,200,200
RAISE/r134ba6abt,data/authentic/images/RAISE_r134ba6abt.jpg,0,authentic,,,data/preprocessed/crop200_align16/RAISE_r134ba6abt.png,4928,3264,1520,2352,200,200
RAISE/r1db5be20t,data/authentic/images/RAISE_r1db5be20t.jpg,0,authentic,,,data/preprocessed/crop200_align16/RAISE_r1db5be20t.png,2848,4288,2032,1312,200,200
RAISE/r2f10af66t,data/authentic/images/RAISE_r2f10af66t.jpg,0,authentic,,,data/preprocessed/crop200_align16/RAISE_r2f10af66t.png,4928,3264,1520,2352,200,200
RAISE/r0d280006t,data/authentic/images/RAISE_r0d280006t.jpg,0,authentic,,,data/preprocessed/crop200_align16/RAISE_r0d280006t.png,4928,3264,1520,2352,200,200
RAISE/r096982ddt,data/authentic/images/RAISE_r096982ddt.jpg,0,authentic,,,data/preprocessed/crop200_align16/RAISE_r096982ddt.png,4288,2848,1312,2032,200,200
RAISE/r8df138a1t,data/authentic/images/RAISE_r8df138a1t.jpg,0,authentic,,,data/preprocessed/crop200_align16/RAISE_r8df138a1t.png,4928,3264,1520,2352,200,200
RAISE/r609a1b8ct,data/authentic/images/RAISE_r609a1b8ct.jpg,0,authentic,,,data/preprocessed/crop200_align16/RAISE_r609a1b8ct.png,4288,2848,1312,2032,200,200
RAISE/rf0428b81t,data/authentic/images/RAISE_rf0428b81t.jpg,0,authentic,,,data/preprocessed/crop200_align16/RAISE_rf0428b81t.png,4928,3264,1520,2352,200,200
RAISE/rbae3f1f0t,data/authentic/images/RAISE_rbae3f1f0t.jpg,0,authentic,,,data/preprocessed/crop200_align16/RAISE_rbae3f1f0t.png,4928,3264,1520,2352,200,200
RAISE/r73f2f0abt,data/authentic/images/RAISE_r73f2f0abt.jpg,0,authentic,,,data/preprocessed/crop200_align16/RAISE_r73f2f0abt.png,4928,3264,1520,2352,200,200
RAISE/r64ef4d68t,data/authentic/images/RAISE_r64ef4d68t.jpg,0,authentic,,,data/preprocessed/crop200_align16/RAISE_r64ef4d68t.png,4928,3264,1520,2352,200,200
RAISE/ra6f007d7t,data/authentic/images/RAISE_ra6f007d7t.jpg,0,authentic,,,data/preprocessed/crop200_align16/RAISE_ra6f007d7t.png,3264,4928,2352,1520,200,200
RAISE/r4bf69958t,data/authentic/images/RAISE_r4bf69958t.jpg,0,authentic,,,data/preprocessed/crop200_align16/RAISE_r4bf69958t.png,3264,4928,2352,1520,200,200
RAISE/rb4496bc8t,data/authentic/images/RAISE_rb4496bc8t.jpg,0,authentic,,,data/preprocessed/crop200_align16/RAISE_rb4496bc8t.png,4928,3264,1520,2352,200,200
RAISE/r7b10b3f8t,data/authentic/images/RAISE_r7b10b3f8t.jpg,0,authentic,,,data/preprocessed/crop200_align16/RAISE_r7b10b3f8t.png,4288,2848,1312,2032,200,200
RAISE/r01cbb7fdt,data/authentic/images/RAISE_r01cbb7fdt.jpg,0,authentic,,,data/preprocessed/crop200_align16/RAISE_r01cbb7fdt.png,4928,3264,1520,2352,200,200
RAISE/rb47de8f0t,data/authentic/images/RAISE_rb47de8f0t.jpg,0,authentic,,,data/preprocessed/crop200_align16/RAISE_rb47de8f0t.png,4288,2848,1312,2032,200,200
RAISE/r9df074b7t,data/authentic/images/RAISE_r9df074b7t.jpg,0,authentic,,,data/preprocessed/crop200_align16/RAISE_r9df074b7t.png,2848,4288,2032,1312,200,200
RAISE/r2db3db79t,data/authentic/images/RAISE_r2db3db79t.jpg,0,authentic,,,data/preprocessed/crop200_align16/RAISE_r2db3db79t.png,4928,3264,1520,2352,200,200
RAISE/ra3d8ad37t,data/authentic/images/RAISE_ra3d8ad37t.jpg,0,authentic,,,data/preprocessed/crop200_align16/RAISE_ra3d8ad37t.png,4928,3264,1520,2352,200,200
RAISE/r65124648t,data/authentic/images/RAISE_r65124648t.jpg,0,authentic,,,data/preprocessed/crop200_align16/RAISE_r65124648t.png,4928,3264,1520,2352,200,200
RAISE/r9d395b72t,data/authentic/images/RAISE_r9d395b72t.jpg,0,authentic,,,data/preprocessed/crop200_align16/RAISE_r9d395b72t.png,4928,3264,1520,2352,200,200
RAISE/r81d84a87t,data/authentic/images/RAISE_r81d84a87t.jpg,0,authentic,,,data/preprocessed/crop200_align16/RAISE_r81d84a87t.png,3264,4928,2352,1520,200,200
RAISE/r7fce61c5t,data/authentic/images/RAISE_r7fce61c5t.jpg,0,authentic,,,data/preprocessed/crop200_align16/RAISE_r7fce61c5t.png,4928,3264,1520,2352,200,200
RAISE/re3b83ba2t,data/authentic/images/RAISE_re3b83ba2t.jpg,0,authentic,,,data/preprocessed/crop200_align16/RAISE_re3b83ba2t.png,4928,3264,1520,2352,200,200
RAISE/r6a688b40t,data/authentic/images/RAISE_r6a688b40t.jpg,0,authentic,,,data/preprocessed/crop200_align16/RAISE_r6a688b40t.png,4928,3264,1520,2352,200,200
RAISE/rd489873dt,data/authentic/images/RAISE_rd489873dt.jpg,0,authentic,,,data/preprocessed/crop200_align16/RAISE_rd489873dt.png,2848,4288,2032,1312,200,200
RAISE/r07df029bt,data/authentic/images/RAISE_r07df029bt.jpg,0,authentic,,,data/preprocessed/crop200_align16/RAISE_r07df029bt.png,4928,3264,1520,2352,200,200
RAISE/r7defe377t,data/authentic/images/RAISE_r7defe377t.jpg,0,authentic,,,data/preprocessed/crop200_align16/RAISE_r7defe377t.png,4928,3264,1520,2352,200,200
RAISE/r530da4d4t,data/authentic/images/RAISE_r530da4d4t.jpg,0,authentic,,,data/preprocessed/crop200_align16/RAISE_r530da4d4t.png,3264,4928,2352,1520,200,200
RAISE/rfa156216t,data/authentic/images/RAISE_rfa156216t.jpg,0,authentic,,,data/preprocessed/crop200_align16/RAISE_rfa156216t.png,4928,3264,1520,2352,200,200
RAISE/ra99fedb4t,data/authentic/images/RAISE_ra99fedb4t.jpg,0,authentic,,,data/preprocessed/crop200_align16/RAISE_ra99fedb4t.png,4928,3264,1520,2352,200,200
RAISE/r773f8054t,data/authentic/images/RAISE_r773f8054t.jpg,0,authentic,,,data/preprocessed/crop200_align16/RAISE_r773f8054t.png,3264,4928,2352,1520,200,200
RAISE/r422c5921t,data/authentic/images/RAISE_r422c5921t.jpg,0,authentic,,,data/preprocessed/crop200_align16/RAISE_r422c5921t.png,4288,2848,1312,2032,200,200
RAISE/r44f1649at,data/authentic/images/RAISE_r44f1649at.jpg,0,authentic,,,data/preprocessed/crop200_align16/RAISE_r44f1649at.png,4288,2848,1312,2032,200,200
RAISE/r7b7af778t,data/authentic/images/RAISE_r7b7af778t.jpg,0,authentic,,,data/preprocessed/crop200_align16/RAISE_r7b7af778t.png,4928,3264,1520,2352,200,200
RAISE/rf3fbbe95t,data/authentic/images/RAISE_rf3fbbe95t.jpg,0,authentic,,,data/preprocessed/crop200_align16/RAISE_rf3fbbe95t.png,4928,3264,1520,2352,200,200
RAISE/rd3300f09t,data/authentic/images/RAISE_rd3300f09t.jpg,0,authentic,,,data/preprocessed/crop200_align16/RAISE_rd3300f09t.png,4928,3264,1520,2352,200,200
RAISE/r0a5d7cb6t,data/authentic/images/RAISE_r0a5d7cb6t.jpg,0,authentic,,,data/preprocessed/crop200_align16/RAISE_r0a5d7cb6t.png,4288,2848,1312,2032,200,200
RAISE/r1d00d8ect,data/authentic/images/RAISE_r1d00d8ect.jpg,0,authentic,,,data/preprocessed/crop200_align16/RAISE_r1d00d8ect.png,3264,4928,2352,1520,200,200
RAISE/r775e93f7t,data/authentic/images/RAISE_r775e93f7t.jpg,0,authentic,,,data/preprocessed/crop200_align16/RAISE_r775e93f7t.png,4928,3264,1520,2352,200,200
RAISE/r6f9a60dat,data/authentic/images/RAISE_r6f9a60dat.jpg,0,authentic,,,data/preprocessed/crop200_align16/RAISE_r6f9a60dat.png,3264,4928,2352,1520,200,200
RAISE/r8ff9ad9et,data/authentic/images/RAISE_r8ff9ad9et.jpg,0,authentic,,,data/preprocessed/crop200_align16/RAISE_r8ff9ad9et.png,2848,4288,2032,1312,200,200
RAISE/r12cebbd2t,data/authentic/images/RAISE_r12cebbd2t.jpg,0,authentic,,,data/preprocessed/crop200_align16/RAISE_r12cebbd2t.png,3264,4928,2352,1520,200,200
RAISE/re6065c91t,data/authentic/images/RAISE_re6065c91t.jpg,0,authentic,,,data/preprocessed/crop200_align16/RAISE_re6065c91t.png,3264,4928,2352,1520,200,200
RAISE/r8488c4b6t,data/authentic/images/RAISE_r8488c4b6t.jpg,0,authentic,,,data/preprocessed/crop200_align16/RAISE_r8488c4b6t.png,4928,3264,1520,2352,200,200
RAISE/r7dc245a1t,data/authentic/images/RAISE_r7dc245a1t.jpg,0,authentic,,,data/preprocessed/crop200_align16/RAISE_r7dc245a1t.png,2848,4288,2032,1312,200,200
RAISE/rc11ffb12t,data/authentic/images/RAISE_rc11ffb12t.jpg,0,authentic,,,data/preprocessed/crop200_align16/RAISE_rc11ffb12t.png,4928,3264,1520,2352,200,200
RAISE/r98ed0851t,data/authentic/images/RAISE_r98ed0851t.jpg,0,authentic,,,data/preprocessed/crop200_align16/RAISE_r98ed0851t.png,2848,4288,2032,1312,200,200
RAISE/r0b7b1156t,data/authentic/images/RAISE_r0b7b1156t.jpg,0,authentic,,,data/preprocessed/crop200_align16/RAISE_r0b7b1156t.png,4928,3264,1520,2352,200,200
RAISE/r9550384ft,data/authentic/images/RAISE_r9550384ft.jpg,0,authentic,,,data/preprocessed/crop200_align16/RAISE_r9550384ft.png,4928,3264,1520,2352,200,200
RAISE/r1a170ddbt,data/authentic/images/RAISE_r1a170ddbt.jpg,0,authentic,,,data/preprocessed/crop200_align16/RAISE_r1a170ddbt.png,3264,4928,2352,1520,200,200
RAISE/r244acef7t,data/authentic/images/RAISE_r244acef7t.jpg,0,authentic,,,data/preprocessed/crop200_align16/RAISE_r244acef7t.png,4928,3264,1520,2352,200,200
RAISE/rde288c08t,data/authentic/images/RAISE_rde288c08t.jpg,0,authentic,,,data/preprocessed/crop200_align16/RAISE_rde288c08t.png,2848,4288,2032,1312,200,200
RAISE/r31407c4ct,data/authentic/images/RAISE_r31407c4ct.jpg,0,authentic,,,data/preprocessed/crop200_align16/RAISE_r31407c4ct.png,4928,3264,1520,2352,200,200
RAISE/rc6fe201at,data/authentic/images/RAISE_rc6fe201at.jpg,0,authentic,,,data/preprocessed/crop200_align16/RAISE_rc6fe201at.png,4928,3264,1520,2352,200,200
RAISE/rf1408abdt,data/authentic/images/RAISE_rf1408abdt.jpg,0,authentic,,,data/preprocessed/crop200_align16/RAISE_rf1408abdt.png,3264,4928,2352,1520,200,200
RAISE/r6569d553t,data/authentic/images/RAISE_r6569d553t.jpg,0,authentic,,,data/preprocessed/crop200_align16/RAISE_r6569d553t.png,4928,3264,1520,2352,200,200
RAISE/r4b9d29b8t,data/authentic/images/RAISE_r4b9d29b8t.jpg,0,authentic,,,data/preprocessed/crop200_align16/RAISE_r4b9d29b8t.png,4928,3264,1520,2352,200,200
RAISE/r99101faft,data/authentic/images/RAISE_r99101faft.jpg,0,authentic,,,data/preprocessed/crop200_align16/RAISE_r99101faft.png,4928,3264,1520,2352,200,200
RAISE/r94c5074at,data/authentic/images/RAISE_r94c5074at.jpg,0,authentic,,,data/preprocessed/crop200_align16/RAISE_r94c5074at.png,4928,3264,1520,2352,200,200
RAISE/r5492235bt,data/authentic/images/RAISE_r5492235bt.jpg,0,authentic,,,data/preprocessed/crop200_align16/RAISE_r5492235bt.png,4928,3264,1520,2352,200,200
RAISE/r57468cb2t,data/authentic/images/RAISE_r57468cb2t.jpg,0,authentic,,,data/preprocessed/crop200_align16/RAISE_r57468cb2t.png,3264,4928,2352,1520,200,200
RAISE/r0b07b945t,data/authentic/images/RAISE_r0b07b945t.jpg,0,authentic,,,data/preprocessed/crop200_align16/RAISE_r0b07b945t.png,4928,3264,1520,2352,200,200
RAISE/ra7232b2ft,data/authentic/images/RAISE_ra7232b2ft.jpg,0,authentic,,,data/preprocessed/crop200_align16/RAISE_ra7232b2ft.png,4288,2848,1312,2032,200,200
RAISE/rab8752fbt,data/authentic/images/RAISE_rab8752fbt.jpg,0,authentic,,,data/preprocessed/crop200_align16/RAISE_rab8752fbt.png,4928,3264,1520,2352,200,200
RAISE/r19835fbft,data/authentic/images/RAISE_r19835fbft.jpg,0,authentic,,,data/preprocessed/crop200_align16/RAISE_r19835fbft.png,4928,3264,1520,2352,200,200
RAISE/r22c85aact,data/authentic/images/RAISE_r22c85aact.jpg,0,authentic,,,data/preprocessed/crop200_align16/RAISE_r22c85aact.png,4928,3264,1520,2352,200,200
RAISE/rc0eda2cft,data/authentic/images/RAISE_rc0eda2cft.jpg,0,authentic,,,data/preprocessed/crop200_align16/RAISE_rc0eda2cft.png,4928,3264,1520,2352,200,200
RAISE/ra20632e1t,data/authentic/images/RAISE_ra20632e1t.jpg,0,authentic,,,data/preprocessed/crop200_align16/RAISE_ra20632e1t.png,4928,3264,1520,2352,200,200
RAISE/rd156b2a5t,data/authentic/images/RAISE_rd156b2a5t.jpg,0,authentic,,,data/preprocessed/crop200_align16/RAISE_rd156b2a5t.png,4928,3264,1520,2352,200,200
RAISE/r9eb90a98t,data/authentic/images/RAISE_r9eb90a98t.jpg,0,authentic,,,data/preprocessed/crop200_align16/RAISE_r9eb90a98t.png,2848,4288,2032,1312,200,200
RAISE/r0a42c0f6t,data/authentic/images/RAISE_r0a42c0f6t.jpg,0,authentic,,,data/preprocessed/crop200_align16/RAISE_r0a42c0f6t.png,4928,3264,1520,2352,200,200
RAISE/r26c3ec0ct,data/authentic/images/RAISE_r26c3ec0ct.jpg,0,authentic,,,data/preprocessed/crop200_align16/RAISE_r26c3ec0ct.png,4928,3264,1520,2352,200,200
RAISE/r57384f06t,data/authentic/images/RAISE_r57384f06t.jpg,0,authentic,,,data/preprocessed/crop200_align16/RAISE_r57384f06t.png,4928,3264,1520,2352,200,200
RAISE/r4dddfadbt,data/authentic/images/RAISE_r4dddfadbt.jpg,0,authentic,,,data/preprocessed/crop200_align16/RAISE_r4dddfadbt.png,4928,3264,1520,2352,200,200
RAISE/r662c01bdt,data/authentic/images/RAISE_r662c01bdt.jpg,0,authentic,,,data/preprocessed/crop200_align16/RAISE_r662c01bdt.png,4288,2848,1312,2032,200,200
RAISE/r622b6cbft,data/authentic/images/RAISE_r622b6cbft.jpg,0,authentic,,,data/preprocessed/crop200_align16/RAISE_r622b6cbft.png,4288,2848,1312,2032,200,200
RAISE/r185929e9t,data/authentic/images/RAISE_r185929e9t.jpg,0,authentic,,,data/preprocessed/crop200_align16/RAISE_r185929e9t.png,4928,3264,1520,2352,200,200
RAISE/r229fa722t,data/authentic/images/RAISE_r229fa722t.jpg,0,authentic,,,data/preprocessed/crop200_align16/RAISE_r229fa722t.png,3264,4928,2352,1520,200,200
RAISE/ra04cbebet,data/authentic/images/RAISE_ra04cbebet.jpg,0,authentic,,,data/preprocessed/crop200_align16/RAISE_ra04cbebet.png,4928,3264,1520,2352,200,200
RAISE/r20abcc53t,data/authentic/images/RAISE_r20abcc53t.jpg,0,authentic,,,data/preprocessed/crop200_align16/RAISE_r20abcc53t.png,2848,4288,2032,1312,200,200
RAISE/r58bfcffat,data/authentic/images/RAISE_r58bfcffat.jpg,0,authentic,,,data/preprocessed/crop200_align16/RAISE_r58bfcffat.png,4928,3264,1520,2352,200,200
RAISE/r529f6502t,data/authentic/images/RAISE_r529f6502t.jpg,0,authentic,,,data/preprocessed/crop200_align16/RAISE_r529f6502t.png,4928,3264,1520,2352,200,200
RAISE/r9addc6c1t,data/authentic/images/RAISE_r9addc6c1t.jpg,0,authentic,,,data/preprocessed/crop200_align16/RAISE_r9addc6c1t.png,4928,3264,1520,2352,200,200
RAISE/ra95f5efet,data/authentic/images/RAISE_ra95f5efet.jpg,0,authentic,,,data/preprocessed/crop200_align16/RAISE_ra95f5efet.png,4928,3264,1520,2352,200,200
RAISE/r1cad9823t,data/authentic/images/RAISE_r1cad9823t.jpg,0,authentic,,,data/preprocessed/crop200_align16/RAISE_r1cad9823t.png,4928,3264,1520,2352,200,200
RAISE/r55d0b9a1t,data/authentic/images/RAISE_r55d0b9a1t.jpg,0,authentic,,,data/preprocessed/crop200_align16/RAISE_r55d0b9a1t.png,4288,2848,1312,2032,200,200
RAISE/r9d614e15t,data/authentic/images/RAISE_r9d614e15t.jpg,0,authentic,,,data/preprocessed/crop200_align16/RAISE_r9d614e15t.png,4928,3264,1520,2352,200,200
RAISE/r1a7b8c42t,data/authentic/images/RAISE_r1a7b8c42t.jpg,0,authentic,,,data/preprocessed/crop200_align16/RAISE_r1a7b8c42t.png,2848,4288,2032,1312,200,200
RAISE/r2635711at,data/authentic/images/RAISE_r2635711at.jpg,0,authentic,,,data/preprocessed/crop200_align16/RAISE_r2635711at.png,3264,4928,2352,1520,200,200
RAISE/r9b08456dt,data/authentic/images/RAISE_r9b08456dt.jpg,0,authentic,,,data/preprocessed/crop200_align16/RAISE_r9b08456dt.png,4928,3264,1520,2352,200,200
RAISE/r5e4ce8eat,data/authentic/images/RAISE_r5e4ce8eat.jpg,0,authentic,,,data/preprocessed/crop200_align16/RAISE_r5e4ce8eat.png,3264,4928,2352,1520,200,200
RAISE/r6eb43941t,data/authentic/images/RAISE_r6eb43941t.jpg,0,authentic,,,data/preprocessed/crop200_align16/RAISE_r6eb43941t.png,3264,4928,2352,1520,200,200
RAISE/r78261697t,data/authentic/images/RAISE_r78261697t.jpg,0,authentic,,,data/preprocessed/crop200_align16/RAISE_r78261697t.png,4928,3264,1520,2352,200,200
RAISE/r90fc9201t,data/authentic/images/RAISE_r90fc9201t.jpg,0,authentic,,,data/preprocessed/crop200_align16/RAISE_r90fc9201t.png,4288,2848,1312,2032,200,200
RAISE/r033daaa0t,data/authentic/images/RAISE_r033daaa0t.jpg,0,authentic,,,data/preprocessed/crop200_align16/RAISE_r033daaa0t.png,4928,3264,1520,2352,200,200
RAISE/rb2e9b20et,data/authentic/images/RAISE_rb2e9b20et.jpg,0,authentic,,,data/preprocessed/crop200_align16/RAISE_rb2e9b20et.png,4288,2848,1312,2032,200,200
RAISE/r23b8ee7ft,data/authentic/images/RAISE_r23b8ee7ft.jpg,0,authentic,,,data/preprocessed/crop200_align16/RAISE_r23b8ee7ft.png,4288,2848,1312,2032,200,200
RAISE/rdc3bdbaat,data/authentic/images/RAISE_rdc3bdbaat.jpg,0,authentic,,,data/preprocessed/crop200_align16/RAISE_rdc3bdbaat.png,4928,3264,1520,2352,200,200
RAISE/rc7b771d1t,data/authentic/images/RAISE_rc7b771d1t.jpg,0,authentic,,,data/preprocessed/crop200_align16/RAISE_rc7b771d1t.png,4928,3264,1520,2352,200,200
RAISE/re16e9844t,data/authentic/images/RAISE_re16e9844t.jpg,0,authentic,,,data/preprocessed/crop200_align16/RAISE_re16e9844t.png,4288,2848,1312,2032,200,200
RAISE/rf9b6ac8dt,data/authentic/images/RAISE_rf9b6ac8dt.jpg,0,authentic,,,data/preprocessed/crop200_align16/RAISE_rf9b6ac8dt.png,4928,3264,1520,2352,200,200
RAISE/r1a0f5585t,data/authentic/images/RAISE_r1a0f5585t.jpg,0,authentic,,,data/preprocessed/crop200_align16/RAISE_r1a0f5585t.png,4928,3264,1520,2352,200,200
RAISE/rc5676b6dt,data/authentic/images/RAISE_rc5676b6dt.jpg,0,authentic,,,data/preprocessed/crop200_align16/RAISE_rc5676b6dt.png,4928,3264,1520,2352,200,200
RAISE/r645823eft,data/authentic/images/RAISE_r645823eft.jpg,0,authentic,,,data/preprocessed/crop200_align16/RAISE_r645823eft.png,4928,3264,1520,2352,200,200
RAISE/rc549c53at,data/authentic/images/RAISE_rc549c53at.jpg,0,authentic,,,data/preprocessed/crop200_align16/RAISE_rc549c53at.png,4288,2848,1312,2032,200,200
RAISE/r28ec0cc3t,data/authentic/images/RAISE_r28ec0cc3t.jpg,0,authentic,,,data/preprocessed/crop200_align16/RAISE_r28ec0cc3t.png,4928,3264,1520,2352,200,200
RAISE/r51f7db1bt,data/authentic/images/RAISE_r51f7db1bt.jpg,0,authentic,,,data/preprocessed/crop200_align16/RAISE_r51f7db1bt.png,4928,3264,1520,2352,200,200
RAISE/r80cebbbet,data/authentic/images/RAISE_r80cebbbet.jpg,0,authentic,,,data/preprocessed/crop200_align16/RAISE_r80cebbbet.png,2848,4288,2032,1312,200,200
RAISE/r6d3e4d68t,data/authentic/images/RAISE_r6d3e4d68t.jpg,0,authentic,,,data/preprocessed/crop200_align16/RAISE_r6d3e4d68t.png,4288,2848,1312,2032,200,200
RAISE/r76dc7392t,data/authentic/images/RAISE_r76dc7392t.jpg,0,authentic,,,data/preprocessed/crop200_align16/RAISE_r76dc7392t.png,3264,4928,2352,1520,200,200
RAISE/r13073518t,data/authentic/images/RAISE_r13073518t.jpg,0,authentic,,,data/preprocessed/crop200_align16/RAISE_r13073518t.png,4288,2848,1312,2032,200,200
RAISE/r3a599d9ft,data/authentic/images/RAISE_r3a599d9ft.jpg,0,authentic,,,data/preprocessed/crop200_align16/RAISE_r3a599d9ft.png,4928,3264,1520,2352,200,200
RAISE/r043951a3t,data/authentic/images/RAISE_r043951a3t.jpg,0,authentic,,,data/preprocessed/crop200_align16/RAISE_r043951a3t.png,3264,4928,2352,1520,200,200
RAISE/r065a0da9t,data/authentic/images/RAISE_r065a0da9t.jpg,0,authentic,,,data/preprocessed/crop200_align16/RAISE_r065a0da9t.png,4288,2848,1312,2032,200,200
RAISE/r2d588ad7t,data/authentic/images/RAISE_r2d588ad7t.jpg,0,authentic,,,data/preprocessed/crop200_align16/RAISE_r2d588ad7t.png,3264,4928,2352,1520,200,200
RAISE/rc69ac48dt,data/authentic/images/RAISE_rc69ac48dt.jpg,0,authentic,,,data/preprocessed/crop200_align16/RAISE_rc69ac48dt.png,4288,2848,1312,2032,200,200
RAISE/reb3e5596t,data/authentic/images/RAISE_reb3e5596t.jpg,0,authentic,,,data/preprocessed/crop200_align16/RAISE_reb3e5596t.png,4928,3264,1520,2352,200,200
RAISE/re3ddc7det,data/authentic/images/RAISE_re3ddc7det.jpg,0,authentic,,,data/preprocessed/crop200_align16/RAISE_re3ddc7det.png,4928,3264,1520,2352,200,200
RAISE/r70e20ef5t,data/authentic/images/RAISE_r70e20ef5t.jpg,0,authentic,,,data/preprocessed/crop200_align16/RAISE_r70e20ef5t.png,4928,3264,1520,2352,200,200
RAISE/r5f41b3e1t,data/authentic/images/RAISE_r5f41b3e1t.jpg,0,authentic,,,data/preprocessed/crop200_align16/RAISE_r5f41b3e1t.png,4928,3264,1520,2352,200,200
RAISE/racdfb1b1t,data/authentic/images/RAISE_racdfb1b1t.jpg,0,authentic,,,data/preprocessed/crop200_align16/RAISE_racdfb1b1t.png,3264,4928,2352,1520,200,200
RAISE/rd8793e4bt,data/authentic/images/RAISE_rd8793e4bt.jpg,0,authentic,,,data/preprocessed/crop200_align16/RAISE_rd8793e4bt.png,4928,3264,1520,2352,200,200
RAISE/r9650ee8dt,data/authentic/images/RAISE_r9650ee8dt.jpg,0,authentic,,,data/preprocessed/crop200_align16/RAISE_r9650ee8dt.png,4928,3264,1520,2352,200,200
RAISE/r2261eff5t,data/authentic/images/RAISE_r2261eff5t.jpg,0,authentic,,,data/preprocessed/crop200_align16/RAISE_r2261eff5t.png,2848,4288,2032,1312,200,200
RAISE/r419471c0t,data/authentic/images/RAISE_r419471c0t.jpg,0,authentic,,,data/preprocessed/crop200_align16/RAISE_r419471c0t.png,4928,3264,1520,2352,200,200
RAISE/rd6ea5be5t,data/authentic/images/RAISE_rd6ea5be5t.jpg,0,authentic,,,data/preprocessed/crop200_align16/RAISE_rd6ea5be5t.png,4928,3264,1520,2352,200,200
RAISE/ra542038et,data/authentic/images/RAISE_ra542038et.jpg,0,authentic,,,data/preprocessed/crop200_align16/RAISE_ra542038et.png,4288,2848,1312,2032,200,200
RAISE/r49cb97b4t,data/authentic/images/RAISE_r49cb97b4t.jpg,0,authentic,,,data/preprocessed/crop200_align16/RAISE_r49cb97b4t.png,4928,3264,1520,2352,200,200
RAISE/r6b40a1aft,data/authentic/images/RAISE_r6b40a1aft.jpg,0,authentic,,,data/preprocessed/crop200_align16/RAISE_r6b40a1aft.png,3264,4928,2352,1520,200,200
RAISE/rb8f99643t,data/authentic/images/RAISE_rb8f99643t.jpg,0,authentic,,,data/preprocessed/crop200_align16/RAISE_rb8f99643t.png,4928,3264,1520,2352,200,200
RAISE/r5a6164c6t,data/authentic/images/RAISE_r5a6164c6t.jpg,0,authentic,,,data/preprocessed/crop200_align16/RAISE_r5a6164c6t.png,2848,4288,2032,1312,200,200
RAISE/rba31fbaat,data/authentic/images/RAISE_rba31fbaat.jpg,0,authentic,,,data/preprocessed/crop200_align16/RAISE_rba31fbaat.png,4928,3264,1520,2352,200,200
RAISE/rd0ec4e97t,data/authentic/images/RAISE_rd0ec4e97t.jpg,0,authentic,,,data/preprocessed/crop200_align16/RAISE_rd0ec4e97t.png,4928,3264,1520,2352,200,200
RAISE/rb068ee73t,data/authentic/images/RAISE_rb068ee73t.jpg,0,authentic,,,data/preprocessed/crop200_align16/RAISE_rb068ee73t.png,4928,3264,1520,2352,200,200
RAISE/r61611af9t,data/authentic/images/RAISE_r61611af9t.jpg,0,authentic,,,data/preprocessed/crop200_align16/RAISE_r61611af9t.png,4928,3264,1520,2352,200,200
RAISE/r23d1f858t,data/authentic/images/RAISE_r23d1f858t.jpg,0,authentic,,,data/preprocessed/crop200_align16/RAISE_r23d1f858t.png,4928,3264,1520,2352,200,200
RAISE/rd7513783t,data/authentic/images/RAISE_rd7513783t.jpg,0,authentic,,,data/preprocessed/crop200_align16/RAISE_rd7513783t.png,4928,3264,1520,2352,200,200
RAISE/r9348b3cet,data/authentic/images/RAISE_r9348b3cet.jpg,0,authentic,,,data/preprocessed/crop200_align16/RAISE_r9348b3cet.png,4928,3264,1520,2352,200,200
RAISE/re03af402t,data/authentic/images/RAISE_re03af402t.jpg,0,authentic,,,data/preprocessed/crop200_align16/RAISE_re03af402t.png,3264,4928,2352,1520,200,200
RAISE/r4dbba042t,data/authentic/images/RAISE_r4dbba042t.jpg,0,authentic,,,data/preprocessed/crop200_align16/RAISE_r4dbba042t.png,4928,3264,1520,2352,200,200
Artifact/cycle_gan/st/horse2zebra/img000596,data/fakes/images/Artifact_cycle_gan_st_horse2zebra_img000596.jpg,1,gan,2017-03-30,CycleGAN,data/preprocessed/crop200_align16/Artifact_cycle_gan_st_horse2zebra_img000596.png,200,200,0,0,200,200
Artifact/cycle_gan/st/horse2zebra/img001182,data/fakes/images/Artifact_cycle_gan_st_horse2zebra_img001182.jpg,1,gan,2017-03-30,CycleGAN,data/preprocessed/crop200_align16/Artifact_cycle_gan_st_horse2zebra_img001182.png,200,200,0,0,200,200
Artifact/cycle_gan/st/horse2zebra/img001208,data/fakes/images/Artifact_cycle_gan_st_horse2zebra_img001208.jpg,1,gan,2017-03-30,CycleGAN,data/preprocessed/crop200_align16/Artifact_cycle_gan_st_horse2zebra_img001208.png,200,200,0,0,200,200
Artifact/cycle_gan/st/horse2zebra/img002272,data/fakes/images/Artifact_cycle_gan_st_horse2zebra_img002272.jpg,1,gan,2017-03-30,CycleGAN,data/preprocessed/crop200_align16/Artifact_cycle_gan_st_horse2zebra_img002272.png,200,200,0,0,200,200
Artifact/cycle_gan/st/horse2zebra/img002774,data/fakes/images/Artifact_cycle_gan_st_horse2zebra_img002774.jpg,1,gan,2017-03-30,CycleGAN,data/preprocessed/crop200_align16/Artifact_cycle_gan_st_horse2zebra_img002774.png,200,200,0,0,200,200
Artifact/cycle_gan/st/horse2zebra/img004672,data/fakes/images/Artifact_cycle_gan_st_horse2zebra_img004672.jpg,1,gan,2017-03-30,CycleGAN,data/preprocessed/crop200_align16/Artifact_cycle_gan_st_horse2zebra_img004672.png,200,200,0,0,200,200
Artifact/cycle_gan/st/monet2photo/img008575,data/fakes/images/Artifact_cycle_gan_st_monet2photo_img008575.jpg,1,gan,2017-03-30,CycleGAN,data/preprocessed/crop200_align16/Artifact_cycle_gan_st_monet2photo_img008575.png,200,200,0,0,200,200
Artifact/cycle_gan/st/monet2photo/img009065,data/fakes/images/Artifact_cycle_gan_st_monet2photo_img009065.jpg,1,gan,2017-03-30,CycleGAN,data/preprocessed/crop200_align16/Artifact_cycle_gan_st_monet2photo_img009065.png,200,200,0,0,200,200
Artifact/cycle_gan/st/monet2photo/img009695,data/fakes/images/Artifact_cycle_gan_st_monet2photo_img009695.jpg,1,gan,2017-03-30,CycleGAN,data/preprocessed/crop200_align16/Artifact_cycle_gan_st_monet2photo_img009695.png,200,200,0,0,200,200
Artifact/cycle_gan/st/photo2monet/img012414,data/fakes/images/Artifact_cycle_gan_st_photo2monet_img012414.jpg,1,gan,2017-03-30,CycleGAN,data/preprocessed/crop200_align16/Artifact_cycle_gan_st_photo2monet_img012414.png,200,200,0,0,200,200
Artifact/cycle_gan/st/photo2monet/img012538,data/fakes/images/Artifact_cycle_gan_st_photo2monet_img012538.jpg,1,gan,2017-03-30,CycleGAN,data/preprocessed/crop200_align16/Artifact_cycle_gan_st_photo2monet_img012538.png,200,200,0,0,200,200
Artifact/cycle_gan/st/photo2monet/img014073,data/fakes/images/Artifact_cycle_gan_st_photo2monet_img014073.jpg,1,gan,2017-03-30,CycleGAN,data/preprocessed/crop200_align16/Artifact_cycle_gan_st_photo2monet_img014073.png,200,200,0,0,200,200
Forensynths/test/cyclegan/apple/1_fake/n07749192_12721_fake,data/fakes/images/Forensynths_test_cyclegan_apple_1_fake_n07749192_12721_fake.jpg,1,gan,2017-03-30,CycleGAN,data/preprocessed/crop200_align16/Forensynths_test_cyclegan_apple_1_fake_n07749192_12721_fake.png,256,256,16,16,200,200
Forensynths/test/cyclegan/apple/1_fake/n07749192_701_fake,data/fakes/images/Forensynths_test_cyclegan_apple_1_fake_n07749192_701_fake.jpg,1,gan,2017-03-30,CycleGAN,data/preprocessed/crop200_align16/Forensynths_test_cyclegan_apple_1_fake_n07749192_701_fake.png,256,256,16,16,200,200
Forensynths/test/cyclegan/apple/1_fake/n07749192_9841_fake,data/fakes/images/Forensynths_test_cyclegan_apple_1_fake_n07749192_9841_fake.jpg,1,gan,2017-03-30,CycleGAN,data/preprocessed/crop200_align16/Forensynths_test_cyclegan_apple_1_fake_n07749192_9841_fake.png,256,256,16,16,200,200
Forensynths/test/cyclegan/orange/1_fake/n07740461_12101_fake,data/fakes/images/Forensynths_test_cyclegan_orange_1_fake_n07740461_12101_fake.jpg,1,gan,2017-03-30,CycleGAN,data/preprocessed/crop200_align16/Forensynths_test_cyclegan_orange_1_fake_n07740461_12101_fake.png,256,256,16,16,200,200
Forensynths/test/cyclegan/summer/1_fake/2016-05-10 15:33:51_fake,data/fakes/images/Forensynths_test_cyclegan_summer_1_fake_2016-05-10 15:33:51_fake.jpg,1,gan,2017-03-30,CycleGAN,data/preprocessed/crop200_align16/Forensynths_test_cyclegan_summer_1_fake_2016-05-10 15:33:51_fake.png,256,256,16,16,200,200
Forensynths/test/crn/1_fake/100222_output,data/fakes/images/Forensynths_test_crn_1_fake_100222_output.jpg,1,other,2017-07-28,Cascaded Refinement Networks,data/preprocessed/crop200_align16/Forensynths_test_crn_1_fake_100222_output.png,512,256,16,144,200,200
Forensynths/test/crn/1_fake/100578_output,data/fakes/images/Forensynths_test_crn_1_fake_100578_output.jpg,1,other,2017-07-28,Cascaded Refinement Networks,data/preprocessed/crop200_align16/Forensynths_test_crn_1_fake_100578_output.png,512,256,16,144,200,200
Forensynths/test/crn/1_fake/100860_output,data/fakes/images/Forensynths_test_crn_1_fake_100860_output.jpg,1,other,2017-07-28,Cascaded Refinement Networks,data/preprocessed/crop200_align16/Forensynths_test_crn_1_fake_100860_output.png,512,256,16,144,200,200
Forensynths/test/crn/1_fake/101561_output,data/fakes/images/Forensynths_test_crn_1_fake_101561_output.jpg,1,other,2017-07-28,Cascaded Refinement Networks,data/preprocessed/crop200_align16/Forensynths_test_crn_1_fake_101561_output.png,512,256,16,144,200,200
Forensynths/test/crn/1_fake/101729_output,data/fakes/images/Forensynths_test_crn_1_fake_101729_output.jpg,1,other,2017-07-28,Cascaded Refinement Networks,data/preprocessed/crop200_align16/Forensynths_test_crn_1_fake_101729_output.png,512,256,16,144,200,200
Forensynths/test/crn/1_fake/102380_output,data/fakes/images/Forensynths_test_crn_1_fake_102380_output.jpg,1,other,2017-07-28,Cascaded Refinement Networks,data/preprocessed/crop200_align16/Forensynths_test_crn_1_fake_102380_output.png,512,256,16,144,200,200
Forensynths/test/crn/1_fake/102688_output,data/fakes/images/Forensynths_test_crn_1_fake_102688_output.jpg,1,other,2017-07-28,Cascaded Refinement Networks,data/preprocessed/crop200_align16/Forensynths_test_crn_1_fake_102688_output.png,512,256,16,144,200,200
Forensynths/test/crn/1_fake/102738_output,data/fakes/images/Forensynths_test_crn_1_fake_102738_output.jpg,1,other,2017-07-28,Cascaded Refinement Networks,data/preprocessed/crop200_align16/Forensynths_test_crn_1_fake_102738_output.png,512,256,16,144,200,200
Forensynths/test/crn/1_fake/102781_output,data/fakes/images/Forensynths_test_crn_1_fake_102781_output.jpg,1,other,2017-07-28,Cascaded Refinement Networks,data/preprocessed/crop200_align16/Forensynths_test_crn_1_fake_102781_output.png,512,256,16,144,200,200
Forensynths/test/crn/1_fake/102836_output,data/fakes/images/Forensynths_test_crn_1_fake_102836_output.jpg,1,other,2017-07-28,Cascaded Refinement Networks,data/preprocessed/crop200_align16/Forensynths_test_crn_1_fake_102836_output.png,512,256,16,144,200,200
Forensynths/test/crn/1_fake/103016_output,data/fakes/images/Forensynths_test_crn_1_fake_103016_output.jpg,1,other,2017-07-28,Cascaded Refinement Networks,data/preprocessed/crop200_align16/Forensynths_test_crn_1_fake_103016_output.png,512,256,16,144,200,200
Forensynths/test/crn/1_fake/103024_output,data/fakes/images/Forensynths_test_crn_1_fake_103024_output.jpg,1,other,2017-07-28,Cascaded Refinement Networks,data/preprocessed/crop200_align16/Forensynths_test_crn_1_fake_103024_output.png,512,256,16,144,200,200
Forensynths/test/crn/1_fake/103054_output,data/fakes/images/Forensynths_test_crn_1_fake_103054_output.jpg,1,other,2017-07-28,Cascaded Refinement Networks,data/preprocessed/crop200_align16/Forensynths_test_crn_1_fake_103054_output.png,512,256,16,144,200,200
Forensynths/test/crn/1_fake/103448_output,data/fakes/images/Forensynths_test_crn_1_fake_103448_output.jpg,1,other,2017-07-28,Cascaded Refinement Networks,data/preprocessed/crop200_align16/Forensynths_test_crn_1_fake_103448_output.png,512,256,16,144,200,200
Forensynths/test/crn/1_fake/103799_output,data/fakes/images/Forensynths_test_crn_1_fake_103799_output.jpg,1,other,2017-07-28,Cascaded Refinement Networks,data/preprocessed/crop200_align16/Forensynths_test_crn_1_fake_103799_output.png,512,256,16,144,200,200
Forensynths/test/crn/1_fake/105904_output,data/fakes/images/Forensynths_test_crn_1_fake_105904_output.jpg,1,other,2017-07-28,Cascaded Refinement Networks,data/preprocessed/crop200_align16/Forensynths_test_crn_1_fake_105904_output.png,512,256,16,144,200,200
Forensynths/test/crn/1_fake/106278_output,data/fakes/images/Forensynths_test_crn_1_fake_106278_output.jpg,1,other,2017-07-28,Cascaded Refinement Networks,data/preprocessed/crop200_align16/Forensynths_test_crn_1_fake_106278_output.png,512,256,16,144,200,200
Artifact/pro_gan/pro/cow/1_fake/img019822,data/fakes/images/Artifact_pro_gan_pro_cow_1_fake_img019822.jpg,1,gan,2017-10-27,ProGAN,data/preprocessed/crop200_align16/Artifact_pro_gan_pro_cow_1_fake_img019822.png,200,200,0,0,200,200
Artifact/pro_gan/pro/sofa/1_fake/img035421,data/fakes/images/Artifact_pro_gan_pro_sofa_1_fake_img035421.jpg,1,gan,2017-10-27,ProGAN,data/preprocessed/crop200_align16/Artifact_pro_gan_pro_sofa_1_fake_img035421.png,200,200,0,0,200,200
DDMD/diffusion_model_deepfakes_lsun_bedroom/test/ProGAN/002302,data/fakes/images/DDMD_diffusion_model_deepfakes_lsun_bedroom_test_ProGAN_002302.jpg,1,gan,2017-10-27,ProGAN,data/preprocessed/crop200_align16/DDMD_diffusion_model_deepfakes_lsun_bedroom_test_ProGAN_002302.png,256,256,16,16,200,200
DDMD/diffusion_model_deepfakes_lsun_bedroom/test/ProGAN/008164,data/fakes/images/DDMD_diffusion_model_deepfakes_lsun_bedroom_test_ProGAN_008164.jpg,1,gan,2017-10-27,ProGAN,data/preprocessed/crop200_align16/DDMD_diffusion_model_deepfakes_lsun_bedroom_test_ProGAN_008164.png,256,256,16,16,200,200
DMimageDetection/test/progan_lsun/bus_13836,data/fakes/images/DMimageDetection_test_progan_lsun_bus_13836.jpg,1,gan,2017-10-27,ProGAN,data/preprocessed/crop200_align16/DMimageDetection_test_progan_lsun_bus_13836.png,256,256,16,16,200,200
DMimageDetection/test/progan_lsun/car_02617,data/fakes/images/DMimageDetection_test_progan_lsun_car_02617.jpg,1,gan,2017-10-27,ProGAN,data/preprocessed/crop200_align16/DMimageDetection_test_progan_lsun_car_02617.png,256,256,16,16,200,200
DMimageDetection/test/progan_lsun/cat_00642,data/fakes/images/DMimageDetection_test_progan_lsun_cat_00642.jpg,1,gan,2017-10-27,ProGAN,data/preprocessed/crop200_align16/DMimageDetection_test_progan_lsun_cat_00642.png,256,256,16,16,200,200
DMimageDetection/test/progan_lsun/cat_00807,data/fakes/images/DMimageDetection_test_progan_lsun_cat_00807.jpg,1,gan,2017-10-27,ProGAN,data/preprocessed/crop200_align16/DMimageDetection_test_progan_lsun_cat_00807.png,256,256,16,16,200,200
DMimageDetection/test/progan_lsun/cow_00807,data/fakes/images/DMimageDetection_test_progan_lsun_cow_00807.jpg,1,gan,2017-10-27,ProGAN,data/preprocessed/crop200_align16/DMimageDetection_test_progan_lsun_cow_00807.png,256,256,16,16,200,200
DMimageDetection/test/progan_lsun/diningtable_11308,data/fakes/images/DMimageDetection_test_progan_lsun_diningtable_11308.jpg,1,gan,2017-10-27,ProGAN,data/preprocessed/crop200_align16/DMimageDetection_test_progan_lsun_diningtable_11308.png,256,256,16,16,200,200
DMimageDetection/test/progan_lsun/tvmonitor_18267,data/fakes/images/DMimageDetection_test_progan_lsun_tvmonitor_18267.jpg,1,gan,2017-10-27,ProGAN,data/preprocessed/crop200_align16/DMimageDetection_test_progan_lsun_tvmonitor_18267.png,256,256,16,16,200,200
Forensynths/progan_valid/pottedplant/1_fake/00592,data/fakes/images/Forensynths_progan_valid_pottedplant_1_fake_00592.jpg,1,gan,2017-10-27,ProGAN,data/preprocessed/crop200_align16/Forensynths_progan_valid_pottedplant_1_fake_00592.png,256,256,16,16,200,200
Forensynths/test/progan/chair/1_fake/17289,data/fakes/images/Forensynths_test_progan_chair_1_fake_17289.jpg,1,gan,2017-10-27,ProGAN,data/preprocessed/crop200_align16/Forensynths_test_progan_chair_1_fake_17289.png,256,256,16,16,200,200
Forensynths/test/progan/cow/1_fake/15908,data/fakes/images/Forensynths_test_progan_cow_1_fake_15908.jpg,1,gan,2017-10-27,ProGAN,data/preprocessed/crop200_align16/Forensynths_test_progan_cow_1_fake_15908.png,256,256,16,16,200,200
Forensynths/test/progan/horse/1_fake/06154,data/fakes/images/Forensynths_test_progan_horse_1_fake_06154.jpg,1,gan,2017-10-27,ProGAN,data/preprocessed/crop200_align16/Forensynths_test_progan_horse_1_fake_06154.png,256,256,16,16,200,200
Forensynths/test/progan/horse/1_fake/13527,data/fakes/images/Forensynths_test_progan_horse_1_fake_13527.jpg,1,gan,2017-10-27,ProGAN,data/preprocessed/crop200_align16/Forensynths_test_progan_horse_1_fake_13527.png,256,256,16,16,200,200
Forensynths/test/progan/sheep/1_fake/03527,data/fakes/images/Forensynths_test_progan_sheep_1_fake_03527.jpg,1,gan,2017-10-27,ProGAN,data/preprocessed/crop200_align16/Forensynths_test_progan_sheep_1_fake_03527.png,256,256,16,16,200,200
Artifact/star_gan/star/stargan/Black_Hair/img000074,data/fakes/images/Artifact_star_gan_star_stargan_Black_Hair_img000074.jpg,1,gan,2017-11-24,StarGAN,data/preprocessed/crop200_align16/Artifact_star_gan_star_stargan_Black_Hair_img000074.png,200,200,0,0,200,200
Artifact/star_gan/star/stargan/Black_Hair/img000183,data/fakes/images/Artifact_star_gan_star_stargan_Black_Hair_img000183.jpg,1,gan,2017-11-24,StarGAN,data/preprocessed/crop200_align16/Artifact_star_gan_star_stargan_Black_Hair_img000183.png,200,200,0,0,200,200
Artifact/star_gan/star/stargan/Black_Hair/img000572,data/fakes/images/Artifact_star_gan_star_stargan_Black_Hair_img000572.jpg,1,gan,2017-11-24,StarGAN,data/preprocessed/crop200_align16/Artifact_star_gan_star_stargan_Black_Hair_img000572.png,200,200,0,0,200,200
Artifact/star_gan/star/stargan/Black_Hair/img000597,data/fakes/images/Artifact_star_gan_star_stargan_Black_Hair_img000597.jpg,1,gan,2017-11-24,StarGAN,data/preprocessed/crop200_align16/Artifact_star_gan_star_stargan_Black_Hair_img000597.png,200,200,0,0,200,200
Artifact/star_gan/star/stargan/Black_Hair/img001043,data/fakes/images/Artifact_star_gan_star_stargan_Black_Hair_img001043.jpg,1,gan,2017-11-24,StarGAN,data/preprocessed/crop200_align16/Artifact_star_gan_star_stargan_Black_Hair_img001043.png,200,200,0,0,200,200
Artifact/star_gan/star/stargan/Blond_Hair/img003258,data/fakes/images/Artifact_star_gan_star_stargan_Blond_Hair_img003258.jpg,1,gan,2017-11-24,StarGAN,data/preprocessed/crop200_align16/Artifact_star_gan_star_stargan_Blond_Hair_img003258.png,200,200,0,0,200,200
Artifact/star_gan/star/stargan/Brown_Hair/img004499,data/fakes/images/Artifact_star_gan_star_stargan_Brown_Hair_img004499.jpg,1,gan,2017-11-24,StarGAN,data/preprocessed/crop200_align16/Artifact_star_gan_star_stargan_Brown_Hair_img004499.png,200,200,0,0,200,200
Artifact/star_gan/star/stargan/Brown_Hair/img005078,data/fakes/images/Artifact_star_gan_star_stargan_Brown_Hair_img005078.jpg,1,gan,2017-11-24,StarGAN,data/preprocessed/crop200_align16/Artifact_star_gan_star_stargan_Brown_Hair_img005078.png,200,200,0,0,200,200
Artifact/star_gan/star/stargan/Male/img006697,data/fakes/images/Artifact_star_gan_star_stargan_Male_img006697.jpg,1,gan,2017-11-24,StarGAN,data/preprocessed/crop200_align16/Artifact_star_gan_star_stargan_Male_img006697.png,200,200,0,0,200,200
Artifact/star_gan/star/stargan/Male/img007155,data/fakes/images/Artifact_star_gan_star_stargan_Male_img007155.jpg,1,gan,2017-11-24,StarGAN,data/preprocessed/crop200_align16/Artifact_star_gan_star_stargan_Male_img007155.png,200,200,0,0,200,200
Artifact/star_gan/star/stargan/Male/img007993,data/fakes/images/Artifact_star_gan_star_stargan_Male_img007993.jpg,1,gan,2017-11-24,StarGAN,data/preprocessed/crop200_align16/Artifact_star_gan_star_stargan_Male_img007993.png,200,200,0,0,200,200
Artifact/star_gan/star/stargan/Young/img008040,data/fakes/images/Artifact_star_gan_star_stargan_Young_img008040.jpg,1,gan,2017-11-24,StarGAN,data/preprocessed/crop200_align16/Artifact_star_gan_star_stargan_Young_img008040.png,200,200,0,0,200,200
Artifact/star_gan/star/stargan/Young/img008330,data/fakes/images/Artifact_star_gan_star_stargan_Young_img008330.jpg,1,gan,2017-11-24,StarGAN,data/preprocessed/crop200_align16/Artifact_star_gan_star_stargan_Young_img008330.png,200,200,0,0,200,200
Forensynths/test/stargan/1_fake/0970,data/fakes/images/Forensynths_test_stargan_1_fake_0970.jpg,1,gan,2017-11-24,StarGAN,data/preprocessed/crop200_align16/Forensynths_test_stargan_1_fake_0970.png,256,256,16,16,200,200
Forensynths/test/stargan/1_fake/1133,data/fakes/images/Forensynths_test_stargan_1_fake_1133.jpg,1,gan,2017-11-24,StarGAN,data/preprocessed/crop200_align16/Forensynths_test_stargan_1_fake_1133.png,256,256,16,16,200,200
Forensynths/test/stargan/1_fake/1674,data/fakes/images/Forensynths_test_stargan_1_fake_1674.jpg,1,gan,2017-11-24,StarGAN,data/preprocessed/crop200_align16/Forensynths_test_stargan_1_fake_1674.png,256,256,16,16,200,200
Forensynths/test/stargan/1_fake/1807,data/fakes/images/Forensynths_test_stargan_1_fake_1807.jpg,1,gan,2017-11-24,StarGAN,data/preprocessed/crop200_align16/Forensynths_test_stargan_1_fake_1807.png,256,256,16,16,200,200
Artifact/generative_inpainting/gc-in/gcinpaint-cutout-data/img000925,data/fakes/images/Artifact_generative_inpainting_gc-in_gcinpaint-cutout-data_img000925.jpg,1,inpainting,2018-06-10,SN-PatchGAN,data/preprocessed/crop200_align16/Artifact_generative_inpainting_gc-in_gcinpaint-cutout-data_img000925.png,200,200,0,0,200,200
Artifact/generative_inpainting/gc-in/gcinpaint-cutout-data/img002370,data/fakes/images/Artifact_generative_inpainting_gc-in_gcinpaint-cutout-data_img002370.jpg,1,inpainting,2018-06-10,SN-PatchGAN,data/preprocessed/crop200_align16/Artifact_generative_inpainting_gc-in_gcinpaint-cutout-data_img002370.png,200,200,0,0,200,200
Artifact/generative_inpainting/gc-in/gcinpaint-cutout-data/img002885,data/fakes/images/Artifact_generative_inpainting_gc-in_gcinpaint-cutout-data_img002885.jpg,1,inpainting,2018-06-10,SN-PatchGAN,data/preprocessed/crop200_align16/Artifact_generative_inpainting_gc-in_gcinpaint-cutout-data_img002885.png,200,200,0,0,200,200
Artifact/generative_inpainting/gc-in/gcinpaint-cutout-data/img003733,data/fakes/images/Artifact_generative_inpainting_gc-in_gcinpaint-cutout-data_img003733.jpg,1,inpainting,2018-06-10,SN-PatchGAN,data/preprocessed/crop200_align16/Artifact_generative_inpainting_gc-in_gcinpaint-cutout-data_img003733.png,200,200,0,0,200,200
Artifact/generative_inpainting/gc-in/gcinpaint-cutout-data/img004614,data/fakes/images/Artifact_generative_inpainting_gc-in_gcinpaint-cutout-data_img004614.jpg,1,inpainting,2018-06-10,SN-PatchGAN,data/preprocessed/crop200_align16/Artifact_generative_inpainting_gc-in_gcinpaint-cutout-data_img004614.png,200,200,0,0,200,200
Artifact/generative_inpainting/gc-in/gcinpaint-cutout-data/img006377,data/fakes/images/Artifact_generative_inpainting_gc-in_gcinpaint-cutout-data_img006377.jpg,1,inpainting,2018-06-10,SN-PatchGAN,data/preprocessed/crop200_align16/Artifact_generative_inpainting_gc-in_gcinpaint-cutout-data_img006377.png,200,200,0,0,200,200
Artifact/generative_inpainting/gc-in/gcinpaint-cutout-data/img006963,data/fakes/images/Artifact_generative_inpainting_gc-in_gcinpaint-cutout-data_img006963.jpg,1,inpainting,2018-06-10,SN-PatchGAN,data/preprocessed/crop200_align16/Artifact_generative_inpainting_gc-in_gcinpaint-cutout-data_img006963.png,200,200,0,0,200,200
Artifact/generative_inpainting/gc-in/gcinpaint-cutout-data/img007005,data/fakes/images/Artifact_generative_inpainting_gc-in_gcinpaint-cutout-data_img007005.jpg,1,inpainting,2018-06-10,SN-PatchGAN,data/preprocessed/crop200_align16/Artifact_generative_inpainting_gc-in_gcinpaint-cutout-data_img007005.png,200,200,0,0,200,200
Artifact/generative_inpainting/gc-in/gcinpaint-cutout-data/img007159,data/fakes/images/Artifact_generative_inpainting_gc-in_gcinpaint-cutout-data_img007159.jpg,1,inpainting,2018-06-10,SN-PatchGAN,data/preprocessed/crop200_align16/Artifact_generative_inpainting_gc-in_gcinpaint-cutout-data_img007159.png,200,200,0,0,200,200
Artifact/generative_inpainting/gc-in/gcinpaint-cutout-data/img008439,data/fakes/images/Artifact_generative_inpainting_gc-in_gcinpaint-cutout-data_img008439.jpg,1,inpainting,2018-06-10,SN-PatchGAN,data/preprocessed/crop200_align16/Artifact_generative_inpainting_gc-in_gcinpaint-cutout-data_img008439.png,200,200,0,0,200,200
Artifact/generative_inpainting/gc-in/gcinpaint-cutout-data/img012121,data/fakes/images/Artifact_generative_inpainting_gc-in_gcinpaint-cutout-data_img012121.jpg,1,inpainting,2018-06-10,SN-PatchGAN,data/preprocessed/crop200_align16/Artifact_generative_inpainting_gc-in_gcinpaint-cutout-data_img012121.png,200,200,0,0,200,200
Artifact/generative_inpainting/gc-in/gcinpaint-cutout-data/img014858,data/fakes/images/Artifact_generative_inpainting_gc-in_gcinpaint-cutout-data_img014858.jpg,1,inpainting,2018-06-10,SN-PatchGAN,data/preprocessed/crop200_align16/Artifact_generative_inpainting_gc-in_gcinpaint-cutout-data_img014858.png,200,200,0,0,200,200
Artifact/generative_inpainting/gc-in/gcinpaint-cutout-data/img015054,data/fakes/images/Artifact_generative_inpainting_gc-in_gcinpaint-cutout-data_img015054.jpg,1,inpainting,2018-06-10,SN-PatchGAN,data/preprocessed/crop200_align16/Artifact_generative_inpainting_gc-in_gcinpaint-cutout-data_img015054.png,200,200,0,0,200,200
Artifact/generative_inpainting/gc-in/gcinpaint-cutout-data/img015966,data/fakes/images/Artifact_generative_inpainting_gc-in_gcinpaint-cutout-data_img015966.jpg,1,inpainting,2018-06-10,SN-PatchGAN,data/preprocessed/crop200_align16/Artifact_generative_inpainting_gc-in_gcinpaint-cutout-data_img015966.png,200,200,0,0,200,200
Artifact/generative_inpainting/gc-in/gcinpaint-cutout-data/img016377,data/fakes/images/Artifact_generative_inpainting_gc-in_gcinpaint-cutout-data_img016377.jpg,1,inpainting,2018-06-10,SN-PatchGAN,data/preprocessed/crop200_align16/Artifact_generative_inpainting_gc-in_gcinpaint-cutout-data_img016377.png,200,200,0,0,200,200
Artifact/generative_inpainting/gc-in/gcinpaint-cutout-data/img017976,data/fakes/images/Artifact_generative_inpainting_gc-in_gcinpaint-cutout-data_img017976.jpg,1,inpainting,2018-06-10,SN-PatchGAN,data/preprocessed/crop200_align16/Artifact_generative_inpainting_gc-in_gcinpaint-cutout-data_img017976.png,200,200,0,0,200,200
Artifact/generative_inpainting/gc-in/gcinpaint-cutout-data/img018301,data/fakes/images/Artifact_generative_inpainting_gc-in_gcinpaint-cutout-data_img018301.jpg,1,inpainting,2018-06-10,SN-PatchGAN,data/preprocessed/crop200_align16/Artifact_generative_inpainting_gc-in_gcinpaint-cutout-data_img018301.png,200,200,0,0,200,200
Artifact/big_gan/big/biggan-data/126/img000314,data/fakes/images/Artifact_big_gan_big_biggan-data_126_img000314.jpg,1,gan,2018-09-28,BigGAN,data/preprocessed/crop200_align16/Artifact_big_gan_big_biggan-data_126_img000314.png,200,200,0,0,200,200
Artifact/big_gan/big/biggan-data/199/img001114,data/fakes/images/Artifact_big_gan_big_biggan-data_199_img001114.jpg,1,gan,2018-09-28,BigGAN,data/preprocessed/crop200_align16/Artifact_big_gan_big_biggan-data_199_img001114.png,200,200,0,0,200,200
Artifact/big_gan/big/biggan-data/326/img002531,data/fakes/images/Artifact_big_gan_big_biggan-data_326_img002531.jpg,1,gan,2018-09-28,BigGAN,data/preprocessed/crop200_align16/Artifact_big_gan_big_biggan-data_326_img002531.png,200,200,0,0,200,200
Artifact/big_gan/big/biggan-data/342/img002714,data/fakes/images/Artifact_big_gan_big_biggan-data_342_img002714.jpg,1,gan,2018-09-28,BigGAN,data/preprocessed/crop200_align16/Artifact_big_gan_big_biggan-data_342_img002714.png,200,200,0,0,200,200
Artifact/big_gan/big/biggan-data/407/img003432,data/fakes/images/Artifact_big_gan_big_biggan-data_407_img003432.jpg,1,gan,2018-09-28,BigGAN,data/preprocessed/crop200_align16/Artifact_big_gan_big_biggan-data_407_img003432.png,200,200,0,0,200,200
Artifact/big_gan/big/biggan-data/542/img004935,data/fakes/images/Artifact_big_gan_big_biggan-data_542_img004935.jpg,1,gan,2018-09-28,BigGAN,data/preprocessed/crop200_align16/Artifact_big_gan_big_biggan-data_542_img004935.png,200,200,0,0,200,200
Artifact/big_gan/big/biggan-data/609/img005673,data/fakes/images/Artifact_big_gan_big_biggan-data_609_img005673.jpg,1,gan,2018-09-28,BigGAN,data/preprocessed/crop200_align16/Artifact_big_gan_big_biggan-data_609_img005673.png,200,200,0,0,200,200
Artifact/big_gan/big/biggan-data/618/img005779,data/fakes/images/Artifact_big_gan_big_biggan-data_618_img005779.jpg,1,gan,2018-09-28,BigGAN,data/preprocessed/crop200_align16/Artifact_big_gan_big_biggan-data_618_img005779.png,200,200,0,0,200,200
Artifact/big_gan/big/biggan-data/64/img006012,data/fakes/images/Artifact_big_gan_big_biggan-data_64_img006012.jpg,1,gan,2018-09-28,BigGAN,data/preprocessed/crop200_align16/Artifact_big_gan_big_biggan-data_64_img006012.png,200,200,0,0,200,200
Artifact/big_gan/big/biggan-data/894/img008838,data/fakes/images/Artifact_big_gan_big_biggan-data_894_img008838.jpg,1,gan,2018-09-28,BigGAN,data/preprocessed/crop200_align16/Artifact_big_gan_big_biggan-data_894_img008838.png,200,200,0,0,200,200
DMimageDetection/test/biggan_256/biggan_441_950765,data/fakes/images/DMimageDetection_test_biggan_256_biggan_441_950765.jpg,1,gan,2018-09-28,BigGAN,data/preprocessed/crop200_align16/DMimageDetection_test_biggan_256_biggan_441_950765.png,256,256,16,16,200,200
DMimageDetection/test/biggan_512/biggan_173_832347,data/fakes/images/DMimageDetection_test_biggan_512_biggan_173_832347.jpg,1,gan,2018-09-28,BigGAN,data/preprocessed/crop200_align16/DMimageDetection_test_biggan_512_biggan_173_832347.png,512,512,144,144,200,200
DMimageDetection/test/biggan_512/biggan_221_561098,data/fakes/images/DMimageDetection_test_biggan_512_biggan_221_561098.jpg,1,gan,2018-09-28,BigGAN,data/preprocessed/crop200_align16/DMimageDetection_test_biggan_512_biggan_221_561098.png,512,512,144,144,200,200
Forensynths/test/biggan/1_fake/00087914,data/fakes/images/Forensynths_test_biggan_1_fake_00087914.jpg,1,gan,2018-09-28,BigGAN,data/preprocessed/crop200_align16/Forensynths_test_biggan_1_fake_00087914.png,256,256,16,16,200,200
Forensynths/test/biggan/1_fake/00168052,data/fakes/images/Forensynths_test_biggan_1_fake_00168052.jpg,1,gan,2018-09-28,BigGAN,data/preprocessed/crop200_align16/Forensynths_test_biggan_1_fake_00168052.png,256,256,16,16,200,200
Forensynths/test/biggan/1_fake/00206642,data/fakes/images/Forensynths_test_biggan_1_fake_00206642.jpg,1,gan,2018-09-28,BigGAN,data/preprocessed/crop200_align16/Forensynths_test_biggan_1_fake_00206642.png,256,256,16,16,200,200
Forensynths/test/biggan/1_fake/00470373,data/fakes/images/Forensynths_test_biggan_1_fake_00470373.jpg,1,gan,2018-09-28,BigGAN,data/preprocessed/crop200_align16/Forensynths_test_biggan_1_fake_00470373.png,256,256,16,16,200,200
Forensynths/test/imle/1_fake/00100064,data/fakes/images/Forensynths_test_imle_1_fake_00100064.jpg,1,other,2018-11-29,IMLE,data/preprocessed/crop200_align16/Forensynths_test_imle_1_fake_00100064.png,512,256,16,144,200,200
Forensynths/test/imle/1_fake/00100076,data/fakes/images/Forensynths_test_imle_1_fake_00100076.jpg,1,other,2018-11-29,IMLE,data/preprocessed/crop200_align16/Forensynths_test_imle_1_fake_00100076.png,512,256,16,144,200,200
Forensynths/test/imle/1_fake/00100173,data/fakes/images/Forensynths_test_imle_1_fake_00100173.jpg,1,other,2018-11-29,IMLE,data/preprocessed/crop200_align16/Forensynths_test_imle_1_fake_00100173.png,512,256,16,144,200,200
Forensynths/test/imle/1_fake/00100356,data/fakes/images/Forensynths_test_imle_1_fake_00100356.jpg,1,other,2018-11-29,IMLE,data/preprocessed/crop200_align16/Forensynths_test_imle_1_fake_00100356.png,512,256,16,144,200,200
Forensynths/test/imle/1_fake/00100930,data/fakes/images/Forensynths_test_imle_1_fake_00100930.jpg,1,other,2018-11-29,IMLE,data/preprocessed/crop200_align16/Forensynths_test_imle_1_fake_00100930.png,512,256,16,144,200,200
Forensynths/test/imle/1_fake/00101070,data/fakes/images/Forensynths_test_imle_1_fake_00101070.jpg,1,other,2018-11-29,IMLE,data/preprocessed/crop200_align16/Forensynths_test_imle_1_fake_00101070.png,512,256,16,144,200,200
Forensynths/test/imle/1_fake/00102302,data/fakes/images/Forensynths_test_imle_1_fake_00102302.jpg,1,other,2018-11-29,IMLE,data/preprocessed/crop200_align16/Forensynths_test_imle_1_fake_00102302.png,512,256,16,144,200,200
Forensynths/test/imle/1_fake/00102689,data/fakes/images/Forensynths_test_imle_1_fake_00102689.jpg,1,other,2018-11-29,IMLE,data/preprocessed/crop200_align16/Forensynths_test_imle_1_fake_00102689.png,512,256,16,144,200,200
Forensynths/test/imle/1_fake/00103009,data/fakes/images/Forensynths_test_imle_1_fake_00103009.jpg,1,other,2018-11-29,IMLE,data/preprocessed/crop200_align16/Forensynths_test_imle_1_fake_00103009.png,512,256,16,144,200,200
Forensynths/test/imle/1_fake/00103534,data/fakes/images/Forensynths_test_imle_1_fake_00103534.jpg,1,other,2018-11-29,IMLE,data/preprocessed/crop200_align16/Forensynths_test_imle_1_fake_00103534.png,512,256,16,144,200,200
Forensynths/test/imle/1_fake/00103895,data/fakes/images/Forensynths_test_imle_1_fake_00103895.jpg,1,other,2018-11-29,IMLE,data/preprocessed/crop200_align16/Forensynths_test_imle_1_fake_00103895.png,512,256,16,144,200,200
Forensynths/test/imle/1_fake/00104840,data/fakes/images/Forensynths_test_imle_1_fake_00104840.jpg,1,other,2018-11-29,IMLE,data/preprocessed/crop200_align16/Forensynths_test_imle_1_fake_00104840.png,512,256,16,144,200,200
Forensynths/test/imle/1_fake/00105112,data/fakes/images/Forensynths_test_imle_1_fake_00105112.jpg,1,other,2018-11-29,IMLE,data/preprocessed/crop200_align16/Forensynths_test_imle_1_fake_00105112.png,512,256,16,144,200,200
Forensynths/test/imle/1_fake/00105135,data/fakes/images/Forensynths_test_imle_1_fake_00105135.jpg,1,other,2018-11-29,IMLE,data/preprocessed/crop200_align16/Forensynths_test_imle_1_fake_00105135.png,512,256,16,144,200,200
Forensynths/test/imle/1_fake/00105283,data/fakes/images/Forensynths_test_imle_1_fake_00105283.jpg,1,other,2018-11-29,IMLE,data/preprocessed/crop200_align16/Forensynths_test_imle_1_fake_00105283.png,512,256,16,144,200,200
Forensynths/test/imle/1_fake/00105760,data/fakes/images/Forensynths_test_imle_1_fake_00105760.jpg,1,other,2018-11-29,IMLE,data/preprocessed/crop200_align16/Forensynths_test_imle_1_fake_00105760.png,512,256,16,144,200,200
Forensynths/test/imle/1_fake/00106358,data/fakes/images/Forensynths_test_imle_1_fake_00106358.jpg,1,other,2018-11-29,IMLE,data/preprocessed/crop200_align16/Forensynths_test_imle_1_fake_00106358.png,512,256,16,144,200,200
Artifact/stylegan1/sg1/1-million-fake-faces-2/1m_faces_24_35_26_27_28_29_30/1m_faces_24_35_26_27_28_29_30/1m_faces_30/img001481,data/fakes/images/Artifact_stylegan1_sg1_1-million-fake-faces-2_1m_faces_24_35_26_27_28_29_30_1m_faces_24_35_26_27_28_29_30_1m_faces_30_img001481.jpg,1,gan,2018-12-12,StyleGAN1,data/preprocessed/crop200_align16/Artifact_stylegan1_sg1_1-million-fake-faces-2_1m_faces_24_35_26_27_28_29_30_1m_faces_24_35_26_27_28_29_30_1m_faces_30_img001481.png,200,200,0,0,200,200
Artifact/stylegan1/sg1/1-million-fake-faces-3/1m_faces_31__45/1m_faces_39/img002346,data/fakes/images/Artifact_stylegan1_sg1_1-million-fake-faces-3_1m_faces_31__45_1m_faces_39_img002346.jpg,1,gan,2018-12-12,StyleGAN1,data/preprocessed/crop200_align16/Artifact_stylegan1_sg1_1-million-fake-faces-3_1m_faces_31__45_1m_faces_39_img002346.png,200,200,0,0,200,200
Artifact/stylegan1/sg1/1-million-fake-faces-3/1m_faces_31__45/1m_faces_40/img002477,data/fakes/images/Artifact_stylegan1_sg1_1-million-fake-faces-3_1m_faces_31__45_1m_faces_40_img002477.jpg,1,gan,2018-12-12,StyleGAN1,data/preprocessed/crop200_align16/Artifact_stylegan1_sg1_1-million-fake-faces-3_1m_faces_31__45_1m_faces_40_img002477.png,200,200,0,0,200,200
Artifact/stylegan1/sg1/1-million-fake-faces-3/1m_faces_31__45/1m_faces_42/img002634,data/fakes/images/Artifact_stylegan1_sg1_1-million-fake-faces-3_1m_faces_31__45_1m_faces_42_img002634.jpg,1,gan,2018-12-12,StyleGAN1,data/preprocessed/crop200_align16/Artifact_stylegan1_sg1_1-million-fake-faces-3_1m_faces_31__45_1m_faces_42_img002634.png,200,200,0,0,200,200
Artifact/stylegan1/sg1/1-million-fake-faces-4/1m_faces_46__60/1m_faces_48/img003205,data/fakes/images/Artifact_stylegan1_sg1_1-million-fake-faces-4_1m_faces_46__60_1m_faces_48_img003205.jpg,1,gan,2018-12-12,StyleGAN1,data/preprocessed/crop200_align16/Artifact_stylegan1_sg1_1-million-fake-faces-4_1m_faces_46__60_1m_faces_48_img003205.png,200,200,0,0,200,200
Artifact/stylegan1/sg1/1-million-fake-faces-4/1m_faces_46__60/1m_faces_51/img003580,data/fakes/images/Artifact_stylegan1_sg1_1-million-fake-faces-4_1m_faces_46__60_1m_faces_51_img003580.jpg,1,gan,2018-12-12,StyleGAN1,data/preprocessed/crop200_align16/Artifact_stylegan1_sg1_1-million-fake-faces-4_1m_faces_46__60_1m_faces_51_img003580.png,200,200,0,0,200,200
Artifact/stylegan1/sg1/1-million-fake-faces-4/1m_faces_46__60/1m_faces_60/img004424,data/fakes/images/Artifact_stylegan1_sg1_1-million-fake-faces-4_1m_faces_46__60_1m_faces_60_img004424.jpg,1,gan,2018-12-12,StyleGAN1,data/preprocessed/crop200_align16/Artifact_stylegan1_sg1_1-million-fake-faces-4_1m_faces_46__60_1m_faces_60_img004424.png,200,200,0,0,200,200
Artifact/stylegan1/sg1/1-million-fake-faces-5/1m_faces_61__75/1m_faces_75/img005941,data/fakes/images/Artifact_stylegan1_sg1_1-million-fake-faces-5_1m_faces_61__75_1m_faces_75_img005941.jpg,1,gan,2018-12-12,StyleGAN1,data/preprocessed/crop200_align16/Artifact_stylegan1_sg1_1-million-fake-faces-5_1m_faces_61__75_1m_faces_75_img005941.png,200,200,0,0,200,200
Artifact/stylegan1/sg1/1-million-fake-faces-6/1m_faces_76__90/1m_faces_79/img006389,data/fakes/images/Artifact_stylegan1_sg1_1-million-fake-faces-6_1m_faces_76__90_1m_faces_79_img006389.jpg,1,gan,2018-12-12,StyleGAN1,data/preprocessed/crop200_align16/Artifact_stylegan1_sg1_1-million-fake-faces-6_1m_faces_76__90_1m_faces_79_img006389.png,200,200,0,0,200,200
Artifact/stylegan1/sg1/1-million-fake-faces-6/1m_faces_76__90/1m_faces_87/img007108,data/fakes/images/Artifact_stylegan1_sg1_1-million-fake-faces-6_1m_faces_76__90_1m_faces_87_img007108.jpg,1,gan,2018-12-12,StyleGAN1,data/preprocessed/crop200_align16/Artifact_stylegan1_sg1_1-million-fake-faces-6_1m_faces_76__90_1m_faces_87_img007108.png,200,200,0,0,200,200
Artifact/stylegan1/sg1/1-million-fake-faces-7/1m_faces_91__99/1m_faces_95/img007980,data/fakes/images/Artifact_stylegan1_sg1_1-million-fake-faces-7_1m_faces_91__99_1m_faces_95_img007980.jpg,1,gan,2018-12-12,StyleGAN1,data/preprocessed/crop200_align16/Artifact_stylegan1_sg1_1-million-fake-faces-7_1m_faces_91__99_1m_faces_95_img007980.png,200,200,0,0,200,200
Artifact/stylegan1/sg1/1-million-fake-faces/1m_faces_00_01_02_03/1m_faces_00_01_02_03/1m_faces_02/img008676,data/fakes/images/Artifact_stylegan1_sg1_1-million-fake-faces_1m_faces_00_01_02_03_1m_faces_00_01_02_03_1m_faces_02_img008676.jpg,1,gan,2018-12-12,StyleGAN1,data/preprocessed/crop200_align16/Artifact_stylegan1_sg1_1-million-fake-faces_1m_faces_00_01_02_03_1m_faces_00_01_02_03_1m_faces_02_img008676.png,200,200,0,0,200,200
Forensynths/test/stylegan/bedroom/1_fake/011412,data/fakes/images/Forensynths_test_stylegan_bedroom_1_fake_011412.jpg,1,gan,2018-12-12,StyleGAN1,data/preprocessed/crop200_align16/Forensynths_test_stylegan_bedroom_1_fake_011412.png,256,256,16,16,200,200
Forensynths/test/stylegan/bedroom/1_fake/023287,data/fakes/images/Forensynths_test_stylegan_bedroom_1_fake_023287.jpg,1,gan,2018-12-12,StyleGAN1,data/preprocessed/crop200_align16/Forensynths_test_stylegan_bedroom_1_fake_023287.png,256,256,16,16,200,200
Forensynths/test/stylegan/bedroom/1_fake/090572,data/fakes/images/Forensynths_test_stylegan_bedroom_1_fake_090572.jpg,1,gan,2018-12-12,StyleGAN1,data/preprocessed/crop200_align16/Forensynths_test_stylegan_bedroom_1_fake_090572.png,256,256,16,16,200,200
Forensynths/test/stylegan/car/1_fake/018366,data/fakes/images/Forensynths_test_stylegan_car_1_fake_018366.jpg,1,gan,2018-12-12,StyleGAN1,data/preprocessed/crop200_align16/Forensynths_test_stylegan_car_1_fake_018366.png,512,384,80,144,200,200
Forensynths/test/stylegan/car/1_fake/052643,data/fakes/images/Forensynths_test_stylegan_car_1_fake_052643.jpg,1,gan,2018-12-12,StyleGAN1,data/preprocessed/crop200_align16/Forensynths_test_stylegan_car_1_fake_052643.png,512,384,80,144,200,200
Artifact/gau_gan/gau/gaugan-ade/img001292,data/fakes/images/Artifact_gau_gan_gau_gaugan-ade_img001292.jpg,1,gan,2019-03-18,GauGAN,data/preprocessed/crop200_align16/Artifact_gau_gan_gau_gaugan-ade_img001292.png,200,200,0,0,200,200
Artifact/gau_gan/gau/gaugan-coco/img000097,data/fakes/images/Artifact_gau_gan_gau_gaugan-coco_img000097.jpg,1,gan,2019-03-18,GauGAN,data/preprocessed/crop200_align16/Artifact_gau_gan_gau_gaugan-coco_img000097.png,200,200,0,0,200,200
Artifact/gau_gan/gau/gaugan-coco/img000432,data/fakes/images/Artifact_gau_gan_gau_gaugan-coco_img000432.jpg,1,gan,2019-03-18,GauGAN,data/preprocessed/crop200_align16/Artifact_gau_gan_gau_gaugan-coco_img000432.png,200,200,0,0,200,200
Artifact/gau_gan/gau/gaugan-coco/img001889,data/fakes/images/Artifact_gau_gan_gau_gaugan-coco_img001889.jpg,1,gan,2019-03-18,GauGAN,data/preprocessed/crop200_align16/Artifact_gau_gan_gau_gaugan-coco_img001889.png,200,200,0,0,200,200
Artifact/gau_gan/gau/gaugan-coco/img002230,data/fakes/images/Artifact_gau_gan_gau_gaugan-coco_img002230.jpg,1,gan,2019-03-18,GauGAN,data/preprocessed/crop200_align16/Artifact_gau_gan_gau_gaugan-coco_img002230.png,200,200,0,0,200,200
Artifact/gau_gan/gau/gaugan-coco/img002443,data/fakes/images/Artifact_gau_gan_gau_gaugan-coco_img002443.jpg,1,gan,2019-03-18,GauGAN,data/preprocessed/crop200_align16/Artifact_gau_gan_gau_gaugan-coco_img002443.png,200,200,0,0,200,200
Artifact/gau_gan/gau/gaugan-coco/img003018,data/fakes/images/Artifact_gau_gan_gau_gaugan-coco_img003018.jpg,1,gan,2019-03-18,GauGAN,data/preprocessed/crop200_align16/Artifact_gau_gan_gau_gaugan-coco_img003018.png,200,200,0,0,200,200
Artifact/gau_gan/gau/gaugan-coco/img003221,data/fakes/images/Artifact_gau_gan_gau_gaugan-coco_img003221.jpg,1,gan,2019-03-18,GauGAN,data/preprocessed/crop200_align16/Artifact_gau_gan_gau_gaugan-coco_img003221.png,200,200,0,0,200,200
Artifact/gau_gan/gau/gaugan-coco/img003953,data/fakes/images/Artifact_gau_gan_gau_gaugan-coco_img003953.jpg,1,gan,2019-03-18,GauGAN,data/preprocessed/crop200_align16/Artifact_gau_gan_gau_gaugan-coco_img003953.png,200,200,0,0,200,200
Forensynths/test/gaugan/1_fake/000000014038,data/fakes/images/Forensynths_test_gaugan_1_fake_000000014038.jpg,1,gan,2019-03-18,GauGAN,data/preprocessed/crop200_align16/Forensynths_test_gaugan_1_fake_000000014038.png,256,256,16,16,200,200
Forensynths/test/gaugan/1_fake/000000020247,data/fakes/images/Forensynths_test_gaugan_1_fake_000000020247.jpg,1,gan,2019-03-18,GauGAN,data/preprocessed/crop200_align16/Forensynths_test_gaugan_1_fake_000000020247.png,256,256,16,16,200,200
Forensynths/test/gaugan/1_fake/000000049091,data/fakes/images/Forensynths_test_gaugan_1_fake_000000049091.jpg,1,gan,2019-03-18,GauGAN,data/preprocessed/crop200_align16/Forensynths_test_gaugan_1_fake_000000049091.png,256,256,16,16,200,200
Forensynths/test/gaugan/1_fake/000000066817,data/fakes/images/Forensynths_test_gaugan_1_fake_000000066817.jpg,1,gan,2019-03-18,GauGAN,data/preprocessed/crop200_align16/Forensynths_test_gaugan_1_fake_000000066817.png,256,256,16,16,200,200
Forensynths/test/gaugan/1_fake/000000334399,data/fakes/images/Forensynths_test_gaugan_1_fake_000000334399.jpg,1,gan,2019-03-18,GauGAN,data/preprocessed/crop200_align16/Forensynths_test_gaugan_1_fake_000000334399.png,256,256,16,16,200,200
Forensynths/test/gaugan/1_fake/000000459634,data/fakes/images/Forensynths_test_gaugan_1_fake_000000459634.jpg,1,gan,2019-03-18,GauGAN,data/preprocessed/crop200_align16/Forensynths_test_gaugan_1_fake_000000459634.png,256,256,16,16,200,200
Forensynths/test/gaugan/1_fake/000000555012,data/fakes/images/Forensynths_test_gaugan_1_fake_000000555012.jpg,1,gan,2019-03-18,GauGAN,data/preprocessed/crop200_align16/Forensynths_test_gaugan_1_fake_000000555012.png,256,256,16,16,200,200
Forensynths/test/gaugan/1_fake/000000580757,data/fakes/images/Forensynths_test_gaugan_1_fake_000000580757.jpg,1,gan,2019-03-18,GauGAN,data/preprocessed/crop200_align16/Forensynths_test_gaugan_1_fake_000000580757.png,256,256,16,16,200,200
Artifact/stylegan2/cat-part1/cat-256x256/stylegan2-config-f-psi-0.5/054000/img054325,data/fakes/images/Artifact_stylegan2_cat-part1_cat-256x256_stylegan2-config-f-psi-0.5_054000_img054325.jpg,1,gan,2019-12-03,StyleGAN2,data/preprocessed/crop200_align16/Artifact_stylegan2_cat-part1_cat-256x256_stylegan2-config-f-psi-0.5_054000_img054325.png,200,200,0,0,200,200
Artifact/stylegan2/cat-part2/cat-256x256/stylegan2-config-f-psi-1.0/020000/img020740,data/fakes/images/Artifact_stylegan2_cat-part2_cat-256x256_stylegan2-config-f-psi-1.0_020000_img020740.jpg,1,gan,2019-12-03,StyleGAN2,data/preprocessed/crop200_align16/Artifact_stylegan2_cat-part2_cat-256x256_stylegan2-config-f-psi-1.0_020000_img020740.png,200,200,0,0,200,200
Artifact/stylegan2/church-part1/church-256x256/stylegan2-config-f-psi-0.5/059000/img059502,data/fakes/images/Artifact_stylegan2_church-part1_church-256x256_stylegan2-config-f-psi-0.5_059000_img059502.jpg,1,gan,2019-12-03,StyleGAN2,data/preprocessed/crop200_align16/Artifact_stylegan2_church-part1_church-256x256_stylegan2-config-f-psi-0.5_059000_img059502.png,200,200,0,0,200,200
Artifact/stylegan2/church-part2/church-256x256/stylegan2-config-f-psi-1.0/025000/img025116,data/fakes/images/Artifact_stylegan2_church-part2_church-256x256_stylegan2-config-f-psi-1.0_025000_img025116.jpg,1,gan,2019-12-03,StyleGAN2,data/preprocessed/crop200_align16/Artifact_stylegan2_church-part2_church-256x256_stylegan2-config-f-psi-1.0_025000_img025116.png,200,200,0,0,200,200
Artifact/stylegan2/church-part2/church-256x256/stylegan2-config-f-psi-1.0/031000/img031011,data/fakes/images/Artifact_stylegan2_church-part2_church-256x256_stylegan2-config-f-psi-1.0_031000_img031011.jpg,1,gan,2019-12-03,StyleGAN2,data/preprocessed/crop200_align16/Artifact_stylegan2_church-part2_church-256x256_stylegan2-config-f-psi-1.0_031000_img031011.png,200,200,0,0,200,200
Artifact/stylegan2/ffhq-part1/ffhq-1024x1024/stylegan2-config-f-psi-0.5/054000/img054244,data/fakes/images/Artifact_stylegan2_ffhq-part1_ffhq-1024x1024_stylegan2-config-f-psi-0.5_054000_img054244.jpg,1,gan,2019-12-03,StyleGAN2,data/preprocessed/crop200_align16/Artifact_stylegan2_ffhq-part1_ffhq-1024x1024_stylegan2-config-f-psi-0.5_054000_img054244.png,200,200,0,0,200,200
Artifact/stylegan2/horse-part1/horse-256x256/stylegan2-config-f-psi-0.5/091000/img091728,data/fakes/images/Artifact_stylegan2_horse-part1_horse-256x256_stylegan2-config-f-psi-0.5_091000_img091728.jpg,1,gan,2019-12-03,StyleGAN2,data/preprocessed/crop200_align16/Artifact_stylegan2_horse-part1_horse-256x256_stylegan2-config-f-psi-0.5_091000_img091728.png,200,200,0,0,200,200
Artifact/stylegan2/horse-part2/horse-256x256/stylegan2-config-f-psi-1.0/058000/img058162,data/fakes/images/Artifact_stylegan2_horse-part2_horse-256x256_stylegan2-config-f-psi-1.0_058000_img058162.jpg,1,gan,2019-12-03,StyleGAN2,data/preprocessed/crop200_align16/Artifact_stylegan2_horse-part2_horse-256x256_stylegan2-config-f-psi-1.0_058000_img058162.png,200,200,0,0,200,200
DMimageDetection/test/stylegan2_ffhq_1024x1024/seed57443126,data/fakes/images/DMimageDetection_test_stylegan2_ffhq_1024x1024_seed57443126.jpg,1,gan,2019-12-03,StyleGAN2,data/preprocessed/crop200_align16/DMimageDetection_test_stylegan2_ffhq_1024x1024_seed57443126.png,1024,1024,400,400,200,200
DMimageDetection/test/stylegan2_lsundog_256x256/seed27345400,data/fakes/images/DMimageDetection_test_stylegan2_lsundog_256x256_seed27345400.jpg,1,gan,2019-12-03,StyleGAN2,data/preprocessed/crop200_align16/DMimageDetection_test_stylegan2_lsundog_256x256_seed27345400.png,256,256,16,16,200,200
Forensynths/test/stylegan2/car/1_fake/000183,data/fakes/images/Forensynths_test_stylegan2_car_1_fake_000183.jpg,1,gan,2019-12-03,StyleGAN2,data/preprocessed/crop200_align16/Forensynths_test_stylegan2_car_1_fake_000183.png,512,384,80,144,200,200
Forensynths/test/stylegan2/car/1_fake/000286,data/fakes/images/Forensynths_test_stylegan2_car_1_fake_000286.jpg,1,gan,2019-12-03,StyleGAN2,data/preprocessed/crop200_align16/Forensynths_test_stylegan2_car_1_fake_000286.png,512,384,80,144,200,200
Forensynths/test/stylegan2/cat/1_fake/000190,data/fakes/images/Forensynths_test_stylegan2_cat_1_fake_000190.jpg,1,gan,2019-12-03,StyleGAN2,data/preprocessed/crop200_align16/Forensynths_test_stylegan2_cat_1_fake_000190.png,256,256,16,16,200,200
Forensynths/test/stylegan2/cat/1_fake/000878,data/fakes/images/Forensynths_test_stylegan2_cat_1_fake_000878.jpg,1,gan,2019-12-03,StyleGAN2,data/preprocessed/crop200_align16/Forensynths_test_stylegan2_cat_1_fake_000878.png,256,256,16,16,200,200
Forensynths/test/stylegan2/cat/1_fake/001357,data/fakes/images/Forensynths_test_stylegan2_cat_1_fake_001357.jpg,1,gan,2019-12-03,StyleGAN2,data/preprocessed/crop200_align16/Forensynths_test_stylegan2_cat_1_fake_001357.png,256,256,16,16,200,200
Forensynths/test/stylegan2/cat/1_fake/001374,data/fakes/images/Forensynths_test_stylegan2_cat_1_fake_001374.jpg,1,gan,2019-12-03,StyleGAN2,data/preprocessed/crop200_align16/Forensynths_test_stylegan2_cat_1_fake_001374.png,256,256,16,16,200,200
Forensynths/test/stylegan2/horse/1_fake/000231,data/fakes/images/Forensynths_test_stylegan2_horse_1_fake_000231.jpg,1,gan,2019-12-03,StyleGAN2,data/preprocessed/crop200_align16/Forensynths_test_stylegan2_horse_1_fake_000231.png,256,256,16,16,200,200
Artifact/ddpm/ddpm/bedroom/img000503,data/fakes/images/Artifact_ddpm_ddpm_bedroom_img000503.jpg,1,diffusion,2020-06-19,DDPM,data/preprocessed/crop200_align16/Artifact_ddpm_ddpm_bedroom_img000503.png,200,200,0,0,200,200
Artifact/ddpm/ddpm/bedroom/img000743,data/fakes/images/Artifact_ddpm_ddpm_bedroom_img000743.jpg,1,diffusion,2020-06-19,DDPM,data/preprocessed/crop200_align16/Artifact_ddpm_ddpm_bedroom_img000743.png,200,200,0,0,200,200
DDMD/diffusion_model_deepfakes_lsun_bedroom/test/DDPM/000803,data/fakes/images/DDMD_diffusion_model_deepfakes_lsun_bedroom_test_DDPM_000803.jpg,1,diffusion,2020-06-19,DDPM,data/preprocessed/crop200_align16/DDMD_diffusion_model_deepfakes_lsun_bedroom_test_DDPM_000803.png,256,256,16,16,200,200
DDMD/diffusion_model_deepfakes_lsun_bedroom/test/DDPM/002978,data/fakes/images/DDMD_diffusion_model_deepfakes_lsun_bedroom_test_DDPM_002978.jpg,1,diffusion,2020-06-19,DDPM,data/preprocessed/crop200_align16/DDMD_diffusion_model_deepfakes_lsun_bedroom_test_DDPM_002978.png,256,256,16,16,200,200
DDMD/diffusion_model_deepfakes_lsun_bedroom/test/DDPM/003277,data/fakes/images/DDMD_diffusion_model_deepfakes_lsun_bedroom_test_DDPM_003277.jpg,1,diffusion,2020-06-19,DDPM,data/preprocessed/crop200_align16/DDMD_diffusion_model_deepfakes_lsun_bedroom_test_DDPM_003277.png,256,256,16,16,200,200
DDMD/diffusion_model_deepfakes_lsun_bedroom/test/DDPM/003314,data/fakes/images/DDMD_diffusion_model_deepfakes_lsun_bedroom_test_DDPM_003314.jpg,1,diffusion,2020-06-19,DDPM,data/preprocessed/crop200_align16/DDMD_diffusion_model_deepfakes_lsun_bedroom_test_DDPM_003314.png,256,256,16,16,200,200
DDMD/diffusion_model_deepfakes_lsun_bedroom/test/DDPM/004374,data/fakes/images/DDMD_diffusion_model_deepfakes_lsun_bedroom_test_DDPM_004374.jpg,1,diffusion,2020-06-19,DDPM,data/preprocessed/crop200_align16/DDMD_diffusion_model_deepfakes_lsun_bedroom_test_DDPM_004374.png,256,256,16,16,200,200
DDMD/diffusion_model_deepfakes_lsun_bedroom/test/DDPM/005098,data/fakes/images/DDMD_diffusion_model_deepfakes_lsun_bedroom_test_DDPM_005098.jpg,1,diffusion,2020-06-19,DDPM,data/preprocessed/crop200_align16/DDMD_diffusion_model_deepfakes_lsun_bedroom_test_DDPM_005098.png,256,256,16,16,200,200
DDMD/diffusion_model_deepfakes_lsun_bedroom/test/DDPM/005254,data/fakes/images/DDMD_diffusion_model_deepfakes_lsun_bedroom_test_DDPM_005254.jpg,1,diffusion,2020-06-19,DDPM,data/preprocessed/crop200_align16/DDMD_diffusion_model_deepfakes_lsun_bedroom_test_DDPM_005254.png,256,256,16,16,200,200
DDMD/diffusion_model_deepfakes_lsun_bedroom/test/DDPM/005476,data/fakes/images/DDMD_diffusion_model_deepfakes_lsun_bedroom_test_DDPM_005476.jpg,1,diffusion,2020-06-19,DDPM,data/preprocessed/crop200_align16/DDMD_diffusion_model_deepfakes_lsun_bedroom_test_DDPM_005476.png,256,256,16,16,200,200
DDMD/diffusion_model_deepfakes_lsun_bedroom/test/DDPM/005753,data/fakes/images/DDMD_diffusion_model_deepfakes_lsun_bedroom_test_DDPM_005753.jpg,1,diffusion,2020-06-19,DDPM,data/preprocessed/crop200_align16/DDMD_diffusion_model_deepfakes_lsun_bedroom_test_DDPM_005753.png,256,256,16,16,200,200
DDMD/diffusion_model_deepfakes_lsun_bedroom/test/DDPM/006938,data/fakes/images/DDMD_diffusion_model_deepfakes_lsun_bedroom_test_DDPM_006938.jpg,1,diffusion,2020-06-19,DDPM,data/preprocessed/crop200_align16/DDMD_diffusion_model_deepfakes_lsun_bedroom_test_DDPM_006938.png,256,256,16,16,200,200
DDMD/diffusion_model_deepfakes_lsun_bedroom/test/DDPM/007424,data/fakes/images/DDMD_diffusion_model_deepfakes_lsun_bedroom_test_DDPM_007424.jpg,1,diffusion,2020-06-19,DDPM,data/preprocessed/crop200_align16/DDMD_diffusion_model_deepfakes_lsun_bedroom_test_DDPM_007424.png,256,256,16,16,200,200
DDMD/diffusion_model_deepfakes_lsun_bedroom/test/DDPM/007642,data/fakes/images/DDMD_diffusion_model_deepfakes_lsun_bedroom_test_DDPM_007642.jpg,1,diffusion,2020-06-19,DDPM,data/preprocessed/crop200_align16/DDMD_diffusion_model_deepfakes_lsun_bedroom_test_DDPM_007642.png,256,256,16,16,200,200
DDMD/diffusion_model_deepfakes_lsun_bedroom/test/DDPM/007806,data/fakes/images/DDMD_diffusion_model_deepfakes_lsun_bedroom_test_DDPM_007806.jpg,1,diffusion,2020-06-19,DDPM,data/preprocessed/crop200_align16/DDMD_diffusion_model_deepfakes_lsun_bedroom_test_DDPM_007806.png,256,256,16,16,200,200
DDMD/diffusion_model_deepfakes_lsun_bedroom/test/DDPM/008244,data/fakes/images/DDMD_diffusion_model_deepfakes_lsun_bedroom_test_DDPM_008244.jpg,1,diffusion,2020-06-19,DDPM,data/preprocessed/crop200_align16/DDMD_diffusion_model_deepfakes_lsun_bedroom_test_DDPM_008244.png,256,256,16,16,200,200
DDMD/diffusion_model_deepfakes_lsun_bedroom/test/DDPM/009935,data/fakes/images/DDMD_diffusion_model_deepfakes_lsun_bedroom_test_DDPM_009935.jpg,1,diffusion,2020-06-19,DDPM,data/preprocessed/crop200_align16/DDMD_diffusion_model_deepfakes_lsun_bedroom_test_DDPM_009935.png,256,256,16,16,200,200
Artifact/cips/cips/cips-churces/img000521,data/fakes/images/Artifact_cips_cips_cips-churces_img000521.jpg,1,gan,2020-11-27,CIPS,data/preprocessed/crop200_align16/Artifact_cips_cips_cips-churces_img000521.png,200,200,0,0,200,200
Artifact/cips/cips/cips-churces/img002776,data/fakes/images/Artifact_cips_cips_cips-churces_img002776.jpg,1,gan,2020-11-27,CIPS,data/preprocessed/crop200_align16/Artifact_cips_cips_cips-churces_img002776.png,200,200,0,0,200,200
Artifact/cips/cips/cips-ffhq/img000048,data/fakes/images/Artifact_cips_cips_cips-ffhq_img000048.jpg,1,gan,2020-11-27,CIPS,data/preprocessed/crop200_align16/Artifact_cips_cips_cips-ffhq_img000048.png,200,200,0,0,200,200
Artifact/cips/cips/cips-ffhq/img000720,data/fakes/images/Artifact_cips_cips_cips-ffhq_img000720.jpg,1,gan,2020-11-27,CIPS,data/preprocessed/crop200_align16/Artifact_cips_cips_cips-ffhq_img000720.png,200,200,0,0,200,200
Artifact/cips/cips/cips-ffhq/img000920,data/fakes/images/Artifact_cips_cips_cips-ffhq_img000920.jpg,1,gan,2020-11-27,CIPS,data/preprocessed/crop200_align16/Artifact_cips_cips_cips-ffhq_img000920.png,200,200,0,0,200,200
Artifact/cips/cips/cips-ffhq/img001849,data/fakes/images/Artifact_cips_cips_cips-ffhq_img001849.jpg,1,gan,2020-11-27,CIPS,data/preprocessed/crop200_align16/Artifact_cips_cips_cips-ffhq_img001849.png,200,200,0,0,200,200
Artifact/cips/cips/cips-ffhq/img002015,data/fakes/images/Artifact_cips_cips_cips-ffhq_img002015.jpg,1,gan,2020-11-27,CIPS,data/preprocessed/crop200_align16/Artifact_cips_cips_cips-ffhq_img002015.png,200,200,0,0,200,200
Artifact/cips/cips/cips-ffhq/img002262,data/fakes/images/Artifact_cips_cips_cips-ffhq_img002262.jpg,1,gan,2020-11-27,CIPS,data/preprocessed/crop200_align16/Artifact_cips_cips_cips-ffhq_img002262.png,200,200,0,0,200,200
Artifact/cips/cips/cips-ffhq/img002938,data/fakes/images/Artifact_cips_cips_cips-ffhq_img002938.jpg,1,gan,2020-11-27,CIPS,data/preprocessed/crop200_align16/Artifact_cips_cips_cips-ffhq_img002938.png,200,200,0,0,200,200
Artifact/cips/cips/cips-ffhq/img003974,data/fakes/images/Artifact_cips_cips_cips-ffhq_img003974.jpg,1,gan,2020-11-27,CIPS,data/preprocessed/crop200_align16/Artifact_cips_cips_cips-ffhq_img003974.png,200,200,0,0,200,200
Artifact/cips/cips/cips-ffhq/img003997,data/fakes/images/Artifact_cips_cips_cips-ffhq_img003997.jpg,1,gan,2020-11-27,CIPS,data/preprocessed/crop200_align16/Artifact_cips_cips_cips-ffhq_img003997.png,200,200,0,0,200,200
Artifact/cips/cips/cips-ffhq/img004084,data/fakes/images/Artifact_cips_cips_cips-ffhq_img004084.jpg,1,gan,2020-11-27,CIPS,data/preprocessed/crop200_align16/Artifact_cips_cips_cips-ffhq_img004084.png,200,200,0,0,200,200
Artifact/cips/cips/cips-ffhq/img004171,data/fakes/images/Artifact_cips_cips_cips-ffhq_img004171.jpg,1,gan,2020-11-27,CIPS,data/preprocessed/crop200_align16/Artifact_cips_cips_cips-ffhq_img004171.png,200,200,0,0,200,200
Artifact/cips/cips/cips-landscape/img001189,data/fakes/images/Artifact_cips_cips_cips-landscape_img001189.jpg,1,gan,2020-11-27,CIPS,data/preprocessed/crop200_align16/Artifact_cips_cips_cips-landscape_img001189.png,200,200,0,0,200,200
Artifact/cips/cips/cips-landscape/img001772,data/fakes/images/Artifact_cips_cips_cips-landscape_img001772.jpg,1,gan,2020-11-27,CIPS,data/preprocessed/crop200_align16/Artifact_cips_cips_cips-landscape_img001772.png,200,200,0,0,200,200
Artifact/cips/cips/cips-landscape/img001934,data/fakes/images/Artifact_cips_cips_cips-landscape_img001934.jpg,1,gan,2020-11-27,CIPS,data/preprocessed/crop200_align16/Artifact_cips_cips_cips-landscape_img001934.png,200,200,0,0,200,200
Artifact/cips/cips/cips-landscape/img002236,data/fakes/images/Artifact_cips_cips_cips-landscape_img002236.jpg,1,gan,2020-11-27,CIPS,data/preprocessed/crop200_align16/Artifact_cips_cips_cips-landscape_img002236.png,200,200,0,0,200,200
Artifact/taming_transformer/tt-cc/cin_k600_p1.0_a0.05_fid5.20/17/img003986,data/fakes/images/Artifact_taming_transformer_tt-cc_cin_k600_p1.0_a0.05_fid5.20_17_img003986.jpg,1,autoregressive,2020-12-17,VQGAN,data/preprocessed/crop200_align16/Artifact_taming_transformer_tt-cc_cin_k600_p1.0_a0.05_fid5.20_17_img003986.png,200,200,0,0,200,200
Artifact/taming_transformer/tt-cc/cin_k600_p1.0_a0.05_fid5.20/182/img004696,data/fakes/images/Artifact_taming_transformer_tt-cc_cin_k600_p1.0_a0.05_fid5.20_182_img004696.jpg,1,autoregressive,2020-12-17,VQGAN,data/preprocessed/crop200_align16/Artifact_taming_transformer_tt-cc_cin_k600_p1.0_a0.05_fid5.20_182_img004696.png,200,200,0,0,200,200
Artifact/taming_transformer/tt-cc/cin_k600_p1.0_a0.05_fid5.20/375/img015391,data/fakes/images/Artifact_taming_transformer_tt-cc_cin_k600_p1.0_a0.05_fid5.20_375_img015391.jpg,1,autoregressive,2020-12-17,VQGAN,data/preprocessed/crop200_align16/Artifact_taming_transformer_tt-cc_cin_k600_p1.0_a0.05_fid5.20_375_img015391.png,200,200,0,0,200,200
Artifact/taming_transformer/tt-cc/cin_k600_p1.0_a0.05_fid5.20/64/img030082,data/fakes/images/Artifact_taming_transformer_tt-cc_cin_k600_p1.0_a0.05_fid5.20_64_img030082.jpg,1,autoregressive,2020-12-17,VQGAN,data/preprocessed/crop200_align16/Artifact_taming_transformer_tt-cc_cin_k600_p1.0_a0.05_fid5.20_64_img030082.png,200,200,0,0,200,200
Artifact/taming_transformer/tt-cc/cin_k600_p1.0_a0.05_fid5.20/661/img031276,data/fakes/images/Artifact_taming_transformer_tt-cc_cin_k600_p1.0_a0.05_fid5.20_661_img031276.jpg,1,autoregressive,2020-12-17,VQGAN,data/preprocessed/crop200_align16/Artifact_taming_transformer_tt-cc_cin_k600_p1.0_a0.05_fid5.20_661_img031276.png,200,200,0,0,200,200
Artifact/taming_transformer/tt-cc/cin_k600_p1.0_a0.05_fid5.20/773/img037499,data/fakes/images/Artifact_taming_transformer_tt-cc_cin_k600_p1.0_a0.05_fid5.20_773_img037499.jpg,1,autoregressive,2020-12-17,VQGAN,data/preprocessed/crop200_align16/Artifact_taming_transformer_tt-cc_cin_k600_p1.0_a0.05_fid5.20_773_img037499.png,200,200,0,0,200,200
Artifact/taming_transformer/tt-cc/cin_k600_p1.0_a0.05_fid5.20/81/img039540,data/fakes/images/Artifact_taming_transformer_tt-cc_cin_k600_p1.0_a0.05_fid5.20_81_img039540.jpg,1,autoregressive,2020-12-17,VQGAN,data/preprocessed/crop200_align16/Artifact_taming_transformer_tt-cc_cin_k600_p1.0_a0.05_fid5.20_81_img039540.png,200,200,0,0,200,200
Artifact/taming_transformer/tt-cc/cin_k600_p1.0_a0.05_fid5.20/868/img042706,data/fakes/images/Artifact_taming_transformer_tt-cc_cin_k600_p1.0_a0.05_fid5.20_868_img042706.jpg,1,autoregressive,2020-12-17,VQGAN,data/preprocessed/crop200_align16/Artifact_taming_transformer_tt-cc_cin_k600_p1.0_a0.05_fid5.20_868_img042706.png,200,200,0,0,200,200
Artifact/taming_transformer/tt-cc/cin_k600_p1.0_a0.05_fid5.20/965/img048139,data/fakes/images/Artifact_taming_transformer_tt-cc_cin_k600_p1.0_a0.05_fid5.20_965_img048139.jpg,1,autoregressive,2020-12-17,VQGAN,data/preprocessed/crop200_align16/Artifact_taming_transformer_tt-cc_cin_k600_p1.0_a0.05_fid5.20_965_img048139.png,200,200,0,0,200,200
Artifact/taming_transformer/tt-cc/cin_k600_p1.0_a0.05_fid5.20/987/img049336,data/fakes/images/Artifact_taming_transformer_tt-cc_cin_k600_p1.0_a0.05_fid5.20_987_img049336.jpg,1,autoregressive,2020-12-17,VQGAN,data/preprocessed/crop200_align16/Artifact_taming_transformer_tt-cc_cin_k600_p1.0_a0.05_fid5.20_987_img049336.png,200,200,0,0,200,200
Artifact/taming_transformer/tt-ffhq/ffhq_k300_p1.0_fid9.6/img003450,data/fakes/images/Artifact_taming_transformer_tt-ffhq_ffhq_k300_p1.0_fid9.6_img003450.jpg,1,autoregressive,2020-12-17,VQGAN,data/preprocessed/crop200_align16/Artifact_taming_transformer_tt-ffhq_ffhq_k300_p1.0_fid9.6_img003450.png,200,200,0,0,200,200
Artifact/taming_transformer/tt-ffhq/ffhq_k300_p1.0_fid9.6/img007979,data/fakes/images/Artifact_taming_transformer_tt-ffhq_ffhq_k300_p1.0_fid9.6_img007979.jpg,1,autoregressive,2020-12-17,VQGAN,data/preprocessed/crop200_align16/Artifact_taming_transformer_tt-ffhq_ffhq_k300_p1.0_fid9.6_img007979.png,200,200,0,0,200,200
Artifact/taming_transformer/tt-ffhq/ffhq_k300_p1.0_fid9.6/img026386,data/fakes/images/Artifact_taming_transformer_tt-ffhq_ffhq_k300_p1.0_fid9.6_img026386.jpg,1,autoregressive,2020-12-17,VQGAN,data/preprocessed/crop200_align16/Artifact_taming_transformer_tt-ffhq_ffhq_k300_p1.0_fid9.6_img026386.png,200,200,0,0,200,200
Artifact/taming_transformer/tt-ffhq/ffhq_k300_p1.0_fid9.6/img027756,data/fakes/images/Artifact_taming_transformer_tt-ffhq_ffhq_k300_p1.0_fid9.6_img027756.jpg,1,autoregressive,2020-12-17,VQGAN,data/preprocessed/crop200_align16/Artifact_taming_transformer_tt-ffhq_ffhq_k300_p1.0_fid9.6_img027756.png,200,200,0,0,200,200
Artifact/taming_transformer/tt-ffhq/ffhq_k300_p1.0_fid9.6/img031179,data/fakes/images/Artifact_taming_transformer_tt-ffhq_ffhq_k300_p1.0_fid9.6_img031179.jpg,1,autoregressive,2020-12-17,VQGAN,data/preprocessed/crop200_align16/Artifact_taming_transformer_tt-ffhq_ffhq_k300_p1.0_fid9.6_img031179.png,200,200,0,0,200,200
DMimageDetection/test/taming-transformers_class2image_ImageNet/138_000003,data/fakes/images/DMimageDetection_test_taming-transformers_class2image_ImageNet_138_000003.jpg,1,autoregressive,2020-12-17,VQGAN,data/preprocessed/crop200_align16/DMimageDetection_test_taming-transformers_class2image_ImageNet_138_000003.png,256,256,16,16,200,200
DMimageDetection/test/taming-transformers_noise2image_FFHQ/taming-transformers_noise2img-ffhq256_000433,data/fakes/images/DMimageDetection_test_taming-transformers_noise2image_FFHQ_taming-transformers_noise2img-ffhq256_000433.jpg,1,autoregressive,2020-12-17,VQGAN,data/preprocessed/crop200_align16/DMimageDetection_test_taming-transformers_noise2image_FFHQ_taming-transformers_noise2img-ffhq256_000433.png,256,256,16,16,200,200
Artifact/gansformer/gf/bedrooms_images/img000159,data/fakes/images/Artifact_gansformer_gf_bedrooms_images_img000159.jpg,1,gan,2021-03-01,GANformer,data/preprocessed/crop200_align16/Artifact_gansformer_gf_bedrooms_images_img000159.png,200,200,0,0,200,200
Artifact/gansformer/gf/bedrooms_images/img000651,data/fakes/images/Artifact_gansformer_gf_bedrooms_images_img000651.jpg,1,gan,2021-03-01,GANformer,data/preprocessed/crop200_align16/Artifact_gansformer_gf_bedrooms_images_img000651.png,200,200,0,0,200,200
Artifact/gansformer/gf/bedrooms_images/img001932,data/fakes/images/Artifact_gansformer_gf_bedrooms_images_img001932.jpg,1,gan,2021-03-01,GANformer,data/preprocessed/crop200_align16/Artifact_gansformer_gf_bedrooms_images_img001932.png,200,200,0,0,200,200
Artifact/gansformer/gf/bedrooms_images/img003063,data/fakes/images/Artifact_gansformer_gf_bedrooms_images_img003063.jpg,1,gan,2021-03-01,GANformer,data/preprocessed/crop200_align16/Artifact_gansformer_gf_bedrooms_images_img003063.png,200,200,0,0,200,200
Artifact/gansformer/gf/bedrooms_images/img003553,data/fakes/images/Artifact_gansformer_gf_bedrooms_images_img003553.jpg,1,gan,2021-03-01,GANformer,data/preprocessed/crop200_align16/Artifact_gansformer_gf_bedrooms_images_img003553.png,200,200,0,0,200,200
Artifact/gansformer/gf/bedrooms_images/img003959,data/fakes/images/Artifact_gansformer_gf_bedrooms_images_img003959.jpg,1,gan,2021-03-01,GANformer,data/preprocessed/crop200_align16/Artifact_gansformer_gf_bedrooms_images_img003959.png,200,200,0,0,200,200
Artifact/gansformer/gf/bedrooms_images/img004027,data/fakes/images/Artifact_gansformer_gf_bedrooms_images_img004027.jpg,1,gan,2021-03-01,GANformer,data/preprocessed/crop200_align16/Artifact_gansformer_gf_bedrooms_images_img004027.png,200,200,0,0,200,200
Artifact/gansformer/gf/bedrooms_images/img004184,data/fakes/images/Artifact_gansformer_gf_bedrooms_images_img004184.jpg,1,gan,2021-03-01,GANformer,data/preprocessed/crop200_align16/Artifact_gansformer_gf_bedrooms_images_img004184.png,200,200,0,0,200,200
Artifact/gansformer/gf/bedrooms_images/img004659,data/fakes/images/Artifact_gansformer_gf_bedrooms_images_img004659.jpg,1,gan,2021-03-01,GANformer,data/preprocessed/crop200_align16/Artifact_gansformer_gf_bedrooms_images_img004659.png,200,200,0,0,200,200
Artifact/gansformer/gf/bedrooms_images/img004749,data/fakes/images/Artifact_gansformer_gf_bedrooms_images_img004749.jpg,1,gan,2021-03-01,GANformer,data/preprocessed/crop200_align16/Artifact_gansformer_gf_bedrooms_images_img004749.png,200,200,0,0,200,200
Artifact/gansformer/gf/ffhq_images/img005066,data/fakes/images/Artifact_gansformer_gf_ffhq_images_img005066.jpg,1,gan,2021-03-01,GANformer,data/preprocessed/crop200_align16/Artifact_gansformer_gf_ffhq_images_img005066.png,200,200,0,0,200,200
Artifact/gansformer/gf/ffhq_images/img005381,data/fakes/images/Artifact_gansformer_gf_ffhq_images_img005381.jpg,1,gan,2021-03-01,GANformer,data/preprocessed/crop200_align16/Artifact_gansformer_gf_ffhq_images_img005381.png,200,200,0,0,200,200
Artifact/gansformer/gf/ffhq_images/img006325,data/fakes/images/Artifact_gansformer_gf_ffhq_images_img006325.jpg,1,gan,2021-03-01,GANformer,data/preprocessed/crop200_align16/Artifact_gansformer_gf_ffhq_images_img006325.png,200,200,0,0,200,200
Artifact/gansformer/gf/ffhq_images/img006401,data/fakes/images/Artifact_gansformer_gf_ffhq_images_img006401.jpg,1,gan,2021-03-01,GANformer,data/preprocessed/crop200_align16/Artifact_gansformer_gf_ffhq_images_img006401.png,200,200,0,0,200,200
Artifact/gansformer/gf/ffhq_images/img006590,data/fakes/images/Artifact_gansformer_gf_ffhq_images_img006590.jpg,1,gan,2021-03-01,GANformer,data/preprocessed/crop200_align16/Artifact_gansformer_gf_ffhq_images_img006590.png,200,200,0,0,200,200
Artifact/gansformer/gf/ffhq_images/img007217,data/fakes/images/Artifact_gansformer_gf_ffhq_images_img007217.jpg,1,gan,2021-03-01,GANformer,data/preprocessed/crop200_align16/Artifact_gansformer_gf_ffhq_images_img007217.png,200,200,0,0,200,200
Artifact/gansformer/gf/ffhq_images/img008944,data/fakes/images/Artifact_gansformer_gf_ffhq_images_img008944.jpg,1,gan,2021-03-01,GANformer,data/preprocessed/crop200_align16/Artifact_gansformer_gf_ffhq_images_img008944.png,200,200,0,0,200,200
DDMD/diffusion_model_deepfakes_lsun_bedroom/test/ADM/001196,data/fakes/images/DDMD_diffusion_model_deepfakes_lsun_bedroom_test_ADM_001196.jpg,1,diffusion,2021-05-11,ADM,data/preprocessed/crop200_align16/DDMD_diffusion_model_deepfakes_lsun_bedroom_test_ADM_001196.png,256,256,16,16,200,200
DDMD/diffusion_model_deepfakes_lsun_bedroom/test/ADM/004688,data/fakes/images/DDMD_diffusion_model_deepfakes_lsun_bedroom_test_ADM_004688.jpg,1,diffusion,2021-05-11,ADM,data/preprocessed/crop200_align16/DDMD_diffusion_model_deepfakes_lsun_bedroom_test_ADM_004688.png,256,256,16,16,200,200
DDMD/diffusion_model_deepfakes_lsun_bedroom/test/ADM/006548,data/fakes/images/DDMD_diffusion_model_deepfakes_lsun_bedroom_test_ADM_006548.jpg,1,diffusion,2021-05-11,ADM,data/preprocessed/crop200_align16/DDMD_diffusion_model_deepfakes_lsun_bedroom_test_ADM_006548.png,256,256,16,16,200,200
DMimageDetection/test/guided-diffusion_noise2image_LSUNhorses/guided-diffusion_noise2img-lsunhorses-nodropout_221,data/fakes/images/DMimageDetection_test_guided-diffusion_noise2image_LSUNhorses_guided-diffusion_noise2img-lsunhorses-nodropout_221.jpg,1,diffusion,2021-05-11,ADM,data/preprocessed/crop200_align16/DMimageDetection_test_guided-diffusion_noise2image_LSUNhorses_guided-diffusion_noise2img-lsunhorses-nodropout_221.png,256,256,16,16,200,200
DMimageDetection/test/guided-diffusion_noise2image_LSUNhorses/guided-diffusion_noise2img-lsunhorses-nodropout_47,data/fakes/images/DMimageDetection_test_guided-diffusion_noise2image_LSUNhorses_guided-diffusion_noise2img-lsunhorses-nodropout_47.jpg,1,diffusion,2021-05-11,ADM,data/preprocessed/crop200_align16/DMimageDetection_test_guided-diffusion_noise2image_LSUNhorses_guided-diffusion_noise2img-lsunhorses-nodropout_47.png,256,256,16,16,200,200
GenImage/ADM/train/ai/175_adm_24,data/fakes/images/GenImage_ADM_train_ai_175_adm_24.jpg,1,diffusion,2021-05-11,ADM,data/preprocessed/crop200_align16/GenImage_ADM_train_ai_175_adm_24.png,256,256,16,16,200,200
GenImage/ADM/train/ai/313_adm_126,data/fakes/images/GenImage_ADM_train_ai_313_adm_126.jpg,1,diffusion,2021-05-11,ADM,data/preprocessed/crop200_align16/GenImage_ADM_train_ai_313_adm_126.png,256,256,16,16,200,200
GenImage/ADM/train/ai/444_adm_189,data/fakes/images/GenImage_ADM_train_ai_444_adm_189.jpg,1,diffusion,2021-05-11,ADM,data/preprocessed/crop200_align16/GenImage_ADM_train_ai_444_adm_189.png,256,256,16,16,200,200
GenImage/ADM/train/ai/623_adm_184,data/fakes/images/GenImage_ADM_train_ai_623_adm_184.jpg,1,diffusion,2021-05-11,ADM,data/preprocessed/crop200_align16/GenImage_ADM_train_ai_623_adm_184.png,256,256,16,16,200,200
GenImage/ADM/train/ai/683_adm_16,data/fakes/images/GenImage_ADM_train_ai_683_adm_16.jpg,1,diffusion,2021-05-11,ADM,data/preprocessed/crop200_align16/GenImage_ADM_train_ai_683_adm_16.png,256,256,16,16,200,200
GenImage/ADM/train/ai/68_adm_15,data/fakes/images/GenImage_ADM_train_ai_68_adm_15.jpg,1,diffusion,2021-05-11,ADM,data/preprocessed/crop200_align16/GenImage_ADM_train_ai_68_adm_15.png,256,256,16,16,200,200
GenImage/ADM/train/ai/794_adm_156,data/fakes/images/GenImage_ADM_train_ai_794_adm_156.jpg,1,diffusion,2021-05-11,ADM,data/preprocessed/crop200_align16/GenImage_ADM_train_ai_794_adm_156.png,256,256,16,16,200,200
GenImage/ADM/train/ai/819_adm_60,data/fakes/images/GenImage_ADM_train_ai_819_adm_60.jpg,1,diffusion,2021-05-11,ADM,data/preprocessed/crop200_align16/GenImage_ADM_train_ai_819_adm_60.png,256,256,16,16,200,200
GenImage/ADM/train/ai/82_adm_13,data/fakes/images/GenImage_ADM_train_ai_82_adm_13.jpg,1,diffusion,2021-05-11,ADM,data/preprocessed/crop200_align16/GenImage_ADM_train_ai_82_adm_13.png,256,256,16,16,200,200
GenImage/ADM/train/ai/857_adm_190,data/fakes/images/GenImage_ADM_train_ai_857_adm_190.jpg,1,diffusion,2021-05-11,ADM,data/preprocessed/crop200_align16/GenImage_ADM_train_ai_857_adm_190.png,256,256,16,16,200,200
GenImage/ADM/train/ai/917_adm_87,data/fakes/images/GenImage_ADM_train_ai_917_adm_87.jpg,1,diffusion,2021-05-11,ADM,data/preprocessed/crop200_align16/GenImage_ADM_train_ai_917_adm_87.png,256,256,16,16,200,200
GenImage/ADM/val/ai/718_adm_34,data/fakes/images/GenImage_ADM_val_ai_718_adm_34.jpg,1,diffusion,2021-05-11,ADM,data/preprocessed/crop200_align16/GenImage_ADM_val_ai_718_adm_34.png,256,256,16,16,200,200
Artifact/stylegan3/sg3/stylegan3-r-afhqv2-512x512/img001989,data/fakes/images/Artifact_stylegan3_sg3_stylegan3-r-afhqv2-512x512_img001989.jpg,1,gan,2021-06-23,StyleGAN3,data/preprocessed/crop200_align16/Artifact_stylegan3_sg3_stylegan3-r-afhqv2-512x512_img001989.png,200,200,0,0,200,200
Artifact/stylegan3/sg3/stylegan3-r-ffhq-1024x1024/img003554,data/fakes/images/Artifact_stylegan3_sg3_stylegan3-r-ffhq-1024x1024_img003554.jpg,1,gan,2021-06-23,StyleGAN3,data/preprocessed/crop200_align16/Artifact_stylegan3_sg3_stylegan3-r-ffhq-1024x1024_img003554.png,200,200,0,0,200,200
Artifact/stylegan3/sg3/stylegan3-r-ffhqu-1024x1024/img005941,data/fakes/images/Artifact_stylegan3_sg3_stylegan3-r-ffhqu-1024x1024_img005941.jpg,1,gan,2021-06-23,StyleGAN3,data/preprocessed/crop200_align16/Artifact_stylegan3_sg3_stylegan3-r-ffhqu-1024x1024_img005941.png,200,200,0,0,200,200
Artifact/stylegan3/sg3/stylegan3-r-ffhqu-256x256/img001362,data/fakes/images/Artifact_stylegan3_sg3_stylegan3-r-ffhqu-256x256_img001362.jpg,1,gan,2021-06-23,StyleGAN3,data/preprocessed/crop200_align16/Artifact_stylegan3_sg3_stylegan3-r-ffhqu-256x256_img001362.png,200,200,0,0,200,200
Artifact/stylegan3/sg3/stylegan3-r-metfacesu-1024x1024/img001053,data/fakes/images/Artifact_stylegan3_sg3_stylegan3-r-metfacesu-1024x1024_img001053.jpg,1,gan,2021-06-23,StyleGAN3,data/preprocessed/crop200_align16/Artifact_stylegan3_sg3_stylegan3-r-metfacesu-1024x1024_img001053.png,200,200,0,0,200,200
Artifact/stylegan3/sg3/stylegan3-t-afhqv2-512x512/img000359,data/fakes/images/Artifact_stylegan3_sg3_stylegan3-t-afhqv2-512x512_img000359.jpg,1,gan,2021-06-23,StyleGAN3,data/preprocessed/crop200_align16/Artifact_stylegan3_sg3_stylegan3-t-afhqv2-512x512_img000359.png,200,200,0,0,200,200
Artifact/stylegan3/sg3/stylegan3-t-afhqv2-512x512/img000768,data/fakes/images/Artifact_stylegan3_sg3_stylegan3-t-afhqv2-512x512_img000768.jpg,1,gan,2021-06-23,StyleGAN3,data/preprocessed/crop200_align16/Artifact_stylegan3_sg3_stylegan3-t-afhqv2-512x512_img000768.png,200,200,0,0,200,200
Artifact/stylegan3/sg3/stylegan3-t-afhqv2-512x512/img002124,data/fakes/images/Artifact_stylegan3_sg3_stylegan3-t-afhqv2-512x512_img002124.jpg,1,gan,2021-06-23,StyleGAN3,data/preprocessed/crop200_align16/Artifact_stylegan3_sg3_stylegan3-t-afhqv2-512x512_img002124.png,200,200,0,0,200,200
Artifact/stylegan3/sg3/stylegan3-t-ffhq-1024x1024/img002710,data/fakes/images/Artifact_stylegan3_sg3_stylegan3-t-ffhq-1024x1024_img002710.jpg,1,gan,2021-06-23,StyleGAN3,data/preprocessed/crop200_align16/Artifact_stylegan3_sg3_stylegan3-t-ffhq-1024x1024_img002710.png,200,200,0,0,200,200
Artifact/stylegan3/sg3/stylegan3-t-ffhq-1024x1024/img004514,data/fakes/images/Artifact_stylegan3_sg3_stylegan3-t-ffhq-1024x1024_img004514.jpg,1,gan,2021-06-23,StyleGAN3,data/preprocessed/crop200_align16/Artifact_stylegan3_sg3_stylegan3-t-ffhq-1024x1024_img004514.png,200,200,0,0,200,200
Artifact/stylegan3/sg3/stylegan3-t-ffhqu-1024x1024/img004459,data/fakes/images/Artifact_stylegan3_sg3_stylegan3-t-ffhqu-1024x1024_img004459.jpg,1,gan,2021-06-23,StyleGAN3,data/preprocessed/crop200_align16/Artifact_stylegan3_sg3_stylegan3-t-ffhqu-1024x1024_img004459.png,200,200,0,0,200,200
Artifact/stylegan3/sg3/stylegan3-t-ffhqu-1024x1024/img007100,data/fakes/images/Artifact_stylegan3_sg3_stylegan3-t-ffhqu-1024x1024_img007100.jpg,1,gan,2021-06-23,StyleGAN3,data/preprocessed/crop200_align16/Artifact_stylegan3_sg3_stylegan3-t-ffhqu-1024x1024_img007100.png,200,200,0,0,200,200
Artifact/stylegan3/sg3/stylegan3-t-ffhqu-256x256/img001025,data/fakes/images/Artifact_stylegan3_sg3_stylegan3-t-ffhqu-256x256_img001025.jpg,1,gan,2021-06-23,StyleGAN3,data/preprocessed/crop200_align16/Artifact_stylegan3_sg3_stylegan3-t-ffhqu-256x256_img001025.png,200,200,0,0,200,200
Artifact/stylegan3/sg3/stylegan3-t-ffhqu-256x256/img003179,data/fakes/images/Artifact_stylegan3_sg3_stylegan3-t-ffhqu-256x256_img003179.jpg,1,gan,2021-06-23,StyleGAN3,data/preprocessed/crop200_align16/Artifact_stylegan3_sg3_stylegan3-t-ffhqu-256x256_img003179.png,200,200,0,0,200,200
Artifact/stylegan3/sg3/stylegan3-t-ffhqu-256x256/img007822,data/fakes/images/Artifact_stylegan3_sg3_stylegan3-t-ffhqu-256x256_img007822.jpg,1,gan,2021-06-23,StyleGAN3,data/preprocessed/crop200_align16/Artifact_stylegan3_sg3_stylegan3-t-ffhqu-256x256_img007822.png,200,200,0,0,200,200
Artifact/stylegan3/sg3/stylegan3-t-metfaces-1024x1024/img003032,data/fakes/images/Artifact_stylegan3_sg3_stylegan3-t-metfaces-1024x1024_img003032.jpg,1,gan,2021-06-23,StyleGAN3,data/preprocessed/crop200_align16/Artifact_stylegan3_sg3_stylegan3-t-metfaces-1024x1024_img003032.png,200,200,0,0,200,200
DMimageDetection/test/stylegan3_t_ffhqu_1024x1024/seed12678157,data/fakes/images/DMimageDetection_test_stylegan3_t_ffhqu_1024x1024_seed12678157.jpg,1,gan,2021-06-23,StyleGAN3,data/preprocessed/crop200_align16/DMimageDetection_test_stylegan3_t_ffhqu_1024x1024_seed12678157.png,1024,1024,400,400,200,200
Artifact/lama/lama/lama-dataset/celeb/lamaDeep/img001290,data/fakes/images/Artifact_lama_lama_lama-dataset_celeb_lamaDeep_img001290.jpg,1,inpainting,2021-09-15,LaMa,data/preprocessed/crop200_align16/Artifact_lama_lama_lama-dataset_celeb_lamaDeep_img001290.png,200,200,0,0,200,200
Artifact/lama/lama/lama-dataset/celeb/lamaDeep/img001546,data/fakes/images/Artifact_lama_lama_lama-dataset_celeb_lamaDeep_img001546.jpg,1,inpainting,2021-09-15,LaMa,data/preprocessed/crop200_align16/Artifact_lama_lama_lama-dataset_celeb_lamaDeep_img001546.png,200,200,0,0,200,200
Artifact/lama/lama/lama-dataset/celeb/lamaDeep/img001993,data/fakes/images/Artifact_lama_lama_lama-dataset_celeb_lamaDeep_img001993.jpg,1,inpainting,2021-09-15,LaMa,data/preprocessed/crop200_align16/Artifact_lama_lama_lama-dataset_celeb_lamaDeep_img001993.png,200,200,0,0,200,200
Artifact/lama/lama/lama-dataset/celeb/lamaDeep/img002808,data/fakes/images/Artifact_lama_lama_lama-dataset_celeb_lamaDeep_img002808.jpg,1,inpainting,2021-09-15,LaMa,data/preprocessed/crop200_align16/Artifact_lama_lama_lama-dataset_celeb_lamaDeep_img002808.png,200,200,0,0,200,200
Artifact/lama/lama/lama-dataset/celeb/lamaDilated/img005493,data/fakes/images/Artifact_lama_lama_lama-dataset_celeb_lamaDilated_img005493.jpg,1,inpainting,2021-09-15,LaMa,data/preprocessed/crop200_align16/Artifact_lama_lama_lama-dataset_celeb_lamaDilated_img005493.png,200,200,0,0,200,200
Artifact/lama/lama/lama-dataset/celeb/lamaDilated/img005928,data/fakes/images/Artifact_lama_lama_lama-dataset_celeb_lamaDilated_img005928.jpg,1,inpainting,2021-09-15,LaMa,data/preprocessed/crop200_align16/Artifact_lama_lama_lama-dataset_celeb_lamaDilated_img005928.png,200,200,0,0,200,200
Artifact/lama/lama/lama-dataset/celeb/lamaFourier/img009907,data/fakes/images/Artifact_lama_lama_lama-dataset_celeb_lamaFourier_img009907.jpg,1,inpainting,2021-09-15,LaMa,data/preprocessed/crop200_align16/Artifact_lama_lama_lama-dataset_celeb_lamaFourier_img009907.png,200,200,0,0,200,200
Artifact/lama/lama/lama-dataset/places/bigLama/img011015,data/fakes/images/Artifact_lama_lama_lama-dataset_places_bigLama_img011015.jpg,1,inpainting,2021-09-15,LaMa,data/preprocessed/crop200_align16/Artifact_lama_lama_lama-dataset_places_bigLama_img011015.png,200,200,0,0,200,200
Artifact/lama/lama/lama-dataset/places/bigLama/img012657,data/fakes/images/Artifact_lama_lama_lama-dataset_places_bigLama_img012657.jpg,1,inpainting,2021-09-15,LaMa,data/preprocessed/crop200_align16/Artifact_lama_lama_lama-dataset_places_bigLama_img012657.png,200,200,0,0,200,200
Artifact/lama/lama/lama-dataset/places/lamaDilated/img014220,data/fakes/images/Artifact_lama_lama_lama-dataset_places_lamaDilated_img014220.jpg,1,inpainting,2021-09-15,LaMa,data/preprocessed/crop200_align16/Artifact_lama_lama_lama-dataset_places_lamaDilated_img014220.png,200,200,0,0,200,200
Artifact/lama/lama/lama-dataset/places/lamaFourier/img018174,data/fakes/images/Artifact_lama_lama_lama-dataset_places_lamaFourier_img018174.jpg,1,inpainting,2021-09-15,LaMa,data/preprocessed/crop200_align16/Artifact_lama_lama_lama-dataset_places_lamaFourier_img018174.png,200,200,0,0,200,200
Artifact/lama/lama/lama-dataset/places/lamaFourier/img018500,data/fakes/images/Artifact_lama_lama_lama-dataset_places_lamaFourier_img018500.jpg,1,inpainting,2021-09-15,LaMa,data/preprocessed/crop200_align16/Artifact_lama_lama_lama-dataset_places_lamaFourier_img018500.png,200,200,0,0,200,200
Artifact/lama/lama/lama-dataset/places/lamaFourier/img018530,data/fakes/images/Artifact_lama_lama_lama-dataset_places_lamaFourier_img018530.jpg,1,inpainting,2021-09-15,LaMa,data/preprocessed/crop200_align16/Artifact_lama_lama_lama-dataset_places_lamaFourier_img018530.png,200,200,0,0,200,200
Artifact/lama/lama/lama-dataset/places/lamaFourier/img018571,data/fakes/images/Artifact_lama_lama_lama-dataset_places_lamaFourier_img018571.jpg,1,inpainting,2021-09-15,LaMa,data/preprocessed/crop200_align16/Artifact_lama_lama_lama-dataset_places_lamaFourier_img018571.png,200,200,0,0,200,200
Artifact/lama/lama/lama-dataset/places/lamaFourier/img020779,data/fakes/images/Artifact_lama_lama_lama-dataset_places_lamaFourier_img020779.jpg,1,inpainting,2021-09-15,LaMa,data/preprocessed/crop200_align16/Artifact_lama_lama_lama-dataset_places_lamaFourier_img020779.png,200,200,0,0,200,200
Artifact/lama/lama/lama-dataset/places/lamaRegular/img021538,data/fakes/images/Artifact_lama_lama_lama-dataset_places_lamaRegular_img021538.jpg,1,inpainting,2021-09-15,LaMa,data/preprocessed/crop200_align16/Artifact_lama_lama_lama-dataset_places_lamaRegular_img021538.png,200,200,0,0,200,200
Artifact/lama/lama/lama-dataset/places/lamaRegular/img023446,data/fakes/images/Artifact_lama_lama_lama-dataset_places_lamaRegular_img023446.jpg,1,inpainting,2021-09-15,LaMa,data/preprocessed/crop200_align16/Artifact_lama_lama_lama-dataset_places_lamaRegular_img023446.png,200,200,0,0,200,200
Artifact/face_synthetics/facesyn/images/img000134,data/fakes/images/Artifact_face_synthetics_facesyn_images_img000134.jpg,1,graphics,2021-09-30,FaceSynthetics,data/preprocessed/crop200_align16/Artifact_face_synthetics_facesyn_images_img000134.png,200,200,0,0,200,200
Artifact/face_synthetics/facesyn/images/img000958,data/fakes/images/Artifact_face_synthetics_facesyn_images_img000958.jpg,1,graphics,2021-09-30,FaceSynthetics,data/preprocessed/crop200_align16/Artifact_face_synthetics_facesyn_images_img000958.png,200,200,0,0,200,200
Artifact/face_synthetics/facesyn/images/img001571,data/fakes/images/Artifact_face_synthetics_facesyn_images_img001571.jpg,1,graphics,2021-09-30,FaceSynthetics,data/preprocessed/crop200_align16/Artifact_face_synthetics_facesyn_images_img001571.png,200,200,0,0,200,200
Artifact/face_synthetics/facesyn/images/img001657,data/fakes/images/Artifact_face_synthetics_facesyn_images_img001657.jpg,1,graphics,2021-09-30,FaceSynthetics,data/preprocessed/crop200_align16/Artifact_face_synthetics_facesyn_images_img001657.png,200,200,0,0,200,200
Artifact/face_synthetics/facesyn/images/img001728,data/fakes/images/Artifact_face_synthetics_facesyn_images_img001728.jpg,1,graphics,2021-09-30,FaceSynthetics,data/preprocessed/crop200_align16/Artifact_face_synthetics_facesyn_images_img001728.png,200,200,0,0,200,200
Artifact/face_synthetics/facesyn/images/img002232,data/fakes/images/Artifact_face_synthetics_facesyn_images_img002232.jpg,1,graphics,2021-09-30,FaceSynthetics,data/preprocessed/crop200_align16/Artifact_face_synthetics_facesyn_images_img002232.png,200,200,0,0,200,200
Artifact/face_synthetics/facesyn/images/img003709,data/fakes/images/Artifact_face_synthetics_facesyn_images_img003709.jpg,1,graphics,2021-09-30,FaceSynthetics,data/preprocessed/crop200_align16/Artifact_face_synthetics_facesyn_images_img003709.png,200,200,0,0,200,200
Artifact/face_synthetics/facesyn/images/img006355,data/fakes/images/Artifact_face_synthetics_facesyn_images_img006355.jpg,1,graphics,2021-09-30,FaceSynthetics,data/preprocessed/crop200_align16/Artifact_face_synthetics_facesyn_images_img006355.png,200,200,0,0,200,200
Artifact/face_synthetics/facesyn/images/img006393,data/fakes/images/Artifact_face_synthetics_facesyn_images_img006393.jpg,1,graphics,2021-09-30,FaceSynthetics,data/preprocessed/crop200_align16/Artifact_face_synthetics_facesyn_images_img006393.png,200,200,0,0,200,200
Artifact/face_synthetics/facesyn/images/img006952,data/fakes/images/Artifact_face_synthetics_facesyn_images_img006952.jpg,1,graphics,2021-09-30,FaceSynthetics,data/preprocessed/crop200_align16/Artifact_face_synthetics_facesyn_images_img006952.png,200,200,0,0,200,200
Artifact/face_synthetics/facesyn/images/img007170,data/fakes/images/Artifact_face_synthetics_facesyn_images_img007170.jpg,1,graphics,2021-09-30,FaceSynthetics,data/preprocessed/crop200_align16/Artifact_face_synthetics_facesyn_images_img007170.png,200,200,0,0,200,200
Artifact/face_synthetics/facesyn/images/img007431,data/fakes/images/Artifact_face_synthetics_facesyn_images_img007431.jpg,1,graphics,2021-09-30,FaceSynthetics,data/preprocessed/crop200_align16/Artifact_face_synthetics_facesyn_images_img007431.png,200,200,0,0,200,200
Artifact/face_synthetics/facesyn/images/img007596,data/fakes/images/Artifact_face_synthetics_facesyn_images_img007596.jpg,1,graphics,2021-09-30,FaceSynthetics,data/preprocessed/crop200_align16/Artifact_face_synthetics_facesyn_images_img007596.png,200,200,0,0,200,200
Artifact/face_synthetics/facesyn/images/img007602,data/fakes/images/Artifact_face_synthetics_facesyn_images_img007602.jpg,1,graphics,2021-09-30,FaceSynthetics,data/preprocessed/crop200_align16/Artifact_face_synthetics_facesyn_images_img007602.png,200,200,0,0,200,200
Artifact/face_synthetics/facesyn/images/img007907,data/fakes/images/Artifact_face_synthetics_facesyn_images_img007907.jpg,1,graphics,2021-09-30,FaceSynthetics,data/preprocessed/crop200_align16/Artifact_face_synthetics_facesyn_images_img007907.png,200,200,0,0,200,200
Artifact/face_synthetics/facesyn/images/img008557,data/fakes/images/Artifact_face_synthetics_facesyn_images_img008557.jpg,1,graphics,2021-09-30,FaceSynthetics,data/preprocessed/crop200_align16/Artifact_face_synthetics_facesyn_images_img008557.png,200,200,0,0,200,200
Artifact/face_synthetics/facesyn/images/img008748,data/fakes/images/Artifact_face_synthetics_facesyn_images_img008748.jpg,1,graphics,2021-09-30,FaceSynthetics,data/preprocessed/crop200_align16/Artifact_face_synthetics_facesyn_images_img008748.png,200,200,0,0,200,200
Artifact/projected_gan/proj/art_painting/img000077,data/fakes/images/Artifact_projected_gan_proj_art_painting_img000077.jpg,1,gan,2021-11-01,ProjectedGAN,data/preprocessed/crop200_align16/Artifact_projected_gan_proj_art_painting_img000077.png,200,200,0,0,200,200
Artifact/projected_gan/proj/art_painting/img000639,data/fakes/images/Artifact_projected_gan_proj_art_painting_img000639.jpg,1,gan,2021-11-01,ProjectedGAN,data/preprocessed/crop200_align16/Artifact_projected_gan_proj_art_painting_img000639.png,200,200,0,0,200,200
Artifact/projected_gan/proj/art_painting/img001983,data/fakes/images/Artifact_projected_gan_proj_art_painting_img001983.jpg,1,gan,2021-11-01,ProjectedGAN,data/preprocessed/crop200_align16/Artifact_projected_gan_proj_art_painting_img001983.png,200,200,0,0,200,200
Artifact/projected_gan/proj/bedroom/img002572,data/fakes/images/Artifact_projected_gan_proj_bedroom_img002572.jpg,1,gan,2021-11-01,ProjectedGAN,data/preprocessed/crop200_align16/Artifact_projected_gan_proj_bedroom_img002572.png,200,200,0,0,200,200
Artifact/projected_gan/proj/bedroom/img003244,data/fakes/images/Artifact_projected_gan_proj_bedroom_img003244.jpg,1,gan,2021-11-01,ProjectedGAN,data/preprocessed/crop200_align16/Artifact_projected_gan_proj_bedroom_img003244.png,200,200,0,0,200,200
Artifact/projected_gan/proj/ffhq/img008126,data/fakes/images/Artifact_projected_gan_proj_ffhq_img008126.jpg,1,gan,2021-11-01,ProjectedGAN,data/preprocessed/crop200_align16/Artifact_projected_gan_proj_ffhq_img008126.png,200,200,0,0,200,200
Artifact/projected_gan/proj/landscape/img010396,data/fakes/images/Artifact_projected_gan_proj_landscape_img010396.jpg,1,gan,2021-11-01,ProjectedGAN,data/preprocessed/crop200_align16/Artifact_projected_gan_proj_landscape_img010396.png,200,200,0,0,200,200
DDMD/diffusion_model_deepfakes_lsun_bedroom/test/ProjectedGAN/seed1042,data/fakes/images/DDMD_diffusion_model_deepfakes_lsun_bedroom_test_ProjectedGAN_seed1042.jpg,1,gan,2021-11-01,ProjectedGAN,data/preprocessed/crop200_align16/DDMD_diffusion_model_deepfakes_lsun_bedroom_test_ProjectedGAN_seed1042.png,256,256,16,16,200,200
DDMD/diffusion_model_deepfakes_lsun_bedroom/test/ProjectedGAN/seed1690,data/fakes/images/DDMD_diffusion_model_deepfakes_lsun_bedroom_test_ProjectedGAN_seed1690.jpg,1,gan,2021-11-01,ProjectedGAN,data/preprocessed/crop200_align16/DDMD_diffusion_model_deepfakes_lsun_bedroom_test_ProjectedGAN_seed1690.png,256,256,16,16,200,200
DDMD/diffusion_model_deepfakes_lsun_bedroom/test/ProjectedGAN/seed3297,data/fakes/images/DDMD_diffusion_model_deepfakes_lsun_bedroom_test_ProjectedGAN_seed3297.jpg,1,gan,2021-11-01,ProjectedGAN,data/preprocessed/crop200_align16/DDMD_diffusion_model_deepfakes_lsun_bedroom_test_ProjectedGAN_seed3297.png,256,256,16,16,200,200
DDMD/diffusion_model_deepfakes_lsun_bedroom/test/ProjectedGAN/seed3908,data/fakes/images/DDMD_diffusion_model_deepfakes_lsun_bedroom_test_ProjectedGAN_seed3908.jpg,1,gan,2021-11-01,ProjectedGAN,data/preprocessed/crop200_align16/DDMD_diffusion_model_deepfakes_lsun_bedroom_test_ProjectedGAN_seed3908.png,256,256,16,16,200,200
DDMD/diffusion_model_deepfakes_lsun_bedroom/test/ProjectedGAN/seed4778,data/fakes/images/DDMD_diffusion_model_deepfakes_lsun_bedroom_test_ProjectedGAN_seed4778.jpg,1,gan,2021-11-01,ProjectedGAN,data/preprocessed/crop200_align16/DDMD_diffusion_model_deepfakes_lsun_bedroom_test_ProjectedGAN_seed4778.png,256,256,16,16,200,200
DDMD/diffusion_model_deepfakes_lsun_bedroom/test/ProjectedGAN/seed5026,data/fakes/images/DDMD_diffusion_model_deepfakes_lsun_bedroom_test_ProjectedGAN_seed5026.jpg,1,gan,2021-11-01,ProjectedGAN,data/preprocessed/crop200_align16/DDMD_diffusion_model_deepfakes_lsun_bedroom_test_ProjectedGAN_seed5026.png,256,256,16,16,200,200
DDMD/diffusion_model_deepfakes_lsun_bedroom/test/ProjectedGAN/seed6369,data/fakes/images/DDMD_diffusion_model_deepfakes_lsun_bedroom_test_ProjectedGAN_seed6369.jpg,1,gan,2021-11-01,ProjectedGAN,data/preprocessed/crop200_align16/DDMD_diffusion_model_deepfakes_lsun_bedroom_test_ProjectedGAN_seed6369.png,256,256,16,16,200,200
DDMD/diffusion_model_deepfakes_lsun_bedroom/test/ProjectedGAN/seed6416,data/fakes/images/DDMD_diffusion_model_deepfakes_lsun_bedroom_test_ProjectedGAN_seed6416.jpg,1,gan,2021-11-01,ProjectedGAN,data/preprocessed/crop200_align16/DDMD_diffusion_model_deepfakes_lsun_bedroom_test_ProjectedGAN_seed6416.png,256,256,16,16,200,200
DDMD/diffusion_model_deepfakes_lsun_bedroom/test/ProjectedGAN/seed7238,data/fakes/images/DDMD_diffusion_model_deepfakes_lsun_bedroom_test_ProjectedGAN_seed7238.jpg,1,gan,2021-11-01,ProjectedGAN,data/preprocessed/crop200_align16/DDMD_diffusion_model_deepfakes_lsun_bedroom_test_ProjectedGAN_seed7238.png,256,256,16,16,200,200
DDMD/diffusion_model_deepfakes_lsun_bedroom/test/ProjectedGAN/seed8729,data/fakes/images/DDMD_diffusion_model_deepfakes_lsun_bedroom_test_ProjectedGAN_seed8729.jpg,1,gan,2021-11-01,ProjectedGAN,data/preprocessed/crop200_align16/DDMD_diffusion_model_deepfakes_lsun_bedroom_test_ProjectedGAN_seed8729.png,256,256,16,16,200,200
Artifact/palette/palette/images/img001005,data/fakes/images/Artifact_palette_palette_images_img001005.jpg,1,diffusion,2021-11-10,Palette,data/preprocessed/crop200_align16/Artifact_palette_palette_images_img001005.png,200,200,0,0,200,200
Artifact/palette/palette/images/img001236,data/fakes/images/Artifact_palette_palette_images_img001236.jpg,1,diffusion,2021-11-10,Palette,data/preprocessed/crop200_align16/Artifact_palette_palette_images_img001236.png,200,200,0,0,200,200
Artifact/palette/palette/images/img001306,data/fakes/images/Artifact_palette_palette_images_img001306.jpg,1,diffusion,2021-11-10,Palette,data/preprocessed/crop200_align16/Artifact_palette_palette_images_img001306.png,200,200,0,0,200,200
Artifact/palette/palette/images/img001720,data/fakes/images/Artifact_palette_palette_images_img001720.jpg,1,diffusion,2021-11-10,Palette,data/preprocessed/crop200_align16/Artifact_palette_palette_images_img001720.png,200,200,0,0,200,200
Artifact/palette/palette/images/img001961,data/fakes/images/Artifact_palette_palette_images_img001961.jpg,1,diffusion,2021-11-10,Palette,data/preprocessed/crop200_align16/Artifact_palette_palette_images_img001961.png,200,200,0,0,200,200
Artifact/palette/palette/images/img002090,data/fakes/images/Artifact_palette_palette_images_img002090.jpg,1,diffusion,2021-11-10,Palette,data/preprocessed/crop200_align16/Artifact_palette_palette_images_img002090.png,200,200,0,0,200,200
Artifact/palette/palette/images/img002463,data/fakes/images/Artifact_palette_palette_images_img002463.jpg,1,diffusion,2021-11-10,Palette,data/preprocessed/crop200_align16/Artifact_palette_palette_images_img002463.png,200,200,0,0,200,200
Artifact/palette/palette/images/img002821,data/fakes/images/Artifact_palette_palette_images_img002821.jpg,1,diffusion,2021-11-10,Palette,data/preprocessed/crop200_align16/Artifact_palette_palette_images_img002821.png,200,200,0,0,200,200
Artifact/palette/palette/images/img003285,data/fakes/images/Artifact_palette_palette_images_img003285.jpg,1,diffusion,2021-11-10,Palette,data/preprocessed/crop200_align16/Artifact_palette_palette_images_img003285.png,200,200,0,0,200,200
Artifact/palette/palette/images/img003931,data/fakes/images/Artifact_palette_palette_images_img003931.jpg,1,diffusion,2021-11-10,Palette,data/preprocessed/crop200_align16/Artifact_palette_palette_images_img003931.png,200,200,0,0,200,200
Artifact/palette/palette/images/img004013,data/fakes/images/Artifact_palette_palette_images_img004013.jpg,1,diffusion,2021-11-10,Palette,data/preprocessed/crop200_align16/Artifact_palette_palette_images_img004013.png,200,200,0,0,200,200
Artifact/palette/palette/images/img004317,data/fakes/images/Artifact_palette_palette_images_img004317.jpg,1,diffusion,2021-11-10,Palette,data/preprocessed/crop200_align16/Artifact_palette_palette_images_img004317.png,200,200,0,0,200,200
Artifact/palette/palette/images/img004810,data/fakes/images/Artifact_palette_palette_images_img004810.jpg,1,diffusion,2021-11-10,Palette,data/preprocessed/crop200_align16/Artifact_palette_palette_images_img004810.png,200,200,0,0,200,200
Artifact/palette/palette/images/img004969,data/fakes/images/Artifact_palette_palette_images_img004969.jpg,1,diffusion,2021-11-10,Palette,data/preprocessed/crop200_align16/Artifact_palette_palette_images_img004969.png,200,200,0,0,200,200
Artifact/palette/palette/images/img005143,data/fakes/images/Artifact_palette_palette_images_img005143.jpg,1,diffusion,2021-11-10,Palette,data/preprocessed/crop200_align16/Artifact_palette_palette_images_img005143.png,200,200,0,0,200,200
Artifact/palette/palette/images/img005607,data/fakes/images/Artifact_palette_palette_images_img005607.jpg,1,diffusion,2021-11-10,Palette,data/preprocessed/crop200_align16/Artifact_palette_palette_images_img005607.png,200,200,0,0,200,200
Artifact/palette/palette/images/img005781,data/fakes/images/Artifact_palette_palette_images_img005781.jpg,1,diffusion,2021-11-10,Palette,data/preprocessed/crop200_align16/Artifact_palette_palette_images_img005781.png,200,200,0,0,200,200
Artifact/vq_diffusion/vqdiff-imgnet/148/img000550,data/fakes/images/Artifact_vq_diffusion_vqdiff-imgnet_148_img000550.jpg,1,diffusion,2021-11-29,VQ-Diffusion,data/preprocessed/crop200_align16/Artifact_vq_diffusion_vqdiff-imgnet_148_img000550.png,200,200,0,0,200,200
Artifact/vq_diffusion/vqdiff-imgnet/219/img001342,data/fakes/images/Artifact_vq_diffusion_vqdiff-imgnet_219_img001342.jpg,1,diffusion,2021-11-29,VQ-Diffusion,data/preprocessed/crop200_align16/Artifact_vq_diffusion_vqdiff-imgnet_219_img001342.png,200,200,0,0,200,200
Artifact/vq_diffusion/vqdiff-imgnet/243/img001611,data/fakes/images/Artifact_vq_diffusion_vqdiff-imgnet_243_img001611.jpg,1,diffusion,2021-11-29,VQ-Diffusion,data/preprocessed/crop200_align16/Artifact_vq_diffusion_vqdiff-imgnet_243_img001611.png,200,200,0,0,200,200
Artifact/vq_diffusion/vqdiff-imgnet/253/img001727,data/fakes/images/Artifact_vq_diffusion_vqdiff-imgnet_253_img001727.jpg,1,diffusion,2021-11-29,VQ-Diffusion,data/preprocessed/crop200_align16/Artifact_vq_diffusion_vqdiff-imgnet_253_img001727.png,200,200,0,0,200,200
Artifact/vq_diffusion/vqdiff-imgnet/261/img001816,data/fakes/images/Artifact_vq_diffusion_vqdiff-imgnet_261_img001816.jpg,1,diffusion,2021-11-29,VQ-Diffusion,data/preprocessed/crop200_align16/Artifact_vq_diffusion_vqdiff-imgnet_261_img001816.png,200,200,0,0,200,200
Artifact/vq_diffusion/vqdiff-imgnet/412/img003497,data/fakes/images/Artifact_vq_diffusion_vqdiff-imgnet_412_img003497.jpg,1,diffusion,2021-11-29,VQ-Diffusion,data/preprocessed/crop200_align16/Artifact_vq_diffusion_vqdiff-imgnet_412_img003497.png,200,200,0,0,200,200
Artifact/vq_diffusion/vqdiff-imgnet/492/img004371,data/fakes/images/Artifact_vq_diffusion_vqdiff-imgnet_492_img004371.jpg,1,diffusion,2021-11-29,VQ-Diffusion,data/preprocessed/crop200_align16/Artifact_vq_diffusion_vqdiff-imgnet_492_img004371.png,200,200,0,0,200,200
Artifact/vq_diffusion/vqdiff-imgnet/540/img004918,data/fakes/images/Artifact_vq_diffusion_vqdiff-imgnet_540_img004918.jpg,1,diffusion,2021-11-29,VQ-Diffusion,data/preprocessed/crop200_align16/Artifact_vq_diffusion_vqdiff-imgnet_540_img004918.png,200,200,0,0,200,200
Artifact/vq_diffusion/vqdiff-imgnet/717/img006878,data/fakes/images/Artifact_vq_diffusion_vqdiff-imgnet_717_img006878.jpg,1,diffusion,2021-11-29,VQ-Diffusion,data/preprocessed/crop200_align16/Artifact_vq_diffusion_vqdiff-imgnet_717_img006878.png,200,200,0,0,200,200
Artifact/vq_diffusion/vqdiff-imgnet/877/img008645,data/fakes/images/Artifact_vq_diffusion_vqdiff-imgnet_877_img008645.jpg,1,diffusion,2021-11-29,VQ-Diffusion,data/preprocessed/crop200_align16/Artifact_vq_diffusion_vqdiff-imgnet_877_img008645.png,200,200,0,0,200,200
GenImage/VQ-Diffusion/train/ai/VQDM_1000_200_05_544_vqdm_00179,data/fakes/images/GenImage_VQ-Diffusion_train_ai_VQDM_1000_200_05_544_vqdm_00179.jpg,1,diffusion,2021-11-29,VQ-Diffusion,data/preprocessed/crop200_align16/GenImage_VQ-Diffusion_train_ai_VQDM_1000_200_05_544_vqdm_00179.png,256,256,16,16,200,200
GenImage/VQ-Diffusion/train/ai/VQDM_1000_200_05_565_vqdm_00105,data/fakes/images/GenImage_VQ-Diffusion_train_ai_VQDM_1000_200_05_565_vqdm_00105.jpg,1,diffusion,2021-11-29,VQ-Diffusion,data/preprocessed/crop200_align16/GenImage_VQ-Diffusion_train_ai_VQDM_1000_200_05_565_vqdm_00105.png,256,256,16,16,200,200
GenImage/VQ-Diffusion/train/ai/VQDM_1000_200_05_578_vqdm_00150,data/fakes/images/GenImage_VQ-Diffusion_train_ai_VQDM_1000_200_05_578_vqdm_00150.jpg,1,diffusion,2021-11-29,VQ-Diffusion,data/preprocessed/crop200_align16/GenImage_VQ-Diffusion_train_ai_VQDM_1000_200_05_578_vqdm_00150.png,256,256,16,16,200,200
GenImage/VQ-Diffusion/train/ai/VQDM_1000_200_07_705_vqdm_00106,data/fakes/images/GenImage_VQ-Diffusion_train_ai_VQDM_1000_200_07_705_vqdm_00106.jpg,1,diffusion,2021-11-29,VQ-Diffusion,data/preprocessed/crop200_align16/GenImage_VQ-Diffusion_train_ai_VQDM_1000_200_07_705_vqdm_00106.png,256,256,16,16,200,200
GenImage/VQ-Diffusion/train/ai/VQDM_1000_200_07_741_vqdm_00034,data/fakes/images/GenImage_VQ-Diffusion_train_ai_VQDM_1000_200_07_741_vqdm_00034.jpg,1,diffusion,2021-11-29,VQ-Diffusion,data/preprocessed/crop200_align16/GenImage_VQ-Diffusion_train_ai_VQDM_1000_200_07_741_vqdm_00034.png,256,256,16,16,200,200
GenImage/VQ-Diffusion/train/ai/VQDM_1000_200_09_960_vqdm_00113,data/fakes/images/GenImage_VQ-Diffusion_train_ai_VQDM_1000_200_09_960_vqdm_00113.jpg,1,diffusion,2021-11-29,VQ-Diffusion,data/preprocessed/crop200_align16/GenImage_VQ-Diffusion_train_ai_VQDM_1000_200_09_960_vqdm_00113.png,256,256,16,16,200,200
GenImage/VQ-Diffusion/val/ai/VQDM_1000_200_04_403_vqdm_00143,data/fakes/images/GenImage_VQ-Diffusion_val_ai_VQDM_1000_200_04_403_vqdm_00143.jpg,1,diffusion,2021-11-29,VQ-Diffusion,data/preprocessed/crop200_align16/GenImage_VQ-Diffusion_val_ai_VQDM_1000_200_04_403_vqdm_00143.png,256,256,16,16,200,200
Artifact/denoising_diffusion_gan/dgd/denoising-diffusion-gan-data/img000313,data/fakes/images/Artifact_denoising_diffusion_gan_dgd_denoising-diffusion-gan-data_img000313.jpg,1,diffusion,2021-12-16,Denoising Diffusion GAN,data/preprocessed/crop200_align16/Artifact_denoising_diffusion_gan_dgd_denoising-diffusion-gan-data_img000313.png,200,200,0,0,200,200
Artifact/denoising_diffusion_gan/dgd/denoising-diffusion-gan-data/img000367,data/fakes/images/Artifact_denoising_diffusion_gan_dgd_denoising-diffusion-gan-data_img000367.jpg,1,diffusion,2021-12-16,Denoising Diffusion GAN,data/preprocessed/crop200_align16/Artifact_denoising_diffusion_gan_dgd_denoising-diffusion-gan-data_img000367.png,200,200,0,0,200,200
Artifact/denoising_diffusion_gan/dgd/denoising-diffusion-gan-data/img000794,data/fakes/images/Artifact_denoising_diffusion_gan_dgd_denoising-diffusion-gan-data_img000794.jpg,1,diffusion,2021-12-16,Denoising Diffusion GAN,data/preprocessed/crop200_align16/Artifact_denoising_diffusion_gan_dgd_denoising-diffusion-gan-data_img000794.png,200,200,0,0,200,200
Artifact/denoising_diffusion_gan/dgd/denoising-diffusion-gan-data/img001030,data/fakes/images/Artifact_denoising_diffusion_gan_dgd_denoising-diffusion-gan-data_img001030.jpg,1,diffusion,2021-12-16,Denoising Diffusion GAN,data/preprocessed/crop200_align16/Artifact_denoising_diffusion_gan_dgd_denoising-diffusion-gan-data_img001030.png,200,200,0,0,200,200
Artifact/denoising_diffusion_gan/dgd/denoising-diffusion-gan-data/img001536,data/fakes/images/Artifact_denoising_diffusion_gan_dgd_denoising-diffusion-gan-data_img001536.jpg,1,diffusion,2021-12-16,Denoising Diffusion GAN,data/preprocessed/crop200_align16/Artifact_denoising_diffusion_gan_dgd_denoising-diffusion-gan-data_img001536.png,200,200,0,0,200,200
Artifact/denoising_diffusion_gan/dgd/denoising-diffusion-gan-data/img002384,data/fakes/images/Artifact_denoising_diffusion_gan_dgd_denoising-diffusion-gan-data_img002384.jpg,1,diffusion,2021-12-16,Denoising Diffusion GAN,data/preprocessed/crop200_align16/Artifact_denoising_diffusion_gan_dgd_denoising-diffusion-gan-data_img002384.png,200,200,0,0,200,200
Artifact/denoising_diffusion_gan/dgd/denoising-diffusion-gan-data/img002640,data/fakes/images/Artifact_denoising_diffusion_gan_dgd_denoising-diffusion-gan-data_img002640.jpg,1,diffusion,2021-12-16,Denoising Diffusion GAN,data/preprocessed/crop200_align16/Artifact_denoising_diffusion_gan_dgd_denoising-diffusion-gan-data_img002640.png,200,200,0,0,200,200
Artifact/denoising_diffusion_gan/dgd/denoising-diffusion-gan-data/img004877,data/fakes/images/Artifact_denoising_diffusion_gan_dgd_denoising-diffusion-gan-data_img004877.jpg,1,diffusion,2021-12-16,Denoising Diffusion GAN,data/preprocessed/crop200_align16/Artifact_denoising_diffusion_gan_dgd_denoising-diffusion-gan-data_img004877.png,200,200,0,0,200,200
Artifact/denoising_diffusion_gan/dgd/denoising-diffusion-gan-data/img005632,data/fakes/images/Artifact_denoising_diffusion_gan_dgd_denoising-diffusion-gan-data_img005632.jpg,1,diffusion,2021-12-16,Denoising Diffusion GAN,data/preprocessed/crop200_align16/Artifact_denoising_diffusion_gan_dgd_denoising-diffusion-gan-data_img005632.png,200,200,0,0,200,200
Artifact/denoising_diffusion_gan/dgd/denoising-diffusion-gan-data/img006137,data/fakes/images/Artifact_denoising_diffusion_gan_dgd_denoising-diffusion-gan-data_img006137.jpg,1,diffusion,2021-12-16,Denoising Diffusion GAN,data/preprocessed/crop200_align16/Artifact_denoising_diffusion_gan_dgd_denoising-diffusion-gan-data_img006137.png,200,200,0,0,200,200
Artifact/denoising_diffusion_gan/dgd/denoising-diffusion-gan-data/img006155,data/fakes/images/Artifact_denoising_diffusion_gan_dgd_denoising-diffusion-gan-data_img006155.jpg,1,diffusion,2021-12-16,Denoising Diffusion GAN,data/preprocessed/crop200_align16/Artifact_denoising_diffusion_gan_dgd_denoising-diffusion-gan-data_img006155.png,200,200,0,0,200,200
Artifact/denoising_diffusion_gan/dgd/denoising-diffusion-gan-data/img006166,data/fakes/images/Artifact_denoising_diffusion_gan_dgd_denoising-diffusion-gan-data_img006166.jpg,1,diffusion,2021-12-16,Denoising Diffusion GAN,data/preprocessed/crop200_align16/Artifact_denoising_diffusion_gan_dgd_denoising-diffusion-gan-data_img006166.png,200,200,0,0,200,200
Artifact/denoising_diffusion_gan/dgd/denoising-diffusion-gan-data/img006907,data/fakes/images/Artifact_denoising_diffusion_gan_dgd_denoising-diffusion-gan-data_img006907.jpg,1,diffusion,2021-12-16,Denoising Diffusion GAN,data/preprocessed/crop200_align16/Artifact_denoising_diffusion_gan_dgd_denoising-diffusion-gan-data_img006907.png,200,200,0,0,200,200
Artifact/denoising_diffusion_gan/dgd/denoising-diffusion-gan-data/img007033,data/fakes/images/Artifact_denoising_diffusion_gan_dgd_denoising-diffusion-gan-data_img007033.jpg,1,diffusion,2021-12-16,Denoising Diffusion GAN,data/preprocessed/crop200_align16/Artifact_denoising_diffusion_gan_dgd_denoising-diffusion-gan-data_img007033.png,200,200,0,0,200,200
Artifact/denoising_diffusion_gan/dgd/denoising-diffusion-gan-data/img007203,data/fakes/images/Artifact_denoising_diffusion_gan_dgd_denoising-diffusion-gan-data_img007203.jpg,1,diffusion,2021-12-16,Denoising Diffusion GAN,data/preprocessed/crop200_align16/Artifact_denoising_diffusion_gan_dgd_denoising-diffusion-gan-data_img007203.png,200,200,0,0,200,200
Artifact/denoising_diffusion_gan/dgd/denoising-diffusion-gan-data/img007671,data/fakes/images/Artifact_denoising_diffusion_gan_dgd_denoising-diffusion-gan-data_img007671.jpg,1,diffusion,2021-12-16,Denoising Diffusion GAN,data/preprocessed/crop200_align16/Artifact_denoising_diffusion_gan_dgd_denoising-diffusion-gan-data_img007671.png,200,200,0,0,200,200
Artifact/denoising_diffusion_gan/dgd/denoising-diffusion-gan-data/img008212,data/fakes/images/Artifact_denoising_diffusion_gan_dgd_denoising-diffusion-gan-data_img008212.jpg,1,diffusion,2021-12-16,Denoising Diffusion GAN,data/preprocessed/crop200_align16/Artifact_denoising_diffusion_gan_dgd_denoising-diffusion-gan-data_img008212.png,200,200,0,0,200,200
Artifact/glide/glide-in/images/img005520,data/fakes/images/Artifact_glide_glide-in_images_img005520.jpg,1,diffusion,2021-12-20,Glide,data/preprocessed/crop200_align16/Artifact_glide_glide-in_images_img005520.png,200,200,0,0,200,200
Artifact/glide/glide-in/images/img008267,data/fakes/images/Artifact_glide_glide-in_images_img008267.jpg,1,diffusion,2021-12-20,Glide,data/preprocessed/crop200_align16/Artifact_glide_glide-in_images_img008267.png,200,200,0,0,200,200
Artifact/glide/glide-t2i/images/img004688,data/fakes/images/Artifact_glide_glide-t2i_images_img004688.jpg,1,diffusion,2021-12-20,Glide,data/preprocessed/crop200_align16/Artifact_glide_glide-t2i_images_img004688.png,200,200,0,0,200,200
Artifact/glide/glide-t2i/images/img005269,data/fakes/images/Artifact_glide_glide-t2i_images_img005269.jpg,1,diffusion,2021-12-20,Glide,data/preprocessed/crop200_align16/Artifact_glide_glide-t2i_images_img005269.png,200,200,0,0,200,200
Artifact/glide/glide-t2i/images/img006981,data/fakes/images/Artifact_glide_glide-t2i_images_img006981.jpg,1,diffusion,2021-12-20,Glide,data/preprocessed/crop200_align16/Artifact_glide_glide-t2i_images_img006981.png,200,200,0,0,200,200
DMimageDetection/test/glide_text2img_valid/ann000000173889,data/fakes/images/DMimageDetection_test_glide_text2img_valid_ann000000173889.jpg,1,diffusion,2021-12-20,Glide,data/preprocessed/crop200_align16/DMimageDetection_test_glide_text2img_valid_ann000000173889.png,256,256,16,16,200,200
DMimageDetection/test/glide_text2img_valid/ann000000272467,data/fakes/images/DMimageDetection_test_glide_text2img_valid_ann000000272467.jpg,1,diffusion,2021-12-20,Glide,data/preprocessed/crop200_align16/DMimageDetection_test_glide_text2img_valid_ann000000272467.png,256,256,16,16,200,200
DMimageDetection/test/glide_text2img_valid/ann000000321294,data/fakes/images/DMimageDetection_test_glide_text2img_valid_ann000000321294.jpg,1,diffusion,2021-12-20,Glide,data/preprocessed/crop200_align16/DMimageDetection_test_glide_text2img_valid_ann000000321294.png,256,256,16,16,200,200
DMimageDetection/test/glide_text2img_valid/ann000000333027,data/fakes/images/DMimageDetection_test_glide_text2img_valid_ann000000333027.jpg,1,diffusion,2021-12-20,Glide,data/preprocessed/crop200_align16/DMimageDetection_test_glide_text2img_valid_ann000000333027.png,256,256,16,16,200,200
DMimageDetection/test/glide_text2img_valid/ann000000333426,data/fakes/images/DMimageDetection_test_glide_text2img_valid_ann000000333426.jpg,1,diffusion,2021-12-20,Glide,data/preprocessed/crop200_align16/DMimageDetection_test_glide_text2img_valid_ann000000333426.png,256,256,16,16,200,200
GenImage/Glide/train/ai/GLIDE_1000_200_03_310_glide_00076,data/fakes/images/GenImage_Glide_train_ai_GLIDE_1000_200_03_310_glide_00076.jpg,1,diffusion,2021-12-20,Glide,data/preprocessed/crop200_align16/GenImage_Glide_train_ai_GLIDE_1000_200_03_310_glide_00076.png,256,256,16,16,200,200
GenImage/Glide/train/ai/GLIDE_1000_200_03_319_glide_00093,data/fakes/images/GenImage_Glide_train_ai_GLIDE_1000_200_03_319_glide_00093.jpg,1,diffusion,2021-12-20,Glide,data/preprocessed/crop200_align16/GenImage_Glide_train_ai_GLIDE_1000_200_03_319_glide_00093.png,256,256,16,16,200,200
GenImage/Glide/train/ai/GLIDE_1000_200_09_941_glide_00102,data/fakes/images/GenImage_Glide_train_ai_GLIDE_1000_200_09_941_glide_00102.jpg,1,diffusion,2021-12-20,Glide,data/preprocessed/crop200_align16/GenImage_Glide_train_ai_GLIDE_1000_200_09_941_glide_00102.png,256,256,16,16,200,200
GenImage/Glide/val/ai/GLIDE_1000_200_07_789_glide_00074,data/fakes/images/GenImage_Glide_val_ai_GLIDE_1000_200_07_789_glide_00074.jpg,1,diffusion,2021-12-20,Glide,data/preprocessed/crop200_align16/GenImage_Glide_val_ai_GLIDE_1000_200_07_789_glide_00074.png,256,256,16,16,200,200
Polardiffshield/Glide/00000106,data/fakes/images/Polardiffshield_Glide_00000106.jpg,1,diffusion,2021-12-20,Glide,data/preprocessed/crop200_align16/Polardiffshield_Glide_00000106.png,256,256,16,16,200,200
Polardiffshield/Glide/00000228,data/fakes/images/Polardiffshield_Glide_00000228.jpg,1,diffusion,2021-12-20,Glide,data/preprocessed/crop200_align16/Polardiffshield_Glide_00000228.png,256,256,16,16,200,200
Synthbuster/glide/r19d92967t,data/fakes/images/Synthbuster_glide_r19d92967t.jpg,1,diffusion,2021-12-20,Glide,data/preprocessed/crop200_align16/Synthbuster_glide_r19d92967t.png,256,256,16,16,200,200
Artifact/latent_diffusion/latentdiff-t2i/images/img000068,data/fakes/images/Artifact_latent_diffusion_latentdiff-t2i_images_img000068.jpg,1,diffusion,2021-12-21,Latent Diffusion,data/preprocessed/crop200_align16/Artifact_latent_diffusion_latentdiff-t2i_images_img000068.png,200,200,0,0,200,200
Artifact/latent_diffusion/latentdiff-t2i/images/img001609,data/fakes/images/Artifact_latent_diffusion_latentdiff-t2i_images_img001609.jpg,1,diffusion,2021-12-21,Latent Diffusion,data/preprocessed/crop200_align16/Artifact_latent_diffusion_latentdiff-t2i_images_img001609.png,200,200,0,0,200,200
Artifact/latent_diffusion/latentdiff-t2i/images/img002310,data/fakes/images/Artifact_latent_diffusion_latentdiff-t2i_images_img002310.jpg,1,diffusion,2021-12-21,Latent Diffusion,data/preprocessed/crop200_align16/Artifact_latent_diffusion_latentdiff-t2i_images_img002310.png,200,200,0,0,200,200
Artifact/latent_diffusion/latentdiff/43/img003681,data/fakes/images/Artifact_latent_diffusion_latentdiff_43_img003681.jpg,1,diffusion,2021-12-21,Latent Diffusion,data/preprocessed/crop200_align16/Artifact_latent_diffusion_latentdiff_43_img003681.png,200,200,0,0,200,200
Artifact/latent_diffusion/latentdiff/462/img004041,data/fakes/images/Artifact_latent_diffusion_latentdiff_462_img004041.jpg,1,diffusion,2021-12-21,Latent Diffusion,data/preprocessed/crop200_align16/Artifact_latent_diffusion_latentdiff_462_img004041.png,200,200,0,0,200,200
Artifact/latent_diffusion/latentdiff/672/img006375,data/fakes/images/Artifact_latent_diffusion_latentdiff_672_img006375.jpg,1,diffusion,2021-12-21,Latent Diffusion,data/preprocessed/crop200_align16/Artifact_latent_diffusion_latentdiff_672_img006375.png,200,200,0,0,200,200
DDMD/diffusion_model_deepfakes_lsun_bedroom/test/LDM/sample_001180,data/fakes/images/DDMD_diffusion_model_deepfakes_lsun_bedroom_test_LDM_sample_001180.jpg,1,diffusion,2021-12-21,Latent Diffusion,data/preprocessed/crop200_align16/DDMD_diffusion_model_deepfakes_lsun_bedroom_test_LDM_sample_001180.png,256,256,16,16,200,200
DDMD/diffusion_model_deepfakes_lsun_bedroom/test/LDM/sample_004061,data/fakes/images/DDMD_diffusion_model_deepfakes_lsun_bedroom_test_LDM_sample_004061.jpg,1,diffusion,2021-12-21,Latent Diffusion,data/preprocessed/crop200_align16/DDMD_diffusion_model_deepfakes_lsun_bedroom_test_LDM_sample_004061.png,256,256,16,16,200,200
DDMD/diffusion_model_deepfakes_lsun_bedroom/test/LDM/sample_005016,data/fakes/images/DDMD_diffusion_model_deepfakes_lsun_bedroom_test_LDM_sample_005016.jpg,1,diffusion,2021-12-21,Latent Diffusion,data/preprocessed/crop200_align16/DDMD_diffusion_model_deepfakes_lsun_bedroom_test_LDM_sample_005016.png,256,256,16,16,200,200
DDMD/diffusion_model_deepfakes_lsun_bedroom/test/LDM/sample_005282,data/fakes/images/DDMD_diffusion_model_deepfakes_lsun_bedroom_test_LDM_sample_005282.jpg,1,diffusion,2021-12-21,Latent Diffusion,data/preprocessed/crop200_align16/DDMD_diffusion_model_deepfakes_lsun_bedroom_test_LDM_sample_005282.png,256,256,16,16,200,200
DDMD/diffusion_model_deepfakes_lsun_bedroom/test/LDM/sample_006981,data/fakes/images/DDMD_diffusion_model_deepfakes_lsun_bedroom_test_LDM_sample_006981.jpg,1,diffusion,2021-12-21,Latent Diffusion,data/preprocessed/crop200_align16/DDMD_diffusion_model_deepfakes_lsun_bedroom_test_LDM_sample_006981.png,256,256,16,16,200,200
DDMD/diffusion_model_deepfakes_lsun_bedroom/test/LDM/sample_007155,data/fakes/images/DDMD_diffusion_model_deepfakes_lsun_bedroom_test_LDM_sample_007155.jpg,1,diffusion,2021-12-21,Latent Diffusion,data/preprocessed/crop200_align16/DDMD_diffusion_model_deepfakes_lsun_bedroom_test_LDM_sample_007155.png,256,256,16,16,200,200
DMimageDetection/test/latent-diffusion_class2image_ImageNet/latent-diffusion_class2img-imagenet_class-513_0513,data/fakes/images/DMimageDetection_test_latent-diffusion_class2image_ImageNet_latent-diffusion_class2img-imagenet_class-513_0513.jpg,1,diffusion,2021-12-21,Latent Diffusion,data/preprocessed/crop200_align16/DMimageDetection_test_latent-diffusion_class2image_ImageNet_latent-diffusion_class2img-imagenet_class-513_0513.png,256,256,16,16,200,200
DMimageDetection/test/latent-diffusion_noise2image_LSUNbedrooms/latent-diffusion_noise2img-lsunbedrooms256_sample_000265,data/fakes/images/DMimageDetection_test_latent-diffusion_noise2image_LSUNbedrooms_latent-diffusion_noise2img-lsunbedrooms256_sample_000265.jpg,1,diffusion,2021-12-21,Latent Diffusion,data/preprocessed/crop200_align16/DMimageDetection_test_latent-diffusion_noise2image_LSUNbedrooms_latent-diffusion_noise2img-lsunbedrooms256_sample_000265.png,256,256,16,16,200,200
DMimageDetection/train/latent_diffusion_text2img_set0/latent-diffusion_text2img_cocotrain2017_133273,data/fakes/images/DMimageDetection_train_latent_diffusion_text2img_set0_latent-diffusion_text2img_cocotrain2017_133273.jpg,1,diffusion,2021-12-21,Latent Diffusion,data/preprocessed/crop200_align16/DMimageDetection_train_latent_diffusion_text2img_set0_latent-diffusion_text2img_cocotrain2017_133273.png,256,256,16,16,200,200
DMimageDetection/train/latent_diffusion_text2img_set0/latent-diffusion_text2img_cocotrain2017_715262,data/fakes/images/DMimageDetection_train_latent_diffusion_text2img_set0_latent-diffusion_text2img_cocotrain2017_715262.jpg,1,diffusion,2021-12-21,Latent Diffusion,data/preprocessed/crop200_align16/DMimageDetection_train_latent_diffusion_text2img_set0_latent-diffusion_text2img_cocotrain2017_715262.png,256,256,16,16,200,200
DMimageDetection/valid/latent_diffusion_text2img_set2/latent-diffusion_text2img_cocotrain2017_628415,data/fakes/images/DMimageDetection_valid_latent_diffusion_text2img_set2_latent-diffusion_text2img_cocotrain2017_628415.jpg,1,diffusion,2021-12-21,Latent Diffusion,data/preprocessed/crop200_align16/DMimageDetection_valid_latent_diffusion_text2img_set2_latent-diffusion_text2img_cocotrain2017_628415.png,256,256,16,16,200,200
GenImage/Midjourney/train/ai/13_midjourney_95,data/fakes/images/GenImage_Midjourney_train_ai_13_midjourney_95.jpg,1,diffusion,2022-02-01,Midjourney,data/preprocessed/crop200_align16/GenImage_Midjourney_train_ai_13_midjourney_95.png,1024,1024,400,400,200,200
GenImage/Midjourney/train/ai/187_midjourney_10,data/fakes/images/GenImage_Midjourney_train_ai_187_midjourney_10.jpg,1,diffusion,2022-02-01,Midjourney,data/preprocessed/crop200_align16/GenImage_Midjourney_train_ai_187_midjourney_10.png,1024,1024,400,400,200,200
GenImage/Midjourney/train/ai/272_midjourney_11,data/fakes/images/GenImage_Midjourney_train_ai_272_midjourney_11.jpg,1,diffusion,2022-02-01,Midjourney,data/preprocessed/crop200_align16/GenImage_Midjourney_train_ai_272_midjourney_11.png,1024,1024,400,400,200,200
GenImage/Midjourney/train/ai/294_midjourney_53,data/fakes/images/GenImage_Midjourney_train_ai_294_midjourney_53.jpg,1,diffusion,2022-02-01,Midjourney,data/preprocessed/crop200_align16/GenImage_Midjourney_train_ai_294_midjourney_53.png,1024,1024,400,400,200,200
GenImage/Midjourney/train/ai/39_midjourney_65,data/fakes/images/GenImage_Midjourney_train_ai_39_midjourney_65.jpg,1,diffusion,2022-02-01,Midjourney,data/preprocessed/crop200_align16/GenImage_Midjourney_train_ai_39_midjourney_65.png,1024,1024,400,400,200,200
GenImage/Midjourney/train/ai/423_midjourney_62,data/fakes/images/GenImage_Midjourney_train_ai_423_midjourney_62.jpg,1,diffusion,2022-02-01,Midjourney,data/preprocessed/crop200_align16/GenImage_Midjourney_train_ai_423_midjourney_62.png,1024,1024,400,400,200,200
GenImage/Midjourney/train/ai/437_midjourney_105,data/fakes/images/GenImage_Midjourney_train_ai_437_midjourney_105.jpg,1,diffusion,2022-02-01,Midjourney,data/preprocessed/crop200_align16/GenImage_Midjourney_train_ai_437_midjourney_105.png,1024,1024,400,400,200,200
GenImage/Midjourney/train/ai/571_midjourney_58,data/fakes/images/GenImage_Midjourney_train_ai_571_midjourney_58.jpg,1,diffusion,2022-02-01,Midjourney,data/preprocessed/crop200_align16/GenImage_Midjourney_train_ai_571_midjourney_58.png,1024,1024,400,400,200,200
GenImage/Midjourney/train/ai/586_midjourney_182,data/fakes/images/GenImage_Midjourney_train_ai_586_midjourney_182.jpg,1,diffusion,2022-02-01,Midjourney,data/preprocessed/crop200_align16/GenImage_Midjourney_train_ai_586_midjourney_182.png,1024,1024,400,400,200,200
GenImage/Midjourney/train/ai/714_midjourney_175,data/fakes/images/GenImage_Midjourney_train_ai_714_midjourney_175.jpg,1,diffusion,2022-02-01,Midjourney,data/preprocessed/crop200_align16/GenImage_Midjourney_train_ai_714_midjourney_175.png,1024,1024,400,400,200,200
GenImage/Midjourney/train/ai/721_midjourney_75,data/fakes/images/GenImage_Midjourney_train_ai_721_midjourney_75.jpg,1,diffusion,2022-02-01,Midjourney,data/preprocessed/crop200_align16/GenImage_Midjourney_train_ai_721_midjourney_75.png,1024,1024,400,400,200,200
GenImage/Midjourney/train/ai/797_midjourney_83,data/fakes/images/GenImage_Midjourney_train_ai_797_midjourney_83.jpg,1,diffusion,2022-02-01,Midjourney,data/preprocessed/crop200_align16/GenImage_Midjourney_train_ai_797_midjourney_83.png,1024,1024,400,400,200,200
GenImage/Midjourney/train/ai/802_midjourney_60,data/fakes/images/GenImage_Midjourney_train_ai_802_midjourney_60.jpg,1,diffusion,2022-02-01,Midjourney,data/preprocessed/crop200_align16/GenImage_Midjourney_train_ai_802_midjourney_60.png,1024,1024,400,400,200,200
GenImage/Midjourney/train/ai/805_midjourney_78,data/fakes/images/GenImage_Midjourney_train_ai_805_midjourney_78.jpg,1,diffusion,2022-02-01,Midjourney,data/preprocessed/crop200_align16/GenImage_Midjourney_train_ai_805_midjourney_78.png,1024,1024,400,400,200,200
GenImage/Midjourney/train/ai/90_midjourney_182,data/fakes/images/GenImage_Midjourney_train_ai_90_midjourney_182.jpg,1,diffusion,2022-02-01,Midjourney,data/preprocessed/crop200_align16/GenImage_Midjourney_train_ai_90_midjourney_182.png,1024,1024,400,400,200,200
GenImage/Midjourney/train/ai/924_midjourney_87,data/fakes/images/GenImage_Midjourney_train_ai_924_midjourney_87.jpg,1,diffusion,2022-02-01,Midjourney,data/preprocessed/crop200_align16/GenImage_Midjourney_train_ai_924_midjourney_87.png,1024,1024,400,400,200,200
GenImage/Midjourney/train/ai/999_midjourney_115,data/fakes/images/GenImage_Midjourney_train_ai_999_midjourney_115.jpg,1,diffusion,2022-02-01,Midjourney,data/preprocessed/crop200_align16/GenImage_Midjourney_train_ai_999_midjourney_115.png,1024,1024,400,400,200,200
Artifact/mat/mat/celebahq/img000631,data/fakes/images/Artifact_mat_mat_celebahq_img000631.jpg,1,inpainting,2022-03-29,MAT,data/preprocessed/crop200_align16/Artifact_mat_mat_celebahq_img000631.png,200,200,0,0,200,200
Artifact/mat/mat/celebahq/img000801,data/fakes/images/Artifact_mat_mat_celebahq_img000801.jpg,1,inpainting,2022-03-29,MAT,data/preprocessed/crop200_align16/Artifact_mat_mat_celebahq_img000801.png,200,200,0,0,200,200
Artifact/mat/mat/celebahq/img006108,data/fakes/images/Artifact_mat_mat_celebahq_img006108.jpg,1,inpainting,2022-03-29,MAT,data/preprocessed/crop200_align16/Artifact_mat_mat_celebahq_img006108.png,200,200,0,0,200,200
Artifact/mat/mat/celebahq/img009556,data/fakes/images/Artifact_mat_mat_celebahq_img009556.jpg,1,inpainting,2022-03-29,MAT,data/preprocessed/crop200_align16/Artifact_mat_mat_celebahq_img009556.png,200,200,0,0,200,200
Artifact/mat/mat/celebahq/img012587,data/fakes/images/Artifact_mat_mat_celebahq_img012587.jpg,1,inpainting,2022-03-29,MAT,data/preprocessed/crop200_align16/Artifact_mat_mat_celebahq_img012587.png,200,200,0,0,200,200
Artifact/mat/mat/celebahq/img014187,data/fakes/images/Artifact_mat_mat_celebahq_img014187.jpg,1,inpainting,2022-03-29,MAT,data/preprocessed/crop200_align16/Artifact_mat_mat_celebahq_img014187.png,200,200,0,0,200,200
Artifact/mat/mat/celebahq/img014778,data/fakes/images/Artifact_mat_mat_celebahq_img014778.jpg,1,inpainting,2022-03-29,MAT,data/preprocessed/crop200_align16/Artifact_mat_mat_celebahq_img014778.png,200,200,0,0,200,200
Artifact/mat/mat/celebahq/img020140,data/fakes/images/Artifact_mat_mat_celebahq_img020140.jpg,1,inpainting,2022-03-29,MAT,data/preprocessed/crop200_align16/Artifact_mat_mat_celebahq_img020140.png,200,200,0,0,200,200
Artifact/mat/mat/celebahq/img020193,data/fakes/images/Artifact_mat_mat_celebahq_img020193.jpg,1,inpainting,2022-03-29,MAT,data/preprocessed/crop200_align16/Artifact_mat_mat_celebahq_img020193.png,200,200,0,0,200,200
Artifact/mat/mat/celebahq/img020974,data/fakes/images/Artifact_mat_mat_celebahq_img020974.jpg,1,inpainting,2022-03-29,MAT,data/preprocessed/crop200_align16/Artifact_mat_mat_celebahq_img020974.png,200,200,0,0,200,200
Artifact/mat/mat/celebahq/img022180,data/fakes/images/Artifact_mat_mat_celebahq_img022180.jpg,1,inpainting,2022-03-29,MAT,data/preprocessed/crop200_align16/Artifact_mat_mat_celebahq_img022180.png,200,200,0,0,200,200
Artifact/mat/mat/celebahq/img027879,data/fakes/images/Artifact_mat_mat_celebahq_img027879.jpg,1,inpainting,2022-03-29,MAT,data/preprocessed/crop200_align16/Artifact_mat_mat_celebahq_img027879.png,200,200,0,0,200,200
Artifact/mat/mat/celebahq/img029624,data/fakes/images/Artifact_mat_mat_celebahq_img029624.jpg,1,inpainting,2022-03-29,MAT,data/preprocessed/crop200_align16/Artifact_mat_mat_celebahq_img029624.png,200,200,0,0,200,200
Artifact/mat/mat/landscape/img033187,data/fakes/images/Artifact_mat_mat_landscape_img033187.jpg,1,inpainting,2022-03-29,MAT,data/preprocessed/crop200_align16/Artifact_mat_mat_landscape_img033187.png,200,200,0,0,200,200
Artifact/mat/mat/landscape/img033661,data/fakes/images/Artifact_mat_mat_landscape_img033661.jpg,1,inpainting,2022-03-29,MAT,data/preprocessed/crop200_align16/Artifact_mat_mat_landscape_img033661.png,200,200,0,0,200,200
Artifact/mat/mat/landscape/img038306,data/fakes/images/Artifact_mat_mat_landscape_img038306.jpg,1,inpainting,2022-03-29,MAT,data/preprocessed/crop200_align16/Artifact_mat_mat_landscape_img038306.png,200,200,0,0,200,200
Artifact/mat/mat/landscape/img041728,data/fakes/images/Artifact_mat_mat_landscape_img041728.jpg,1,inpainting,2022-03-29,MAT,data/preprocessed/crop200_align16/Artifact_mat_mat_landscape_img041728.png,200,200,0,0,200,200
Artifact/diffusion_gan/diff/lsun-bedroom/Diffusion-ProjectedGAN-LSUN-Bed/img000269,data/fakes/images/Artifact_diffusion_gan_diff_lsun-bedroom_Diffusion-ProjectedGAN-LSUN-Bed_img000269.jpg,1,gan,2022-06-05,Diffusion GAN (ProjectedGAN),data/preprocessed/crop200_align16/Artifact_diffusion_gan_diff_lsun-bedroom_Diffusion-ProjectedGAN-LSUN-Bed_img000269.png,200,200,0,0,200,200
Artifact/diffusion_gan/diff/lsun-bedroom/Diffusion-ProjectedGAN-LSUN-Bed/img000517,data/fakes/images/Artifact_diffusion_gan_diff_lsun-bedroom_Diffusion-ProjectedGAN-LSUN-Bed_img000517.jpg,1,gan,2022-06-05,Diffusion GAN (ProjectedGAN),data/preprocessed/crop200_align16/Artifact_diffusion_gan_diff_lsun-bedroom_Diffusion-ProjectedGAN-LSUN-Bed_img000517.png,200,200,0,0,200,200
Artifact/diffusion_gan/diff/lsun-bedroom/Diffusion-ProjectedGAN-LSUN-Bed/img000862,data/fakes/images/Artifact_diffusion_gan_diff_lsun-bedroom_Diffusion-ProjectedGAN-LSUN-Bed_img000862.jpg,1,gan,2022-06-05,Diffusion GAN (ProjectedGAN),data/preprocessed/crop200_align16/Artifact_diffusion_gan_diff_lsun-bedroom_Diffusion-ProjectedGAN-LSUN-Bed_img000862.png,200,200,0,0,200,200
Artifact/diffusion_gan/diff/lsun-bedroom/Diffusion-ProjectedGAN-LSUN-Bed/img001215,data/fakes/images/Artifact_diffusion_gan_diff_lsun-bedroom_Diffusion-ProjectedGAN-LSUN-Bed_img001215.jpg,1,gan,2022-06-05,Diffusion GAN (ProjectedGAN),data/preprocessed/crop200_align16/Artifact_diffusion_gan_diff_lsun-bedroom_Diffusion-ProjectedGAN-LSUN-Bed_img001215.png,200,200,0,0,200,200
Artifact/diffusion_gan/diff/lsun-bedroom/Diffusion-ProjectedGAN-LSUN-Bed/img001308,data/fakes/images/Artifact_diffusion_gan_diff_lsun-bedroom_Diffusion-ProjectedGAN-LSUN-Bed_img001308.jpg,1,gan,2022-06-05,Diffusion GAN (ProjectedGAN),data/preprocessed/crop200_align16/Artifact_diffusion_gan_diff_lsun-bedroom_Diffusion-ProjectedGAN-LSUN-Bed_img001308.png,200,200,0,0,200,200
Artifact/diffusion_gan/diff/lsun-church-data/Diffusion-ProjectedGAN-LSUN-Church/img000053,data/fakes/images/Artifact_diffusion_gan_diff_lsun-church-data_Diffusion-ProjectedGAN-LSUN-Church_img000053.jpg,1,gan,2022-06-05,Diffusion GAN (ProjectedGAN),data/preprocessed/crop200_align16/Artifact_diffusion_gan_diff_lsun-church-data_Diffusion-ProjectedGAN-LSUN-Church_img000053.png,200,200,0,0,200,200
Artifact/diffusion_gan/diff/lsun-church-data/Diffusion-ProjectedGAN-LSUN-Church/img000517,data/fakes/images/Artifact_diffusion_gan_diff_lsun-church-data_Diffusion-ProjectedGAN-LSUN-Church_img000517.jpg,1,gan,2022-06-05,Diffusion GAN (ProjectedGAN),data/preprocessed/crop200_align16/Artifact_diffusion_gan_diff_lsun-church-data_Diffusion-ProjectedGAN-LSUN-Church_img000517.png,200,200,0,0,200,200
Artifact/diffusion_gan/diff/lsun-church-data/Diffusion-ProjectedGAN-LSUN-Church/img000987,data/fakes/images/Artifact_diffusion_gan_diff_lsun-church-data_Diffusion-ProjectedGAN-LSUN-Church_img000987.jpg,1,gan,2022-06-05,Diffusion GAN (ProjectedGAN),data/preprocessed/crop200_align16/Artifact_diffusion_gan_diff_lsun-church-data_Diffusion-ProjectedGAN-LSUN-Church_img000987.png,200,200,0,0,200,200
Artifact/diffusion_gan/diff/lsun-church-data/Diffusion-ProjectedGAN-LSUN-Church/img001219,data/fakes/images/Artifact_diffusion_gan_diff_lsun-church-data_Diffusion-ProjectedGAN-LSUN-Church_img001219.jpg,1,gan,2022-06-05,Diffusion GAN (ProjectedGAN),data/preprocessed/crop200_align16/Artifact_diffusion_gan_diff_lsun-church-data_Diffusion-ProjectedGAN-LSUN-Church_img001219.png,200,200,0,0,200,200
DDMD/diffusion_model_deepfakes_lsun_bedroom/test/Diff-ProjectedGAN/seed1588,data/fakes/images/DDMD_diffusion_model_deepfakes_lsun_bedroom_test_Diff-ProjectedGAN_seed1588.jpg,1,gan,2022-06-05,Diffusion GAN (ProjectedGAN),data/preprocessed/crop200_align16/DDMD_diffusion_model_deepfakes_lsun_bedroom_test_Diff-ProjectedGAN_seed1588.png,256,256,16,16,200,200
DDMD/diffusion_model_deepfakes_lsun_bedroom/test/Diff-ProjectedGAN/seed2819,data/fakes/images/DDMD_diffusion_model_deepfakes_lsun_bedroom_test_Diff-ProjectedGAN_seed2819.jpg,1,gan,2022-06-05,Diffusion GAN (ProjectedGAN),data/preprocessed/crop200_align16/DDMD_diffusion_model_deepfakes_lsun_bedroom_test_Diff-ProjectedGAN_seed2819.png,256,256,16,16,200,200
DDMD/diffusion_model_deepfakes_lsun_bedroom/test/Diff-ProjectedGAN/seed3352,data/fakes/images/DDMD_diffusion_model_deepfakes_lsun_bedroom_test_Diff-ProjectedGAN_seed3352.jpg,1,gan,2022-06-05,Diffusion GAN (ProjectedGAN),data/preprocessed/crop200_align16/DDMD_diffusion_model_deepfakes_lsun_bedroom_test_Diff-ProjectedGAN_seed3352.png,256,256,16,16,200,200
DDMD/diffusion_model_deepfakes_lsun_bedroom/test/Diff-ProjectedGAN/seed4310,data/fakes/images/DDMD_diffusion_model_deepfakes_lsun_bedroom_test_Diff-ProjectedGAN_seed4310.jpg,1,gan,2022-06-05,Diffusion GAN (ProjectedGAN),data/preprocessed/crop200_align16/DDMD_diffusion_model_deepfakes_lsun_bedroom_test_Diff-ProjectedGAN_seed4310.png,256,256,16,16,200,200
DDMD/diffusion_model_deepfakes_lsun_bedroom/test/Diff-ProjectedGAN/seed5803,data/fakes/images/DDMD_diffusion_model_deepfakes_lsun_bedroom_test_Diff-ProjectedGAN_seed5803.jpg,1,gan,2022-06-05,Diffusion GAN (ProjectedGAN),data/preprocessed/crop200_align16/DDMD_diffusion_model_deepfakes_lsun_bedroom_test_Diff-ProjectedGAN_seed5803.png,256,256,16,16,200,200
DDMD/diffusion_model_deepfakes_lsun_bedroom/test/Diff-ProjectedGAN/seed6432,data/fakes/images/DDMD_diffusion_model_deepfakes_lsun_bedroom_test_Diff-ProjectedGAN_seed6432.jpg,1,gan,2022-06-05,Diffusion GAN (ProjectedGAN),data/preprocessed/crop200_align16/DDMD_diffusion_model_deepfakes_lsun_bedroom_test_Diff-ProjectedGAN_seed6432.png,256,256,16,16,200,200
DDMD/diffusion_model_deepfakes_lsun_bedroom/test/Diff-ProjectedGAN/seed7842,data/fakes/images/DDMD_diffusion_model_deepfakes_lsun_bedroom_test_Diff-ProjectedGAN_seed7842.jpg,1,gan,2022-06-05,Diffusion GAN (ProjectedGAN),data/preprocessed/crop200_align16/DDMD_diffusion_model_deepfakes_lsun_bedroom_test_Diff-ProjectedGAN_seed7842.png,256,256,16,16,200,200
DDMD/diffusion_model_deepfakes_lsun_bedroom/test/Diff-ProjectedGAN/seed8548,data/fakes/images/DDMD_diffusion_model_deepfakes_lsun_bedroom_test_Diff-ProjectedGAN_seed8548.jpg,1,gan,2022-06-05,Diffusion GAN (ProjectedGAN),data/preprocessed/crop200_align16/DDMD_diffusion_model_deepfakes_lsun_bedroom_test_Diff-ProjectedGAN_seed8548.png,256,256,16,16,200,200
Artifact/diffusion_gan/diff/afhq-data/Diffusion-StyleGAN2-AFHQ/img003333,data/fakes/images/Artifact_diffusion_gan_diff_afhq-data_Diffusion-StyleGAN2-AFHQ_img003333.jpg,1,gan,2022-06-06,Diffusion GAN (StyleGAN2),data/preprocessed/crop200_align16/Artifact_diffusion_gan_diff_afhq-data_Diffusion-StyleGAN2-AFHQ_img003333.png,200,200,0,0,200,200
Artifact/diffusion_gan/diff/ffhq-data/Diffusion-StyleGAN2-ADA-FFHQ/img000876,data/fakes/images/Artifact_diffusion_gan_diff_ffhq-data_Diffusion-StyleGAN2-ADA-FFHQ_img000876.jpg,1,gan,2022-06-06,Diffusion GAN (StyleGAN2),data/preprocessed/crop200_align16/Artifact_diffusion_gan_diff_ffhq-data_Diffusion-StyleGAN2-ADA-FFHQ_img000876.png,200,200,0,0,200,200
Artifact/diffusion_gan/diff/ffhq-data/Diffusion-StyleGAN2-DiffAug-FFHQ/img001938,data/fakes/images/Artifact_diffusion_gan_diff_ffhq-data_Diffusion-StyleGAN2-DiffAug-FFHQ_img001938.jpg,1,gan,2022-06-06,Diffusion GAN (StyleGAN2),data/preprocessed/crop200_align16/Artifact_diffusion_gan_diff_ffhq-data_Diffusion-StyleGAN2-DiffAug-FFHQ_img001938.png,200,200,0,0,200,200
Artifact/diffusion_gan/diff/ffhq-data/Diffusion-StyleGAN2-DiffAug-FFHQ/img002527,data/fakes/images/Artifact_diffusion_gan_diff_ffhq-data_Diffusion-StyleGAN2-DiffAug-FFHQ_img002527.jpg,1,gan,2022-06-06,Diffusion GAN (StyleGAN2),data/preprocessed/crop200_align16/Artifact_diffusion_gan_diff_ffhq-data_Diffusion-StyleGAN2-DiffAug-FFHQ_img002527.png,200,200,0,0,200,200
Artifact/diffusion_gan/diff/ffhq-data/Diffusion-StyleGAN2-FFHQ/img003622,data/fakes/images/Artifact_diffusion_gan_diff_ffhq-data_Diffusion-StyleGAN2-FFHQ_img003622.jpg,1,gan,2022-06-06,Diffusion GAN (StyleGAN2),data/preprocessed/crop200_align16/Artifact_diffusion_gan_diff_ffhq-data_Diffusion-StyleGAN2-FFHQ_img003622.png,200,200,0,0,200,200
DDMD/diffusion_model_deepfakes_lsun_bedroom/test/Diff-StyleGAN2/seed0514,data/fakes/images/DDMD_diffusion_model_deepfakes_lsun_bedroom_test_Diff-StyleGAN2_seed0514.jpg,1,gan,2022-06-06,Diffusion GAN (StyleGAN2),data/preprocessed/crop200_align16/DDMD_diffusion_model_deepfakes_lsun_bedroom_test_Diff-StyleGAN2_seed0514.png,256,256,16,16,200,200
DDMD/diffusion_model_deepfakes_lsun_bedroom/test/Diff-StyleGAN2/seed1579,data/fakes/images/DDMD_diffusion_model_deepfakes_lsun_bedroom_test_Diff-StyleGAN2_seed1579.jpg,1,gan,2022-06-06,Diffusion GAN (StyleGAN2),data/preprocessed/crop200_align16/DDMD_diffusion_model_deepfakes_lsun_bedroom_test_Diff-StyleGAN2_seed1579.png,256,256,16,16,200,200
DDMD/diffusion_model_deepfakes_lsun_bedroom/test/Diff-StyleGAN2/seed2189,data/fakes/images/DDMD_diffusion_model_deepfakes_lsun_bedroom_test_Diff-StyleGAN2_seed2189.jpg,1,gan,2022-06-06,Diffusion GAN (StyleGAN2),data/preprocessed/crop200_align16/DDMD_diffusion_model_deepfakes_lsun_bedroom_test_Diff-StyleGAN2_seed2189.png,256,256,16,16,200,200
DDMD/diffusion_model_deepfakes_lsun_bedroom/test/Diff-StyleGAN2/seed3850,data/fakes/images/DDMD_diffusion_model_deepfakes_lsun_bedroom_test_Diff-StyleGAN2_seed3850.jpg,1,gan,2022-06-06,Diffusion GAN (StyleGAN2),data/preprocessed/crop200_align16/DDMD_diffusion_model_deepfakes_lsun_bedroom_test_Diff-StyleGAN2_seed3850.png,256,256,16,16,200,200
DDMD/diffusion_model_deepfakes_lsun_bedroom/test/Diff-StyleGAN2/seed3940,data/fakes/images/DDMD_diffusion_model_deepfakes_lsun_bedroom_test_Diff-StyleGAN2_seed3940.jpg,1,gan,2022-06-06,Diffusion GAN (StyleGAN2),data/preprocessed/crop200_align16/DDMD_diffusion_model_deepfakes_lsun_bedroom_test_Diff-StyleGAN2_seed3940.png,256,256,16,16,200,200
DDMD/diffusion_model_deepfakes_lsun_bedroom/test/Diff-StyleGAN2/seed4393,data/fakes/images/DDMD_diffusion_model_deepfakes_lsun_bedroom_test_Diff-StyleGAN2_seed4393.jpg,1,gan,2022-06-06,Diffusion GAN (StyleGAN2),data/preprocessed/crop200_align16/DDMD_diffusion_model_deepfakes_lsun_bedroom_test_Diff-StyleGAN2_seed4393.png,256,256,16,16,200,200
DDMD/diffusion_model_deepfakes_lsun_bedroom/test/Diff-StyleGAN2/seed4793,data/fakes/images/DDMD_diffusion_model_deepfakes_lsun_bedroom_test_Diff-StyleGAN2_seed4793.jpg,1,gan,2022-06-06,Diffusion GAN (StyleGAN2),data/preprocessed/crop200_align16/DDMD_diffusion_model_deepfakes_lsun_bedroom_test_Diff-StyleGAN2_seed4793.png,256,256,16,16,200,200
DDMD/diffusion_model_deepfakes_lsun_bedroom/test/Diff-StyleGAN2/seed5032,data/fakes/images/DDMD_diffusion_model_deepfakes_lsun_bedroom_test_Diff-StyleGAN2_seed5032.jpg,1,gan,2022-06-06,Diffusion GAN (StyleGAN2),data/preprocessed/crop200_align16/DDMD_diffusion_model_deepfakes_lsun_bedroom_test_Diff-StyleGAN2_seed5032.png,256,256,16,16,200,200
DDMD/diffusion_model_deepfakes_lsun_bedroom/test/Diff-StyleGAN2/seed6048,data/fakes/images/DDMD_diffusion_model_deepfakes_lsun_bedroom_test_Diff-StyleGAN2_seed6048.jpg,1,gan,2022-06-06,Diffusion GAN (StyleGAN2),data/preprocessed/crop200_align16/DDMD_diffusion_model_deepfakes_lsun_bedroom_test_Diff-StyleGAN2_seed6048.png,256,256,16,16,200,200
DDMD/diffusion_model_deepfakes_lsun_bedroom/test/Diff-StyleGAN2/seed8326,data/fakes/images/DDMD_diffusion_model_deepfakes_lsun_bedroom_test_Diff-StyleGAN2_seed8326.jpg,1,gan,2022-06-06,Diffusion GAN (StyleGAN2),data/preprocessed/crop200_align16/DDMD_diffusion_model_deepfakes_lsun_bedroom_test_Diff-StyleGAN2_seed8326.png,256,256,16,16,200,200
DDMD/diffusion_model_deepfakes_lsun_bedroom/test/Diff-StyleGAN2/seed9201,data/fakes/images/DDMD_diffusion_model_deepfakes_lsun_bedroom_test_Diff-StyleGAN2_seed9201.jpg,1,gan,2022-06-06,Diffusion GAN (StyleGAN2),data/preprocessed/crop200_align16/DDMD_diffusion_model_deepfakes_lsun_bedroom_test_Diff-StyleGAN2_seed9201.png,256,256,16,16,200,200
DDMD/diffusion_model_deepfakes_lsun_bedroom/test/Diff-StyleGAN2/seed9628,data/fakes/images/DDMD_diffusion_model_deepfakes_lsun_bedroom_test_Diff-StyleGAN2_seed9628.jpg,1,gan,2022-06-06,Diffusion GAN (StyleGAN2),data/preprocessed/crop200_align16/DDMD_diffusion_model_deepfakes_lsun_bedroom_test_Diff-StyleGAN2_seed9628.png,256,256,16,16,200,200
DRCT/stable-diffusion-v1-4/train2017/000000045270,data/fakes/images/DRCT_stable-diffusion-v1-4_train2017_000000045270.jpg,1,diffusion,2022-08-22,Stable Diffusion 1.4,data/preprocessed/crop200_align16/DRCT_stable-diffusion-v1-4_train2017_000000045270.png,512,512,144,144,200,200
DRCT/stable-diffusion-v1-4/train2017/000000383330,data/fakes/images/DRCT_stable-diffusion-v1-4_train2017_000000383330.jpg,1,diffusion,2022-08-22,Stable Diffusion 1.4,data/preprocessed/crop200_align16/DRCT_stable-diffusion-v1-4_train2017_000000383330.png,512,512,144,144,200,200
ELSA_D3/train/row1504286/image_gen1,data/fakes/images/ELSA_D3_train_row1504286_image_gen1.jpg,1,diffusion,2022-08-22,Stable Diffusion 1.4,data/preprocessed/crop200_align16/ELSA_D3_train_row1504286_image_gen1.png,640,480,128,208,200,200
ELSA_D3/train/row1593224/image_gen1,data/fakes/images/ELSA_D3_train_row1593224_image_gen1.jpg,1,diffusion,2022-08-22,Stable Diffusion 1.4,data/preprocessed/crop200_align16/ELSA_D3_train_row1593224_image_gen1.png,640,360,80,208,200,200
ELSA_D3/train/row2176696/image_gen1,data/fakes/images/ELSA_D3_train_row2176696_image_gen1.jpg,1,diffusion,2022-08-22,Stable Diffusion 1.4,data/preprocessed/crop200_align16/ELSA_D3_train_row2176696_image_gen1.png,640,360,80,208,200,200
ELSA_D3/train/row317356/image_gen1,data/fakes/images/ELSA_D3_train_row317356_image_gen1.jpg,1,diffusion,2022-08-22,Stable Diffusion 1.4,data/preprocessed/crop200_align16/ELSA_D3_train_row317356_image_gen1.png,512,512,144,144,200,200
ELSA_D3/train/row850241/image_gen1,data/fakes/images/ELSA_D3_train_row850241_image_gen1.jpg,1,diffusion,2022-08-22,Stable Diffusion 1.4,data/preprocessed/crop200_align16/ELSA_D3_train_row850241_image_gen1.png,512,512,144,144,200,200
ELSA_D3/train/row880035/image_gen1,data/fakes/images/ELSA_D3_train_row880035_image_gen1.jpg,1,diffusion,2022-08-22,Stable Diffusion 1.4,data/preprocessed/crop200_align16/ELSA_D3_train_row880035_image_gen1.png,512,512,144,144,200,200
ELSA_D3/validation/row2674/image_gen1,data/fakes/images/ELSA_D3_validation_row2674_image_gen1.jpg,1,diffusion,2022-08-22,Stable Diffusion 1.4,data/preprocessed/crop200_align16/ELSA_D3_validation_row2674_image_gen1.png,640,480,128,208,200,200
ELSA_D3/validation/row3873/image_gen1,data/fakes/images/ELSA_D3_validation_row3873_image_gen1.jpg,1,diffusion,2022-08-22,Stable Diffusion 1.4,data/preprocessed/crop200_align16/ELSA_D3_validation_row3873_image_gen1.png,512,512,144,144,200,200
ELSA_D3/validation/row4340/image_gen1,data/fakes/images/ELSA_D3_validation_row4340_image_gen1.jpg,1,diffusion,2022-08-22,Stable Diffusion 1.4,data/preprocessed/crop200_align16/ELSA_D3_validation_row4340_image_gen1.png,512,512,144,144,200,200
ELSA_D3/validation/row4501/image_gen1,data/fakes/images/ELSA_D3_validation_row4501_image_gen1.jpg,1,diffusion,2022-08-22,Stable Diffusion 1.4,data/preprocessed/crop200_align16/ELSA_D3_validation_row4501_image_gen1.png,640,480,128,208,200,200
ELSA_D3/validation/row4516/image_gen1,data/fakes/images/ELSA_D3_validation_row4516_image_gen1.jpg,1,diffusion,2022-08-22,Stable Diffusion 1.4,data/preprocessed/crop200_align16/ELSA_D3_validation_row4516_image_gen1.png,640,360,80,208,200,200
GenImage/Stable Diffusion 1.4/train/ai/125_sdv4_00146,data/fakes/images/GenImage_Stable Diffusion 1.4_train_ai_125_sdv4_00146.jpg,1,diffusion,2022-08-22,Stable Diffusion 1.4,data/preprocessed/crop200_align16/GenImage_Stable Diffusion 1.4_train_ai_125_sdv4_00146.png,512,512,144,144,200,200
GenImage/Stable Diffusion 1.4/train/ai/471_sdv4_00034,data/fakes/images/GenImage_Stable Diffusion 1.4_train_ai_471_sdv4_00034.jpg,1,diffusion,2022-08-22,Stable Diffusion 1.4,data/preprocessed/crop200_align16/GenImage_Stable Diffusion 1.4_train_ai_471_sdv4_00034.png,512,512,144,144,200,200
Synthbuster/stable-diffusion-1-4/r0225b88bt,data/fakes/images/Synthbuster_stable-diffusion-1-4_r0225b88bt.jpg,1,diffusion,2022-08-22,Stable Diffusion 1.4,data/preprocessed/crop200_align16/Synthbuster_stable-diffusion-1-4_r0225b88bt.png,512,512,144,144,200,200
Synthbuster/stable-diffusion-1-4/r0e1a6e2ft,data/fakes/images/Synthbuster_stable-diffusion-1-4_r0e1a6e2ft.jpg,1,diffusion,2022-08-22,Stable Diffusion 1.4,data/preprocessed/crop200_align16/Synthbuster_stable-diffusion-1-4_r0e1a6e2ft.png,512,512,144,144,200,200
DRCT/stable-diffusion-v1-5/train2017/000000012741,data/fakes/images/DRCT_stable-diffusion-v1-5_train2017_000000012741.jpg,1,diffusion,2022-10-20,Stable Diffusion 1.5,data/preprocessed/crop200_align16/DRCT_stable-diffusion-v1-5_train2017_000000012741.png,512,512,144,144,200,200
DRCT/stable-diffusion-v1-5/train2017/000000019240,data/fakes/images/DRCT_stable-diffusion-v1-5_train2017_000000019240.jpg,1,diffusion,2022-10-20,Stable Diffusion 1.5,data/preprocessed/crop200_align16/DRCT_stable-diffusion-v1-5_train2017_000000019240.png,512,512,144,144,200,200
DRCT/stable-diffusion-v1-5/train2017/000000062766,data/fakes/images/DRCT_stable-diffusion-v1-5_train2017_000000062766.jpg,1,diffusion,2022-10-20,Stable Diffusion 1.5,data/preprocessed/crop200_align16/DRCT_stable-diffusion-v1-5_train2017_000000062766.png,512,512,144,144,200,200
DRCT/stable-diffusion-v1-5/train2017/000000261496,data/fakes/images/DRCT_stable-diffusion-v1-5_train2017_000000261496.jpg,1,diffusion,2022-10-20,Stable Diffusion 1.5,data/preprocessed/crop200_align16/DRCT_stable-diffusion-v1-5_train2017_000000261496.png,512,512,144,144,200,200
DRCT/stable-diffusion-v1-5/train2017/000000264044,data/fakes/images/DRCT_stable-diffusion-v1-5_train2017_000000264044.jpg,1,diffusion,2022-10-20,Stable Diffusion 1.5,data/preprocessed/crop200_align16/DRCT_stable-diffusion-v1-5_train2017_000000264044.png,512,512,144,144,200,200
DRCT/stable-diffusion-v1-5/train2017/000000382801,data/fakes/images/DRCT_stable-diffusion-v1-5_train2017_000000382801.jpg,1,diffusion,2022-10-20,Stable Diffusion 1.5,data/preprocessed/crop200_align16/DRCT_stable-diffusion-v1-5_train2017_000000382801.png,512,512,144,144,200,200
DRCT/stable-diffusion-v1-5/train2017/000000546632,data/fakes/images/DRCT_stable-diffusion-v1-5_train2017_000000546632.jpg,1,diffusion,2022-10-20,Stable Diffusion 1.5,data/preprocessed/crop200_align16/DRCT_stable-diffusion-v1-5_train2017_000000546632.png,512,512,144,144,200,200
GenImage/Stable Diffusion 1.5/train/ai/067_sdv5_00142,data/fakes/images/GenImage_Stable Diffusion 1.5_train_ai_067_sdv5_00142.jpg,1,diffusion,2022-10-20,Stable Diffusion 1.5,data/preprocessed/crop200_align16/GenImage_Stable Diffusion 1.5_train_ai_067_sdv5_00142.png,512,512,144,144,200,200
GenImage/Stable Diffusion 1.5/train/ai/194_sdv5_00120,data/fakes/images/GenImage_Stable Diffusion 1.5_train_ai_194_sdv5_00120.jpg,1,diffusion,2022-10-20,Stable Diffusion 1.5,data/preprocessed/crop200_align16/GenImage_Stable Diffusion 1.5_train_ai_194_sdv5_00120.png,512,512,144,144,200,200
GenImage/Stable Diffusion 1.5/train/ai/245_sdv5_00190,data/fakes/images/GenImage_Stable Diffusion 1.5_train_ai_245_sdv5_00190.jpg,1,diffusion,2022-10-20,Stable Diffusion 1.5,data/preprocessed/crop200_align16/GenImage_Stable Diffusion 1.5_train_ai_245_sdv5_00190.png,512,512,144,144,200,200
GenImage/Stable Diffusion 1.5/train/ai/247_sdv5_00066,data/fakes/images/GenImage_Stable Diffusion 1.5_train_ai_247_sdv5_00066.jpg,1,diffusion,2022-10-20,Stable Diffusion 1.5,data/preprocessed/crop200_align16/GenImage_Stable Diffusion 1.5_train_ai_247_sdv5_00066.png,512,512,144,144,200,200
GenImage/Stable Diffusion 1.5/train/ai/253_sdv5_00175,data/fakes/images/GenImage_Stable Diffusion 1.5_train_ai_253_sdv5_00175.jpg,1,diffusion,2022-10-20,Stable Diffusion 1.5,data/preprocessed/crop200_align16/GenImage_Stable Diffusion 1.5_train_ai_253_sdv5_00175.png,512,512,144,144,200,200
GenImage/Stable Diffusion 1.5/train/ai/282_sdv5_00166,data/fakes/images/GenImage_Stable Diffusion 1.5_train_ai_282_sdv5_00166.jpg,1,diffusion,2022-10-20,Stable Diffusion 1.5,data/preprocessed/crop200_align16/GenImage_Stable Diffusion 1.5_train_ai_282_sdv5_00166.png,512,512,144,144,200,200
GenImage/Stable Diffusion 1.5/train/ai/487_sdv5_00126,data/fakes/images/GenImage_Stable Diffusion 1.5_train_ai_487_sdv5_00126.jpg,1,diffusion,2022-10-20,Stable Diffusion 1.5,data/preprocessed/crop200_align16/GenImage_Stable Diffusion 1.5_train_ai_487_sdv5_00126.png,512,512,144,144,200,200
GenImage/Stable Diffusion 1.5/train/ai/938_sdv5_00190,data/fakes/images/GenImage_Stable Diffusion 1.5_train_ai_938_sdv5_00190.jpg,1,diffusion,2022-10-20,Stable Diffusion 1.5,data/preprocessed/crop200_align16/GenImage_Stable Diffusion 1.5_train_ai_938_sdv5_00190.png,512,512,144,144,200,200
GenImage/Stable Diffusion 1.5/train/ai/945_sdv5_00182,data/fakes/images/GenImage_Stable Diffusion 1.5_train_ai_945_sdv5_00182.jpg,1,diffusion,2022-10-20,Stable Diffusion 1.5,data/preprocessed/crop200_align16/GenImage_Stable Diffusion 1.5_train_ai_945_sdv5_00182.png,512,512,144,144,200,200
GenImage/Stable Diffusion 1.5/train/ai/976_sdv5_00159,data/fakes/images/GenImage_Stable Diffusion 1.5_train_ai_976_sdv5_00159.jpg,1,diffusion,2022-10-20,Stable Diffusion 1.5,data/preprocessed/crop200_align16/GenImage_Stable Diffusion 1.5_train_ai_976_sdv5_00159.png,512,512,144,144,200,200
DRCT/stable-diffusion-2-1/train2017/000000246016,data/fakes/images/DRCT_stable-diffusion-2-1_train2017_000000246016.jpg,1,diffusion,2022-12-07,Stable Diffusion 2.1,data/preprocessed/crop200_align16/DRCT_stable-diffusion-2-1_train2017_000000246016.png,768,768,272,272,200,200
DRCT/stable-diffusion-2-1/train2017/000000271240,data/fakes/images/DRCT_stable-diffusion-2-1_train2017_000000271240.jpg,1,diffusion,2022-12-07,Stable Diffusion 2.1,data/preprocessed/crop200_align16/DRCT_stable-diffusion-2-1_train2017_000000271240.png,768,768,272,272,200,200
DRCT/stable-diffusion-2-1/train2017/000000503385,data/fakes/images/DRCT_stable-diffusion-2-1_train2017_000000503385.jpg,1,diffusion,2022-12-07,Stable Diffusion 2.1,data/preprocessed/crop200_align16/DRCT_stable-diffusion-2-1_train2017_000000503385.png,768,768,272,272,200,200
ELSA_D3/train/row1359901/image_gen2,data/fakes/images/ELSA_D3_train_row1359901_image_gen2.jpg,1,diffusion,2022-12-07,Stable Diffusion 2.1,data/preprocessed/crop200_align16/ELSA_D3_train_row1359901_image_gen2.png,512,512,144,144,200,200
ELSA_D3/train/row386374/image_gen2,data/fakes/images/ELSA_D3_train_row386374_image_gen2.jpg,1,diffusion,2022-12-07,Stable Diffusion 2.1,data/preprocessed/crop200_align16/ELSA_D3_train_row386374_image_gen2.png,512,512,144,144,200,200
ELSA_D3/train/row957254/image_gen2,data/fakes/images/ELSA_D3_train_row957254_image_gen2.jpg,1,diffusion,2022-12-07,Stable Diffusion 2.1,data/preprocessed/crop200_align16/ELSA_D3_train_row957254_image_gen2.png,640,480,128,208,200,200
ELSA_D3/validation/row1061/image_gen2,data/fakes/images/ELSA_D3_validation_row1061_image_gen2.jpg,1,diffusion,2022-12-07,Stable Diffusion 2.1,data/preprocessed/crop200_align16/ELSA_D3_validation_row1061_image_gen2.png,640,360,80,208,200,200
ELSA_D3/validation/row1442/image_gen2,data/fakes/images/ELSA_D3_validation_row1442_image_gen2.jpg,1,diffusion,2022-12-07,Stable Diffusion 2.1,data/preprocessed/crop200_align16/ELSA_D3_validation_row1442_image_gen2.png,640,360,80,208,200,200
ELSA_D3/validation/row2616/image_gen2,data/fakes/images/ELSA_D3_validation_row2616_image_gen2.jpg,1,diffusion,2022-12-07,Stable Diffusion 2.1,data/preprocessed/crop200_align16/ELSA_D3_validation_row2616_image_gen2.png,512,512,144,144,200,200
ELSA_D3/validation/row2896/image_gen2,data/fakes/images/ELSA_D3_validation_row2896_image_gen2.jpg,1,diffusion,2022-12-07,Stable Diffusion 2.1,data/preprocessed/crop200_align16/ELSA_D3_validation_row2896_image_gen2.png,640,480,128,208,200,200
ELSA_D3/validation/row3729/image_gen2,data/fakes/images/ELSA_D3_validation_row3729_image_gen2.jpg,1,diffusion,2022-12-07,Stable Diffusion 2.1,data/preprocessed/crop200_align16/ELSA_D3_validation_row3729_image_gen2.png,512,512,144,144,200,200
Imaginet/sd_paintings_fake/1ee1d5e6-3677-420a-97f0-e3dd0eb2f32d,data/fakes/images/Imaginet_sd_paintings_fake_1ee1d5e6-3677-420a-97f0-e3dd0eb2f32d.jpg,1,diffusion,2022-12-07,Stable Diffusion 2.1,data/preprocessed/crop200_align16/Imaginet_sd_paintings_fake_1ee1d5e6-3677-420a-97f0-e3dd0eb2f32d.png,768,768,272,272,200,200
Imaginet/sd_photos_fake/bbc7be50-42c1-4bed-9522-3c8346a77d70,data/fakes/images/Imaginet_sd_photos_fake_bbc7be50-42c1-4bed-9522-3c8346a77d70.jpg,1,diffusion,2022-12-07,Stable Diffusion 2.1,data/preprocessed/crop200_align16/Imaginet_sd_photos_fake_bbc7be50-42c1-4bed-9522-3c8346a77d70.png,768,768,272,272,200,200
Imaginet/sd_photos_fake/ccf79cf5-987e-40c7-b8a8-d06d263aa5fe,data/fakes/images/Imaginet_sd_photos_fake_ccf79cf5-987e-40c7-b8a8-d06d263aa5fe.jpg,1,diffusion,2022-12-07,Stable Diffusion 2.1,data/preprocessed/crop200_align16/Imaginet_sd_photos_fake_ccf79cf5-987e-40c7-b8a8-d06d263aa5fe.png,768,768,272,272,200,200
Imaginet/sd_photos_fake/e528fa2e-256f-4718-a3b7-1c6112b58876,data/fakes/images/Imaginet_sd_photos_fake_e528fa2e-256f-4718-a3b7-1c6112b58876.jpg,1,diffusion,2022-12-07,Stable Diffusion 2.1,data/preprocessed/crop200_align16/Imaginet_sd_photos_fake_e528fa2e-256f-4718-a3b7-1c6112b58876.png,768,768,272,272,200,200
Polardiffshield/Stable-Diffusion-2-1/00000510,data/fakes/images/Polardiffshield_Stable-Diffusion-2-1_00000510.jpg,1,diffusion,2022-12-07,Stable Diffusion 2.1,data/preprocessed/crop200_align16/Polardiffshield_Stable-Diffusion-2-1_00000510.png,704,1344,560,240,200,200
Polardiffshield/Stable-Diffusion-2-1/00000837,data/fakes/images/Polardiffshield_Stable-Diffusion-2-1_00000837.jpg,1,diffusion,2022-12-07,Stable Diffusion 2.1,data/preprocessed/crop200_align16/Polardiffshield_Stable-Diffusion-2-1_00000837.png,704,1344,560,240,200,200
ELSA_D3/train/row1066753/image_gen0,data/fakes/images/ELSA_D3_train_row1066753_image_gen0.jpg,1,diffusion,2023-04-26,DeepFloyd IF,data/preprocessed/crop200_align16/ELSA_D3_train_row1066753_image_gen0.png,256,256,16,16,200,200
ELSA_D3/train/row1207115/image_gen0,data/fakes/images/ELSA_D3_train_row1207115_image_gen0.jpg,1,diffusion,2023-04-26,DeepFloyd IF,data/preprocessed/crop200_align16/ELSA_D3_train_row1207115_image_gen0.png,256,256,16,16,200,200
ELSA_D3/train/row12971/image_gen0,data/fakes/images/ELSA_D3_train_row12971_image_gen0.jpg,1,diffusion,2023-04-26,DeepFloyd IF,data/preprocessed/crop200_align16/ELSA_D3_train_row12971_image_gen0.png,256,256,16,16,200,200
ELSA_D3/train/row1684907/image_gen0,data/fakes/images/ELSA_D3_train_row1684907_image_gen0.jpg,1,diffusion,2023-04-26,DeepFloyd IF,data/preprocessed/crop200_align16/ELSA_D3_train_row1684907_image_gen0.png,256,256,16,16,200,200
ELSA_D3/train/row1757007/image_gen0,data/fakes/images/ELSA_D3_train_row1757007_image_gen0.jpg,1,diffusion,2023-04-26,DeepFloyd IF,data/preprocessed/crop200_align16/ELSA_D3_train_row1757007_image_gen0.png,256,256,16,16,200,200
ELSA_D3/train/row1939502/image_gen0,data/fakes/images/ELSA_D3_train_row1939502_image_gen0.jpg,1,diffusion,2023-04-26,DeepFloyd IF,data/preprocessed/crop200_align16/ELSA_D3_train_row1939502_image_gen0.png,256,256,16,16,200,200
ELSA_D3/train/row2126498/image_gen0,data/fakes/images/ELSA_D3_train_row2126498_image_gen0.jpg,1,diffusion,2023-04-26,DeepFloyd IF,data/preprocessed/crop200_align16/ELSA_D3_train_row2126498_image_gen0.png,256,256,16,16,200,200
ELSA_D3/train/row280182/image_gen0,data/fakes/images/ELSA_D3_train_row280182_image_gen0.jpg,1,diffusion,2023-04-26,DeepFloyd IF,data/preprocessed/crop200_align16/ELSA_D3_train_row280182_image_gen0.png,256,256,16,16,200,200
ELSA_D3/train/row318494/image_gen0,data/fakes/images/ELSA_D3_train_row318494_image_gen0.jpg,1,diffusion,2023-04-26,DeepFloyd IF,data/preprocessed/crop200_align16/ELSA_D3_train_row318494_image_gen0.png,256,256,16,16,200,200
ELSA_D3/train/row56636/image_gen0,data/fakes/images/ELSA_D3_train_row56636_image_gen0.jpg,1,diffusion,2023-04-26,DeepFloyd IF,data/preprocessed/crop200_align16/ELSA_D3_train_row56636_image_gen0.png,256,256,16,16,200,200
ELSA_D3/validation/row1369/image_gen0,data/fakes/images/ELSA_D3_validation_row1369_image_gen0.jpg,1,diffusion,2023-04-26,DeepFloyd IF,data/preprocessed/crop200_align16/ELSA_D3_validation_row1369_image_gen0.png,256,256,16,16,200,200
ELSA_D3/validation/row1436/image_gen0,data/fakes/images/ELSA_D3_validation_row1436_image_gen0.jpg,1,diffusion,2023-04-26,DeepFloyd IF,data/preprocessed/crop200_align16/ELSA_D3_validation_row1436_image_gen0.png,256,256,16,16,200,200
ELSA_D3/validation/row2250/image_gen0,data/fakes/images/ELSA_D3_validation_row2250_image_gen0.jpg,1,diffusion,2023-04-26,DeepFloyd IF,data/preprocessed/crop200_align16/ELSA_D3_validation_row2250_image_gen0.png,256,256,16,16,200,200
ELSA_D3/validation/row2366/image_gen0,data/fakes/images/ELSA_D3_validation_row2366_image_gen0.jpg,1,diffusion,2023-04-26,DeepFloyd IF,data/preprocessed/crop200_align16/ELSA_D3_validation_row2366_image_gen0.png,256,256,16,16,200,200
ELSA_D3/validation/row3068/image_gen0,data/fakes/images/ELSA_D3_validation_row3068_image_gen0.jpg,1,diffusion,2023-04-26,DeepFloyd IF,data/preprocessed/crop200_align16/ELSA_D3_validation_row3068_image_gen0.png,256,256,16,16,200,200
ELSA_D3/validation/row4262/image_gen0,data/fakes/images/ELSA_D3_validation_row4262_image_gen0.jpg,1,diffusion,2023-04-26,DeepFloyd IF,data/preprocessed/crop200_align16/ELSA_D3_validation_row4262_image_gen0.png,256,256,16,16,200,200
ELSA_D3/validation/row4393/image_gen0,data/fakes/images/ELSA_D3_validation_row4393_image_gen0.jpg,1,diffusion,2023-04-26,DeepFloyd IF,data/preprocessed/crop200_align16/ELSA_D3_validation_row4393_image_gen0.png,256,256,16,16,200,200
DRCT/stable-diffusion-xl-base-1.0/train2017/000000254882,data/fakes/images/DRCT_stable-diffusion-xl-base-1.0_train2017_000000254882.jpg,1,diffusion,2023-07-26,Stable Diffusion XL 1.0,data/preprocessed/crop200_align16/DRCT_stable-diffusion-xl-base-1.0_train2017_000000254882.png,1024,1024,400,400,200,200
DRCT/stable-diffusion-xl-base-1.0/train2017/000000306632,data/fakes/images/DRCT_stable-diffusion-xl-base-1.0_train2017_000000306632.jpg,1,diffusion,2023-07-26,Stable Diffusion XL 1.0,data/preprocessed/crop200_align16/DRCT_stable-diffusion-xl-base-1.0_train2017_000000306632.png,1024,1024,400,400,200,200
DRCT/stable-diffusion-xl-base-1.0/train2017/000000427823,data/fakes/images/DRCT_stable-diffusion-xl-base-1.0_train2017_000000427823.jpg,1,diffusion,2023-07-26,Stable Diffusion XL 1.0,data/preprocessed/crop200_align16/DRCT_stable-diffusion-xl-base-1.0_train2017_000000427823.png,1024,1024,400,400,200,200
DRCT/stable-diffusion-xl-base-1.0/train2017/000000465922,data/fakes/images/DRCT_stable-diffusion-xl-base-1.0_train2017_000000465922.jpg,1,diffusion,2023-07-26,Stable Diffusion XL 1.0,data/preprocessed/crop200_align16/DRCT_stable-diffusion-xl-base-1.0_train2017_000000465922.png,1024,1024,400,400,200,200
DRCT/stable-diffusion-xl-base-1.0/train2017/000000488476,data/fakes/images/DRCT_stable-diffusion-xl-base-1.0_train2017_000000488476.jpg,1,diffusion,2023-07-26,Stable Diffusion XL 1.0,data/preprocessed/crop200_align16/DRCT_stable-diffusion-xl-base-1.0_train2017_000000488476.png,1024,1024,400,400,200,200
ELSA_D3/train/row1155001/image_gen3,data/fakes/images/ELSA_D3_train_row1155001_image_gen3.jpg,1,diffusion,2023-07-26,Stable Diffusion XL 1.0,data/preprocessed/crop200_align16/ELSA_D3_train_row1155001_image_gen3.png,640,480,128,208,200,200
ELSA_D3/validation/row1705/image_gen3,data/fakes/images/ELSA_D3_validation_row1705_image_gen3.jpg,1,diffusion,2023-07-26,Stable Diffusion XL 1.0,data/preprocessed/crop200_align16/ELSA_D3_validation_row1705_image_gen3.png,640,480,128,208,200,200
ELSA_D3/validation/row30/image_gen3,data/fakes/images/ELSA_D3_validation_row30_image_gen3.jpg,1,diffusion,2023-07-26,Stable Diffusion XL 1.0,data/preprocessed/crop200_align16/ELSA_D3_validation_row30_image_gen3.png,512,512,144,144,200,200
ELSA_D3/validation/row3618/image_gen3,data/fakes/images/ELSA_D3_validation_row3618_image_gen3.jpg,1,diffusion,2023-07-26,Stable Diffusion XL 1.0,data/preprocessed/crop200_align16/ELSA_D3_validation_row3618_image_gen3.png,640,480,128,208,200,200
ELSA_D3/validation/row4505/image_gen3,data/fakes/images/ELSA_D3_validation_row4505_image_gen3.jpg,1,diffusion,2023-07-26,Stable Diffusion XL 1.0,data/preprocessed/crop200_align16/ELSA_D3_validation_row4505_image_gen3.png,512,512,144,144,200,200
ELSA_D3/validation/row745/image_gen3,data/fakes/images/ELSA_D3_validation_row745_image_gen3.jpg,1,diffusion,2023-07-26,Stable Diffusion XL 1.0,data/preprocessed/crop200_align16/ELSA_D3_validation_row745_image_gen3.png,512,512,144,144,200,200
Imaginet/sdxl_faces_fake/08237e38-f2db-45eb-afd1-425197db0b15,data/fakes/images/Imaginet_sdxl_faces_fake_08237e38-f2db-45eb-afd1-425197db0b15.jpg,1,diffusion,2023-07-26,Stable Diffusion XL 1.0,data/preprocessed/crop200_align16/Imaginet_sdxl_faces_fake_08237e38-f2db-45eb-afd1-425197db0b15.png,1024,1024,400,400,200,200
Polardiffshield/Stable-Diffusion-XL/00000067,data/fakes/images/Polardiffshield_Stable-Diffusion-XL_00000067.jpg,1,diffusion,2023-07-26,Stable Diffusion XL 1.0,data/preprocessed/crop200_align16/Polardiffshield_Stable-Diffusion-XL_00000067.png,704,1408,592,240,200,200
SFHQ-T2I/SDXL_image_0011783,data/fakes/images/SFHQ-T2I_SDXL_image_0011783.jpg,1,diffusion,2023-07-26,Stable Diffusion XL 1.0,data/preprocessed/crop200_align16/SFHQ-T2I_SDXL_image_0011783.png,1024,1024,400,400,200,200
SFHQ-T2I/SDXL_image_0012823,data/fakes/images/SFHQ-T2I_SDXL_image_0012823.jpg,1,diffusion,2023-07-26,Stable Diffusion XL 1.0,data/preprocessed/crop200_align16/SFHQ-T2I_SDXL_image_0012823.png,1024,1024,400,400,200,200
Synthbuster/stable-diffusion-xl/r0a8b59bbt,data/fakes/images/Synthbuster_stable-diffusion-xl_r0a8b59bbt.jpg,1,diffusion,2023-07-26,Stable Diffusion XL 1.0,data/preprocessed/crop200_align16/Synthbuster_stable-diffusion-xl_r0a8b59bbt.png,1344,704,240,560,200,200
Synthbuster/stable-diffusion-xl/r10f888c2t,data/fakes/images/Synthbuster_stable-diffusion-xl_r10f888c2t.jpg,1,diffusion,2023-07-26,Stable Diffusion XL 1.0,data/preprocessed/crop200_align16/Synthbuster_stable-diffusion-xl_r10f888c2t.png,704,1408,592,240,200,200
Imaginet/dalle3/16247089-c316-4889-9135-760560122206,data/fakes/images/Imaginet_dalle3_16247089-c316-4889-9135-760560122206.jpg,1,diffusion,2023-09-20,DALL-E 3,data/preprocessed/crop200_align16/Imaginet_dalle3_16247089-c316-4889-9135-760560122206.png,1024,1024,400,400,200,200
Imaginet/dalle3/287299f2-687e-4666-a54f-9126ea2b38fe,data/fakes/images/Imaginet_dalle3_287299f2-687e-4666-a54f-9126ea2b38fe.jpg,1,diffusion,2023-09-20,DALL-E 3,data/preprocessed/crop200_align16/Imaginet_dalle3_287299f2-687e-4666-a54f-9126ea2b38fe.png,1024,1024,400,400,200,200
Imaginet/dalle3/34e45ed6-ee3b-44a8-969d-72f90e071963,data/fakes/images/Imaginet_dalle3_34e45ed6-ee3b-44a8-969d-72f90e071963.jpg,1,diffusion,2023-09-20,DALL-E 3,data/preprocessed/crop200_align16/Imaginet_dalle3_34e45ed6-ee3b-44a8-969d-72f90e071963.png,1024,1024,400,400,200,200
Imaginet/dalle3/3f442bbf-dfaa-420b-841b-619da71abec7,data/fakes/images/Imaginet_dalle3_3f442bbf-dfaa-420b-841b-619da71abec7.jpg,1,diffusion,2023-09-20,DALL-E 3,data/preprocessed/crop200_align16/Imaginet_dalle3_3f442bbf-dfaa-420b-841b-619da71abec7.png,1024,1024,400,400,200,200
Imaginet/dalle3/443986bb-ea39-43c6-877b-c5c80b510d18,data/fakes/images/Imaginet_dalle3_443986bb-ea39-43c6-877b-c5c80b510d18.jpg,1,diffusion,2023-09-20,DALL-E 3,data/preprocessed/crop200_align16/Imaginet_dalle3_443986bb-ea39-43c6-877b-c5c80b510d18.png,1792,1024,400,784,200,200
Imaginet/dalle3/4779da83-837f-4779-8003-446b2b56ea2e,data/fakes/images/Imaginet_dalle3_4779da83-837f-4779-8003-446b2b56ea2e.jpg,1,diffusion,2023-09-20,DALL-E 3,data/preprocessed/crop200_align16/Imaginet_dalle3_4779da83-837f-4779-8003-446b2b56ea2e.png,1024,1024,400,400,200,200
Imaginet/dalle3/48fb8256-2f20-4419-845a-631bb67efb14,data/fakes/images/Imaginet_dalle3_48fb8256-2f20-4419-845a-631bb67efb14.jpg,1,diffusion,2023-09-20,DALL-E 3,data/preprocessed/crop200_align16/Imaginet_dalle3_48fb8256-2f20-4419-845a-631bb67efb14.png,1024,1024,400,400,200,200
Imaginet/dalle3/4ab43f3f-1493-4a9e-a7e2-d1b60028e738,data/fakes/images/Imaginet_dalle3_4ab43f3f-1493-4a9e-a7e2-d1b60028e738.jpg,1,diffusion,2023-09-20,DALL-E 3,data/preprocessed/crop200_align16/Imaginet_dalle3_4ab43f3f-1493-4a9e-a7e2-d1b60028e738.png,1024,1024,400,400,200,200
Imaginet/dalle3/703e73fc-92c3-4f9c-a108-c5ee1fba8fdc,data/fakes/images/Imaginet_dalle3_703e73fc-92c3-4f9c-a108-c5ee1fba8fdc.jpg,1,diffusion,2023-09-20,DALL-E 3,data/preprocessed/crop200_align16/Imaginet_dalle3_703e73fc-92c3-4f9c-a108-c5ee1fba8fdc.png,1024,1024,400,400,200,200
Imaginet/dalle3/c4c2d25b-59e6-4cd4-a01b-b7665fa77beb,data/fakes/images/Imaginet_dalle3_c4c2d25b-59e6-4cd4-a01b-b7665fa77beb.jpg,1,diffusion,2023-09-20,DALL-E 3,data/preprocessed/crop200_align16/Imaginet_dalle3_c4c2d25b-59e6-4cd4-a01b-b7665fa77beb.png,1024,1024,400,400,200,200
Imaginet/dalle3/d4914795-be57-457f-8fb4-f50e3e76962c,data/fakes/images/Imaginet_dalle3_d4914795-be57-457f-8fb4-f50e3e76962c.jpg,1,diffusion,2023-09-20,DALL-E 3,data/preprocessed/crop200_align16/Imaginet_dalle3_d4914795-be57-457f-8fb4-f50e3e76962c.png,1024,1024,400,400,200,200
Imaginet/dalle3/e0277137-3d6d-4702-8f1b-a90eac8a524a,data/fakes/images/Imaginet_dalle3_e0277137-3d6d-4702-8f1b-a90eac8a524a.jpg,1,diffusion,2023-09-20,DALL-E 3,data/preprocessed/crop200_align16/Imaginet_dalle3_e0277137-3d6d-4702-8f1b-a90eac8a524a.png,1024,1024,400,400,200,200
Imaginet/dalle3/e1181533-1149-46eb-b4e8-8008e04252f1,data/fakes/images/Imaginet_dalle3_e1181533-1149-46eb-b4e8-8008e04252f1.jpg,1,diffusion,2023-09-20,DALL-E 3,data/preprocessed/crop200_align16/Imaginet_dalle3_e1181533-1149-46eb-b4e8-8008e04252f1.png,1024,1024,400,400,200,200
Imaginet/dalle3/e4e9c80f-22a1-42eb-9852-07195721aa64,data/fakes/images/Imaginet_dalle3_e4e9c80f-22a1-42eb-9852-07195721aa64.jpg,1,diffusion,2023-09-20,DALL-E 3,data/preprocessed/crop200_align16/Imaginet_dalle3_e4e9c80f-22a1-42eb-9852-07195721aa64.png,1024,1024,400,400,200,200
Imaginet/dalle3/f39a377e-7a3c-49a0-8804-4e385b1936d4,data/fakes/images/Imaginet_dalle3_f39a377e-7a3c-49a0-8804-4e385b1936d4.jpg,1,diffusion,2023-09-20,DALL-E 3,data/preprocessed/crop200_align16/Imaginet_dalle3_f39a377e-7a3c-49a0-8804-4e385b1936d4.png,1024,1024,400,400,200,200
Polardiffshield/Dall-e-3/00000331,data/fakes/images/Polardiffshield_Dall-e-3_00000331.jpg,1,diffusion,2023-09-20,DALL-E 3,data/preprocessed/crop200_align16/Polardiffshield_Dall-e-3_00000331.png,1792,1024,400,784,200,200
Synthbuster/dalle3/r056c0ee6t,data/fakes/images/Synthbuster_dalle3_r056c0ee6t.jpg,1,diffusion,2023-09-20,DALL-E 3,data/preprocessed/crop200_align16/Synthbuster_dalle3_r056c0ee6t.png,1024,1792,784,400,200,200
SFHQ-T2I/FLUX1_dev_image_0000169,data/fakes/images/SFHQ-T2I_FLUX1_dev_image_0000169.jpg,1,diffusion,2024-08-01,FLUX 1 Dev,data/preprocessed/crop200_align16/SFHQ-T2I_FLUX1_dev_image_0000169.png,1024,1024,400,400,200,200
SFHQ-T2I/FLUX1_dev_image_0000530,data/fakes/images/SFHQ-T2I_FLUX1_dev_image_0000530.jpg,1,diffusion,2024-08-01,FLUX 1 Dev,data/preprocessed/crop200_align16/SFHQ-T2I_FLUX1_dev_image_0000530.png,1024,1024,400,400,200,200
SFHQ-T2I/FLUX1_dev_image_0001291,data/fakes/images/SFHQ-T2I_FLUX1_dev_image_0001291.jpg,1,diffusion,2024-08-01,FLUX 1 Dev,data/preprocessed/crop200_align16/SFHQ-T2I_FLUX1_dev_image_0001291.png,1024,1024,400,400,200,200
SFHQ-T2I/FLUX1_dev_image_0001758,data/fakes/images/SFHQ-T2I_FLUX1_dev_image_0001758.jpg,1,diffusion,2024-08-01,FLUX 1 Dev,data/preprocessed/crop200_align16/SFHQ-T2I_FLUX1_dev_image_0001758.png,1024,1024,400,400,200,200
SFHQ-T2I/FLUX1_dev_image_0001760,data/fakes/images/SFHQ-T2I_FLUX1_dev_image_0001760.jpg,1,diffusion,2024-08-01,FLUX 1 Dev,data/preprocessed/crop200_align16/SFHQ-T2I_FLUX1_dev_image_0001760.png,1024,1024,400,400,200,200
SFHQ-T2I/FLUX1_dev_image_0001988,data/fakes/images/SFHQ-T2I_FLUX1_dev_image_0001988.jpg,1,diffusion,2024-08-01,FLUX 1 Dev,data/preprocessed/crop200_align16/SFHQ-T2I_FLUX1_dev_image_0001988.png,1024,1024,400,400,200,200
SFHQ-T2I/FLUX1_dev_image_0002579,data/fakes/images/SFHQ-T2I_FLUX1_dev_image_0002579.jpg,1,diffusion,2024-08-01,FLUX 1 Dev,data/preprocessed/crop200_align16/SFHQ-T2I_FLUX1_dev_image_0002579.png,1024,1024,400,400,200,200
SFHQ-T2I/FLUX1_dev_image_0002698,data/fakes/images/SFHQ-T2I_FLUX1_dev_image_0002698.jpg,1,diffusion,2024-08-01,FLUX 1 Dev,data/preprocessed/crop200_align16/SFHQ-T2I_FLUX1_dev_image_0002698.png,1024,1024,400,400,200,200
SFHQ-T2I/FLUX1_dev_image_0002766,data/fakes/images/SFHQ-T2I_FLUX1_dev_image_0002766.jpg,1,diffusion,2024-08-01,FLUX 1 Dev,data/preprocessed/crop200_align16/SFHQ-T2I_FLUX1_dev_image_0002766.png,1024,1024,400,400,200,200
SFHQ-T2I/FLUX1_dev_image_0005236,data/fakes/images/SFHQ-T2I_FLUX1_dev_image_0005236.jpg,1,diffusion,2024-08-01,FLUX 1 Dev,data/preprocessed/crop200_align16/SFHQ-T2I_FLUX1_dev_image_0005236.png,1024,1024,400,400,200,200
SFHQ-T2I/FLUX1_dev_image_0005460,data/fakes/images/SFHQ-T2I_FLUX1_dev_image_0005460.jpg,1,diffusion,2024-08-01,FLUX 1 Dev,data/preprocessed/crop200_align16/SFHQ-T2I_FLUX1_dev_image_0005460.png,1024,1024,400,400,200,200
SFHQ-T2I/FLUX1_dev_image_0005754,data/fakes/images/SFHQ-T2I_FLUX1_dev_image_0005754.jpg,1,diffusion,2024-08-01,FLUX 1 Dev,data/preprocessed/crop200_align16/SFHQ-T2I_FLUX1_dev_image_0005754.png,1024,1024,400,400,200,200
SFHQ-T2I/FLUX1_dev_image_0005900,data/fakes/images/SFHQ-T2I_FLUX1_dev_image_0005900.jpg,1,diffusion,2024-08-01,FLUX 1 Dev,data/preprocessed/crop200_align16/SFHQ-T2I_FLUX1_dev_image_0005900.png,1024,1024,400,400,200,200
SFHQ-T2I/FLUX1_dev_image_0006186,data/fakes/images/SFHQ-T2I_FLUX1_dev_image_0006186.jpg,1,diffusion,2024-08-01,FLUX 1 Dev,data/preprocessed/crop200_align16/SFHQ-T2I_FLUX1_dev_image_0006186.png,1024,1024,400,400,200,200
SFHQ-T2I/FLUX1_dev_image_0006246,data/fakes/images/SFHQ-T2I_FLUX1_dev_image_0006246.jpg,1,diffusion,2024-08-01,FLUX 1 Dev,data/preprocessed/crop200_align16/SFHQ-T2I_FLUX1_dev_image_0006246.png,1024,1024,400,400,200,200
SFHQ-T2I/FLUX1_dev_image_0006424,data/fakes/images/SFHQ-T2I_FLUX1_dev_image_0006424.jpg,1,diffusion,2024-08-01,FLUX 1 Dev,data/preprocessed/crop200_align16/SFHQ-T2I_FLUX1_dev_image_0006424.png,1024,1024,400,400,200,200
SFHQ-T2I/FLUX1_dev_image_0006639,data/fakes/images/SFHQ-T2I_FLUX1_dev_image_0006639.jpg,1,diffusion,2024-08-01,FLUX 1 Dev,data/preprocessed/crop200_align16/SFHQ-T2I_FLUX1_dev_image_0006639.png,1024,1024,400,400,200,200
SFHQ-T2I/FLUX1_schnell_image_0000365,data/fakes/images/SFHQ-T2I_FLUX1_schnell_image_0000365.jpg,1,diffusion,2024-08-02,FLUX 1 Schnell,data/preprocessed/crop200_align16/SFHQ-T2I_FLUX1_schnell_image_0000365.png,1024,1024,400,400,200,200
SFHQ-T2I/FLUX1_schnell_image_0006200,data/fakes/images/SFHQ-T2I_FLUX1_schnell_image_0006200.jpg,1,diffusion,2024-08-02,FLUX 1 Schnell,data/preprocessed/crop200_align16/SFHQ-T2I_FLUX1_schnell_image_0006200.png,1024,1024,400,400,200,200
SFHQ-T2I/FLUX1_schnell_image_0008122,data/fakes/images/SFHQ-T2I_FLUX1_schnell_image_0008122.jpg,1,diffusion,2024-08-02,FLUX 1 Schnell,data/preprocessed/crop200_align16/SFHQ-T2I_FLUX1_schnell_image_0008122.png,1024,1024,400,400,200,200
SFHQ-T2I/FLUX1_schnell_image_0009322,data/fakes/images/SFHQ-T2I_FLUX1_schnell_image_0009322.jpg,1,diffusion,2024-08-02,FLUX 1 Schnell,data/preprocessed/crop200_align16/SFHQ-T2I_FLUX1_schnell_image_0009322.png,1024,1024,400,400,200,200
SFHQ-T2I/FLUX1_schnell_image_0015755,data/fakes/images/SFHQ-T2I_FLUX1_schnell_image_0015755.jpg,1,diffusion,2024-08-02,FLUX 1 Schnell,data/preprocessed/crop200_align16/SFHQ-T2I_FLUX1_schnell_image_0015755.png,1024,1024,400,400,200,200
SFHQ-T2I/FLUX1_schnell_image_0016419,data/fakes/images/SFHQ-T2I_FLUX1_schnell_image_0016419.jpg,1,diffusion,2024-08-02,FLUX 1 Schnell,data/preprocessed/crop200_align16/SFHQ-T2I_FLUX1_schnell_image_0016419.png,1024,1024,400,400,200,200
SFHQ-T2I/FLUX1_schnell_image_0017266,data/fakes/images/SFHQ-T2I_FLUX1_schnell_image_0017266.jpg,1,diffusion,2024-08-02,FLUX 1 Schnell,data/preprocessed/crop200_align16/SFHQ-T2I_FLUX1_schnell_image_0017266.png,1024,1024,400,400,200,200
SFHQ-T2I/FLUX1_schnell_image_0018362,data/fakes/images/SFHQ-T2I_FLUX1_schnell_image_0018362.jpg,1,diffusion,2024-08-02,FLUX 1 Schnell,data/preprocessed/crop200_align16/SFHQ-T2I_FLUX1_schnell_image_0018362.png,1024,1024,400,400,200,200
SFHQ-T2I/FLUX1_schnell_image_0024910,data/fakes/images/SFHQ-T2I_FLUX1_schnell_image_0024910.jpg,1,diffusion,2024-08-02,FLUX 1 Schnell,data/preprocessed/crop200_align16/SFHQ-T2I_FLUX1_schnell_image_0024910.png,1024,1024,400,400,200,200
SFHQ-T2I/FLUX1_schnell_image_0026304,data/fakes/images/SFHQ-T2I_FLUX1_schnell_image_0026304.jpg,1,diffusion,2024-08-02,FLUX 1 Schnell,data/preprocessed/crop200_align16/SFHQ-T2I_FLUX1_schnell_image_0026304.png,1024,1024,400,400,200,200
SFHQ-T2I/FLUX1_schnell_image_0031348,data/fakes/images/SFHQ-T2I_FLUX1_schnell_image_0031348.jpg,1,diffusion,2024-08-02,FLUX 1 Schnell,data/preprocessed/crop200_align16/SFHQ-T2I_FLUX1_schnell_image_0031348.png,1024,1024,400,400,200,200
SFHQ-T2I/FLUX1_schnell_image_0033325,data/fakes/images/SFHQ-T2I_FLUX1_schnell_image_0033325.jpg,1,diffusion,2024-08-02,FLUX 1 Schnell,data/preprocessed/crop200_align16/SFHQ-T2I_FLUX1_schnell_image_0033325.png,1024,1024,400,400,200,200
SFHQ-T2I/FLUX1_schnell_image_0043638,data/fakes/images/SFHQ-T2I_FLUX1_schnell_image_0043638.jpg,1,diffusion,2024-08-02,FLUX 1 Schnell,data/preprocessed/crop200_align16/SFHQ-T2I_FLUX1_schnell_image_0043638.png,1024,1024,400,400,200,200
SFHQ-T2I/FLUX1_schnell_image_0050664,data/fakes/images/SFHQ-T2I_FLUX1_schnell_image_0050664.jpg,1,diffusion,2024-08-02,FLUX 1 Schnell,data/preprocessed/crop200_align16/SFHQ-T2I_FLUX1_schnell_image_0050664.png,1024,1024,400,400,200,200
SFHQ-T2I/FLUX1_schnell_image_0051502,data/fakes/images/SFHQ-T2I_FLUX1_schnell_image_0051502.jpg,1,diffusion,2024-08-02,FLUX 1 Schnell,data/preprocessed/crop200_align16/SFHQ-T2I_FLUX1_schnell_image_0051502.png,1024,1024,400,400,200,200
SFHQ-T2I/FLUX1_schnell_image_0052273,data/fakes/images/SFHQ-T2I_FLUX1_schnell_image_0052273.jpg,1,diffusion,2024-08-02,FLUX 1 Schnell,data/preprocessed/crop200_align16/SFHQ-T2I_FLUX1_schnell_image_0052273.png,1024,1024,400,400,200,200
SFHQ-T2I/FLUX1_schnell_image_0054895,data/fakes/images/SFHQ-T2I_FLUX1_schnell_image_0054895.jpg,1,diffusion,2024-08-02,FLUX 1 Schnell,data/preprocessed/crop200_align16/SFHQ-T2I_FLUX1_schnell_image_0054895.png,1024,1024,400,400,200,200
