image_id,path,label,generator_family,release_date,generator,crop_path,cnndetection,univfd,dmimagedetection_progan,dmimagedetection_latent,aeroblade,source
COCO2017_train/241483,data/authentic/images/COCO2017_train_241483.jpg,0,authentic,,,data/preprocessed/crop200_align16/COCO2017_train_241483.png,-29.422513961791992,-7.808743000030518,-22.89836883544922,-17.598800659179688,-0.0439453125,COCO2017_train
COCO2017_train/21166,data/authentic/images/COCO2017_train_21166.jpg,0,authentic,,,data/preprocessed/crop200_align16/COCO2017_train_21166.png,-26.814363479614254,-8.683735847473145,-18.760780334472656,-27.846500396728516,-0.028411865234375,COCO2017_train
COCO2017_train/429820,data/authentic/images/COCO2017_train_429820.jpg,0,authentic,,,data/preprocessed/crop200_align16/COCO2017_train_429820.png,-24.139183044433594,-4.851562976837158,-6.25488805770874,-15.86866569519043,-0.029296875,COCO2017_train
COCO2017_train/524662,data/authentic/images/COCO2017_train_524662.jpg,0,authentic,,,data/preprocessed/crop200_align16/COCO2017_train_524662.png,-23.30009078979492,-3.88069486618042,-19.483169555664062,-13.862224578857422,-0.035430908203125,COCO2017_train
COCO2017_train/434940,data/authentic/images/COCO2017_train_434940.jpg,0,authentic,,,data/preprocessed/crop200_align16/COCO2017_train_434940.png,-26.551990509033203,-2.3067784309387207,-39.75459671020508,-46.19149017333984,-0.0433349609375,COCO2017_train
COCO2017_train/559163,data/authentic/images/COCO2017_train_559163.jpg,0,authentic,,,data/preprocessed/crop200_align16/COCO2017_train_559163.png,-40.7642707824707,-5.87570333480835,-21.989002227783203,-17.362085342407227,-0.03118896484375,COCO2017_train
COCO2017_train/303666,data/authentic/images/COCO2017_train_303666.jpg,0,authentic,,,data/preprocessed/crop200_align16/COCO2017_train_303666.png,-12.633393287658691,-8.037363052368164,-3.042975664138794,-11.015454292297363,-0.033538818359375,COCO2017_train
COCO2017_train/128385,data/authentic/images/COCO2017_train_128385.jpg,0,authentic,,,data/preprocessed/crop200_align16/COCO2017_train_128385.png,-34.4025993347168,-11.407169342041016,-38.19965744018555,-41.20101165771485,-0.04071044921875,COCO2017_train
COCO2017_train/201419,data/authentic/images/COCO2017_train_201419.jpg,0,authentic,,,data/preprocessed/crop200_align16/COCO2017_train_201419.png,-22.419607162475582,-0.213391900062561,-14.180353164672852,-17.242961883544922,-0.05126953125,COCO2017_train
COCO2017_train/237179,data/authentic/images/COCO2017_train_237179.jpg,0,authentic,,,data/preprocessed/crop200_align16/COCO2017_train_237179.png,-19.29510498046875,-11.578653335571287,-20.26616859436035,-19.175052642822266,-0.0325927734375,COCO2017_train
COCO2017_train/329939,data/authentic/images/COCO2017_train_329939.jpg,0,authentic,,,data/preprocessed/crop200_align16/COCO2017_train_329939.png,-9.66698169708252,-6.724692344665527,-7.792033672332764,-24.94176483154297,-0.0684814453125,COCO2017_train
COCO2017_train/531045,data/authentic/images/COCO2017_train_531045.jpg,0,authentic,,,data/preprocessed/crop200_align16/COCO2017_train_531045.png,-21.980396270751953,-3.660141468048096,-9.519132614135742,-10.406262397766112,-0.040985107421875,COCO2017_train
COCO2017_train/489267,data/authentic/images/COCO2017_train_489267.jpg,0,authentic,,,data/preprocessed/crop200_align16/COCO2017_train_489267.png,-23.623720169067383,-11.971814155578612,-17.384801864624023,-25.54193115234375,-0.0377197265625,COCO2017_train
COCO2017_val/210030,data/authentic/images/COCO2017_val_210030.jpg,0,authentic,,,data/preprocessed/crop200_align16/COCO2017_val_210030.png,-25.800153732299805,-9.089786529541016,-14.646737098693848,-11.535629272460938,-0.048736572265625,COCO2017_val
COCO2017_train/444015,data/authentic/images/COCO2017_train_444015.jpg,0,authentic,,,data/preprocessed/crop200_align16/COCO2017_train_444015.png,-14.71372127532959,-6.965127468109131,-11.451732635498049,-15.37468719482422,-0.03985595703125,COCO2017_train
COCO2017_train/522146,data/authentic/images/COCO2017_train_522146.jpg,0,authentic,,,data/preprocessed/crop200_align16/COCO2017_train_522146.png,-31.046615600585938,-3.669058322906494,-19.040624618530273,-29.208660125732425,-0.040771484375,COCO2017_train
COCO2017_train/559382,data/authentic/images/COCO2017_train_559382.jpg,0,authentic,,,data/preprocessed/crop200_align16/COCO2017_train_559382.png,-23.380596160888672,-10.936911582946776,-35.03856658935547,-42.162498474121094,-0.042633056640625,COCO2017_train
COCO2017_train/481504,data/authentic/images/COCO2017_train_481504.jpg,0,authentic,,,data/preprocessed/crop200_align16/COCO2017_train_481504.png,-28.157745361328125,-12.556192398071287,-16.487783432006836,-36.241512298583984,-0.041107177734375,COCO2017_train
COCO2017_train/122188,data/authentic/images/COCO2017_train_122188.jpg,0,authentic,,,data/preprocessed/crop200_align16/COCO2017_train_122188.png,-22.92601203918457,-9.102561950683594,-6.652067184448242,-6.204753875732422,-0.0328369140625,COCO2017_train
COCO2017_train/519446,data/authentic/images/COCO2017_train_519446.jpg,0,authentic,,,data/preprocessed/crop200_align16/COCO2017_train_519446.png,-22.608665466308594,-7.585097312927246,-9.476778030395508,-16.3186092376709,-0.043670654296875,COCO2017_train
COCO2017_train/513295,data/authentic/images/COCO2017_train_513295.jpg,0,authentic,,,data/preprocessed/crop200_align16/COCO2017_train_513295.png,-13.213543891906738,-4.371264457702637,-13.47338581085205,-20.87489128112793,-0.055206298828125,COCO2017_train
COCO2017_train/348637,data/authentic/images/COCO2017_train_348637.jpg,0,authentic,,,data/preprocessed/crop200_align16/COCO2017_train_348637.png,-41.383766174316406,-11.820661544799805,-30.146238327026367,-32.93456268310547,-0.032745361328125,COCO2017_train
COCO2017_train/561121,data/authentic/images/COCO2017_train_561121.jpg,0,authentic,,,data/preprocessed/crop200_align16/COCO2017_train_561121.png,-24.732133865356445,-8.153875350952148,-37.06380462646485,-24.68996810913086,-0.048797607421875,COCO2017_train
COCO2017_train/523576,data/authentic/images/COCO2017_train_523576.jpg,0,authentic,,,data/preprocessed/crop200_align16/COCO2017_train_523576.png,-14.153367042541504,-8.095309257507324,-10.18903923034668,-18.597007751464844,-0.036590576171875,COCO2017_train
COCO2017_train/107628,data/authentic/images/COCO2017_train_107628.jpg,0,authentic,,,data/preprocessed/crop200_align16/COCO2017_train_107628.png,-29.342622756958008,-4.757445335388184,-23.14727783203125,-27.98126220703125,-0.03582763671875,COCO2017_train
COCO2017_train/329354,data/authentic/images/COCO2017_train_329354.jpg,0,authentic,,,data/preprocessed/crop200_align16/COCO2017_train_329354.png,-27.092348098754883,-6.640469074249268,-28.76675033569336,-19.142534255981445,-0.04095458984375,COCO2017_train
COCO2017_train/326243,data/authentic/images/COCO2017_train_326243.jpg,0,authentic,,,data/preprocessed/crop200_align16/COCO2017_train_326243.png,-31.85902214050293,-3.0417442321777344,-23.73099136352539,-25.45284843444824,-0.0305938720703125,COCO2017_train
COCO2017_train/113294,data/authentic/images/COCO2017_train_113294.jpg,0,authentic,,,data/preprocessed/crop200_align16/COCO2017_train_113294.png,-12.667564392089844,-2.0061914920806885,-4.932003021240234,-18.36713409423828,-0.055938720703125,COCO2017_train
COCO2017_train/16964,data/authentic/images/COCO2017_train_16964.jpg,0,authentic,,,data/preprocessed/crop200_align16/COCO2017_train_16964.png,-12.710288047790527,-3.871418476104736,-35.52556228637695,-40.25271224975586,-0.057464599609375,COCO2017_train
COCO2017_train/468499,data/authentic/images/COCO2017_train_468499.jpg,0,authentic,,,data/preprocessed/crop200_align16/COCO2017_train_468499.png,-15.50452709197998,-6.68457555770874,-38.594974517822266,-50.07426452636719,-0.04473876953125,COCO2017_train
COCO2017_train/397355,data/authentic/images/COCO2017_train_397355.jpg,0,authentic,,,data/preprocessed/crop200_align16/COCO2017_train_397355.png,-24.486875534057617,-7.429940223693848,-23.413976669311523,-27.95333671569824,-0.04833984375,COCO2017_train
COCO2017_train/241329,data/authentic/images/COCO2017_train_241329.jpg,0,authentic,,,data/preprocessed/crop200_align16/COCO2017_train_241329.png,-17.281723022460938,-9.82784938812256,-26.14805793762207,-28.95574951171875,-0.039337158203125,COCO2017_train
COCO2017_val/370486,data/authentic/images/COCO2017_val_370486.jpg,0,authentic,,,data/preprocessed/crop200_align16/COCO2017_val_370486.png,-30.52593231201172,-5.923677444458008,-28.167156219482425,-22.85300636291504,-0.038818359375,COCO2017_val
COCO2017_train/384804,data/authentic/images/COCO2017_train_384804.jpg,0,authentic,,,data/preprocessed/crop200_align16/COCO2017_train_384804.png,-10.69750690460205,-7.293168544769287,-15.292454719543455,-36.4549674987793,-0.05364990234375,COCO2017_train
COCO2017_train/40219,data/authentic/images/COCO2017_train_40219.jpg,0,authentic,,,data/preprocessed/crop200_align16/COCO2017_train_40219.png,-15.497977256774902,-7.046640396118164,-33.198486328125,-20.951412200927734,-0.024658203125,COCO2017_train
COCO2017_train/295199,data/authentic/images/COCO2017_train_295199.jpg,0,authentic,,,data/preprocessed/crop200_align16/COCO2017_train_295199.png,-22.160812377929688,-5.392187118530273,-11.677863121032717,-13.663580894470217,-0.039337158203125,COCO2017_train
COCO2017_train/117418,data/authentic/images/COCO2017_train_117418.jpg,0,authentic,,,data/preprocessed/crop200_align16/COCO2017_train_117418.png,-30.14066696166992,-8.049420356750488,-31.06862449645996,-34.69542694091797,-0.03326416015625,COCO2017_train
COCO2017_train/460353,data/authentic/images/COCO2017_train_460353.jpg,0,authentic,,,data/preprocessed/crop200_align16/COCO2017_train_460353.png,-30.307336807250977,-9.155261039733888,-37.129295349121094,-40.57146072387695,-0.052337646484375,COCO2017_train
COCO2017_train/104327,data/authentic/images/COCO2017_train_104327.jpg,0,authentic,,,data/preprocessed/crop200_align16/COCO2017_train_104327.png,-29.51935577392578,-3.9876437187194824,-40.456398010253906,-42.975379943847656,-0.03668212890625,COCO2017_train
COCO2017_train/203462,data/authentic/images/COCO2017_train_203462.jpg,0,authentic,,,data/preprocessed/crop200_align16/COCO2017_train_203462.png,-0.1756026595830917,-6.45529842376709,-16.667469024658203,-32.727657318115234,-0.06451416015625,COCO2017_train
COCO2017_train/383890,data/authentic/images/COCO2017_train_383890.jpg,0,authentic,,,data/preprocessed/crop200_align16/COCO2017_train_383890.png,-38.50686264038086,-8.176508903503418,-15.478581428527832,-12.4029541015625,-0.0287933349609375,COCO2017_train
COCO2017_train/394159,data/authentic/images/COCO2017_train_394159.jpg,0,authentic,,,data/preprocessed/crop200_align16/COCO2017_train_394159.png,-13.591657638549805,-6.910167694091797,-14.524849891662598,-25.76332092285156,-0.062408447265625,COCO2017_train
COCO2017_train/409206,data/authentic/images/COCO2017_train_409206.jpg,0,authentic,,,data/preprocessed/crop200_align16/COCO2017_train_409206.png,-6.2040181159973145,1.5413113832473757,-1.8678042888641355,-0.9136916995048524,-0.0274810791015625,COCO2017_train
COCO2017_train/546095,data/authentic/images/COCO2017_train_546095.jpg,0,authentic,,,data/preprocessed/crop200_align16/COCO2017_train_546095.png,-11.9130859375,-6.3542609214782715,-6.147274971008301,-29.141437530517575,-0.06658935546875,COCO2017_train
COCO2017_train/109894,data/authentic/images/COCO2017_train_109894.jpg,0,authentic,,,data/preprocessed/crop200_align16/COCO2017_train_109894.png,-12.650520324707031,-10.43376350402832,-31.129405975341797,-27.56139755249023,-0.048431396484375,COCO2017_train
COCO2017_train/31666,data/authentic/images/COCO2017_train_31666.jpg,0,authentic,,,data/preprocessed/crop200_align16/COCO2017_train_31666.png,-28.386390686035156,-5.819240093231201,-36.677955627441406,-26.72235679626465,-0.047271728515625,COCO2017_train
COCO2017_train/475306,data/authentic/images/COCO2017_train_475306.jpg,0,authentic,,,data/preprocessed/crop200_align16/COCO2017_train_475306.png,-35.448421478271484,-11.795360565185549,-28.020206451416016,-31.384130477905273,-0.04144287109375,COCO2017_train
COCO2017_train/305724,data/authentic/images/COCO2017_train_305724.jpg,0,authentic,,,data/preprocessed/crop200_align16/COCO2017_train_305724.png,-24.462465286254883,-5.70735502243042,-7.370999813079834,-12.111873626708984,-0.03521728515625,COCO2017_train
COCO2017_val/190853,data/authentic/images/COCO2017_val_190853.jpg,0,authentic,,,data/preprocessed/crop200_align16/COCO2017_val_190853.png,-11.756058692932127,-7.730949401855469,-11.86085319519043,-14.207648277282717,-0.0435791015625,COCO2017_val
COCO2017_train/507237,data/authentic/images/COCO2017_train_507237.jpg,0,authentic,,,data/preprocessed/crop200_align16/COCO2017_train_507237.png,-28.337541580200195,-10.73979949951172,-34.617855072021484,-31.086549758911133,-0.044830322265625,COCO2017_train
COCO2017_train/263042,data/authentic/images/COCO2017_train_263042.jpg,0,authentic,,,data/preprocessed/crop200_align16/COCO2017_train_263042.png,-17.83766746520996,-5.169630527496338,-18.06397247314453,-15.206501960754396,-0.045166015625,COCO2017_train
COCO2017_train/180083,data/authentic/images/COCO2017_train_180083.jpg,0,authentic,,,data/preprocessed/crop200_align16/COCO2017_train_180083.png,-23.25858497619629,-8.312920570373535,-15.366174697875977,-22.862035751342773,-0.056610107421875,COCO2017_train
COCO2017_train/413090,data/authentic/images/COCO2017_train_413090.jpg,0,authentic,,,data/preprocessed/crop200_align16/COCO2017_train_413090.png,-24.325416564941406,-7.267573356628418,-32.82430648803711,-23.364744186401367,-0.0231781005859375,COCO2017_train
COCO2017_train/535795,data/authentic/images/COCO2017_train_535795.jpg,0,authentic,,,data/preprocessed/crop200_align16/COCO2017_train_535795.png,-28.55307388305664,-8.165781021118164,-16.53929901123047,-16.399553298950195,-0.02410888671875,COCO2017_train
COCO2017_train/487507,data/authentic/images/COCO2017_train_487507.jpg,0,authentic,,,data/preprocessed/crop200_align16/COCO2017_train_487507.png,-21.752042770385746,-4.553009510040283,-10.36044979095459,-14.878443717956545,-0.04718017578125,COCO2017_train
COCO2017_train/563858,data/authentic/images/COCO2017_train_563858.jpg,0,authentic,,,data/preprocessed/crop200_align16/COCO2017_train_563858.png,-15.189530372619627,-6.004106521606445,-22.110864639282227,-36.706905364990234,-0.061248779296875,COCO2017_train
COCO2017_train/511301,data/authentic/images/COCO2017_train_511301.jpg,0,authentic,,,data/preprocessed/crop200_align16/COCO2017_train_511301.png,-28.322296142578125,-9.29746150970459,-22.45664978027344,-24.12273406982422,-0.034912109375,COCO2017_train
COCO2017_train/134770,data/authentic/images/COCO2017_train_134770.jpg,0,authentic,,,data/preprocessed/crop200_align16/COCO2017_train_134770.png,-20.755945205688477,-8.90217113494873,-46.683860778808594,-45.84939956665039,-0.029052734375,COCO2017_train
COCO2017_train/403506,data/authentic/images/COCO2017_train_403506.jpg,0,authentic,,,data/preprocessed/crop200_align16/COCO2017_train_403506.png,-19.46324920654297,-6.3827595710754395,-6.784303188323975,-16.808063507080078,-0.04913330078125,COCO2017_train
COCO2017_train/49165,data/authentic/images/COCO2017_train_49165.jpg,0,authentic,,,data/preprocessed/crop200_align16/COCO2017_train_49165.png,-38.01335144042969,-7.34366512298584,-19.126365661621097,-28.312402725219727,-0.0535888671875,COCO2017_train
COCO2017_train/550944,data/authentic/images/COCO2017_train_550944.jpg,0,authentic,,,data/preprocessed/crop200_align16/COCO2017_train_550944.png,-26.729564666748047,-12.42972183227539,-36.5817985534668,-48.788124084472656,-0.0501708984375,COCO2017_train
COCO2017_train/105026,data/authentic/images/COCO2017_train_105026.jpg,0,authentic,,,data/preprocessed/crop200_align16/COCO2017_train_105026.png,-12.208081245422363,-5.9299635887146,-13.437084197998049,-24.178203582763672,-0.05169677734375,COCO2017_train
COCO2017_train/63036,data/authentic/images/COCO2017_train_63036.jpg,0,authentic,,,data/preprocessed/crop200_align16/COCO2017_train_63036.png,-21.10797882080078,-3.857638359069824,-17.234575271606445,-34.02206802368164,-0.050140380859375,COCO2017_train
COCO2017_val/336628,data/authentic/images/COCO2017_val_336628.jpg,0,authentic,,,data/preprocessed/crop200_align16/COCO2017_val_336628.png,-27.197912216186523,-5.3846211433410645,-30.070228576660156,-25.13815689086914,-0.042633056640625,COCO2017_val
COCO2017_train/344720,data/authentic/images/COCO2017_train_344720.jpg,0,authentic,,,data/preprocessed/crop200_align16/COCO2017_train_344720.png,-23.28225326538086,-9.10351848602295,-35.59708023071289,-32.94767761230469,-0.04058837890625,COCO2017_train
COCO2017_train/148852,data/authentic/images/COCO2017_train_148852.jpg,0,authentic,,,data/preprocessed/crop200_align16/COCO2017_train_148852.png,-26.205493927001953,-12.61690616607666,-34.02159118652344,-35.4882698059082,-0.031585693359375,COCO2017_train
COCO2017_train/570760,data/authentic/images/COCO2017_train_570760.jpg,0,authentic,,,data/preprocessed/crop200_align16/COCO2017_train_570760.png,-26.9940185546875,-4.672091960906982,-24.137104034423828,-25.212650299072266,-0.0511474609375,COCO2017_train
COCO2017_train/96505,data/authentic/images/COCO2017_train_96505.jpg,0,authentic,,,data/preprocessed/crop200_align16/COCO2017_train_96505.png,-30.997732162475582,-5.710282802581787,-20.88951873779297,-18.88927459716797,-0.0419921875,COCO2017_train
COCO2017_train/239120,data/authentic/images/COCO2017_train_239120.jpg,0,authentic,,,data/preprocessed/crop200_align16/COCO2017_train_239120.png,-20.862974166870117,-5.183474063873291,-11.917473793029783,-14.201627731323242,-0.0275726318359375,COCO2017_train
COCO2017_train/274538,data/authentic/images/COCO2017_train_274538.jpg,0,authentic,,,data/preprocessed/crop200_align16/COCO2017_train_274538.png,-10.579611778259276,-8.688693046569824,-9.681300163269045,-11.595561981201172,-0.0269775390625,COCO2017_train
COCO2017_train/419697,data/authentic/images/COCO2017_train_419697.jpg,0,authentic,,,data/preprocessed/crop200_align16/COCO2017_train_419697.png,-35.81851577758789,-10.164957046508787,-45.087554931640625,-39.58489990234375,-0.039825439453125,COCO2017_train
COCO2017_train/451196,data/authentic/images/COCO2017_train_451196.jpg,0,authentic,,,data/preprocessed/crop200_align16/COCO2017_train_451196.png,-31.681732177734375,-6.454636573791504,-26.72768783569336,-36.098114013671875,-0.05364990234375,COCO2017_train
COCO2017_train/128475,data/authentic/images/COCO2017_train_128475.jpg,0,authentic,,,data/preprocessed/crop200_align16/COCO2017_train_128475.png,-11.532598495483398,-8.085212707519531,-12.057103157043455,-15.099695205688477,-0.04632568359375,COCO2017_train
COCO2017_train/503605,data/authentic/images/COCO2017_train_503605.jpg,0,authentic,,,data/preprocessed/crop200_align16/COCO2017_train_503605.png,-22.85506820678711,-7.500851154327393,-24.397077560424805,-13.82942008972168,-0.021484375,COCO2017_train
COCO2017_train/232165,data/authentic/images/COCO2017_train_232165.jpg,0,authentic,,,data/preprocessed/crop200_align16/COCO2017_train_232165.png,-12.661450386047363,-12.20486545562744,-24.79457664489746,-25.146228790283203,-0.042572021484375,COCO2017_train
COCO2017_train/32818,data/authentic/images/COCO2017_train_32818.jpg,0,authentic,,,data/preprocessed/crop200_align16/COCO2017_train_32818.png,-18.952320098876953,-7.751277923583984,-20.15326499938965,-23.784175872802734,-0.04937744140625,COCO2017_train
COCO2017_train/5459,data/authentic/images/COCO2017_train_5459.jpg,0,authentic,,,data/preprocessed/crop200_align16/COCO2017_train_5459.png,-37.63835906982422,-5.3994832038879395,-18.91695976257324,-13.780444145202637,-0.033721923828125,COCO2017_train
COCO2017_train/354059,data/authentic/images/COCO2017_train_354059.jpg,0,authentic,,,data/preprocessed/crop200_align16/COCO2017_train_354059.png,-38.58548355102539,-7.454269409179688,-24.205371856689453,-21.79572105407715,-0.033599853515625,COCO2017_train
COCO2017_train/426088,data/authentic/images/COCO2017_train_426088.jpg,0,authentic,,,data/preprocessed/crop200_align16/COCO2017_train_426088.png,-33.4855842590332,-7.542206287384033,-17.020828247070312,-14.960187911987305,-0.0298919677734375,COCO2017_train
COCO2017_train/343135,data/authentic/images/COCO2017_train_343135.jpg,0,authentic,,,data/preprocessed/crop200_align16/COCO2017_train_343135.png,-25.13898277282715,-8.584813117980957,-15.190943717956545,-24.1547908782959,-0.0311126708984375,COCO2017_train
COCO2017_train/571503,data/authentic/images/COCO2017_train_571503.jpg,0,authentic,,,data/preprocessed/crop200_align16/COCO2017_train_571503.png,-25.586483001708984,-10.591035842895508,-20.627519607543945,-17.7618350982666,-0.0263519287109375,COCO2017_train
COCO2017_train/446783,data/authentic/images/COCO2017_train_446783.jpg,0,authentic,,,data/preprocessed/crop200_align16/COCO2017_train_446783.png,-27.732879638671875,-7.051805019378662,-19.52032470703125,-31.12830352783203,-0.05517578125,COCO2017_train
COCO2017_train/20769,data/authentic/images/COCO2017_train_20769.jpg,0,authentic,,,data/preprocessed/crop200_align16/COCO2017_train_20769.png,-23.653553009033203,-12.125822067260742,-19.687442779541016,-21.39889144897461,-0.05145263671875,COCO2017_train
COCO2017_train/163565,data/authentic/images/COCO2017_train_163565.jpg,0,authentic,,,data/preprocessed/crop200_align16/COCO2017_train_163565.png,-25.128368377685547,-8.584569931030273,-17.686555862426758,-16.827688217163086,-0.034820556640625,COCO2017_train
COCO2017_train/144345,data/authentic/images/COCO2017_train_144345.jpg,0,authentic,,,data/preprocessed/crop200_align16/COCO2017_train_144345.png,-44.83040237426758,-9.652161598205566,-20.15642547607422,-19.25246238708496,-0.032806396484375,COCO2017_train
COCO2017_train/559301,data/authentic/images/COCO2017_train_559301.jpg,0,authentic,,,data/preprocessed/crop200_align16/COCO2017_train_559301.png,-25.549854278564453,-2.50347900390625,-18.094411849975582,-28.57954978942871,-0.05322265625,COCO2017_train
COCO2017_train/257198,data/authentic/images/COCO2017_train_257198.jpg,0,authentic,,,data/preprocessed/crop200_align16/COCO2017_train_257198.png,-28.057132720947266,-5.075813293457031,-23.351503372192383,-17.071224212646484,-0.0343017578125,COCO2017_train
COCO2017_train/359925,data/authentic/images/COCO2017_train_359925.jpg,0,authentic,,,data/preprocessed/crop200_align16/COCO2017_train_359925.png,-24.729026794433594,-6.9045796394348145,-30.450193405151367,-33.40043640136719,-0.04144287109375,COCO2017_train
COCO2017_train/210134,data/authentic/images/COCO2017_train_210134.jpg,0,authentic,,,data/preprocessed/crop200_align16/COCO2017_train_210134.png,-16.077003479003906,-4.140233039855957,-20.15579605102539,-21.672473907470703,-0.034454345703125,COCO2017_train
COCO2017_train/574280,data/authentic/images/COCO2017_train_574280.jpg,0,authentic,,,data/preprocessed/crop200_align16/COCO2017_train_574280.png,-25.703105926513672,-11.844773292541504,-41.973636627197266,-40.443965911865234,-0.045440673828125,COCO2017_train
COCO2017_train/374033,data/authentic/images/COCO2017_train_374033.jpg,0,authentic,,,data/preprocessed/crop200_align16/COCO2017_train_374033.png,-28.931285858154297,-6.573934078216553,-29.672155380249023,-28.07524299621582,-0.034698486328125,COCO2017_train
COCO2017_train/236260,data/authentic/images/COCO2017_train_236260.jpg,0,authentic,,,data/preprocessed/crop200_align16/COCO2017_train_236260.png,-29.17049217224121,-6.129846096038818,-17.975990295410156,-17.85988998413086,-0.0305938720703125,COCO2017_train
COCO2017_train/409674,data/authentic/images/COCO2017_train_409674.jpg,0,authentic,,,data/preprocessed/crop200_align16/COCO2017_train_409674.png,-17.286972045898438,-5.913252353668213,-29.38553047180176,-28.449443817138672,-0.040130615234375,COCO2017_train
COCO2017_train/397997,data/authentic/images/COCO2017_train_397997.jpg,0,authentic,,,data/preprocessed/crop200_align16/COCO2017_train_397997.png,-26.582048416137695,-8.820595741271973,-24.669347763061523,-28.09663772583008,-0.034759521484375,COCO2017_train
COCO2017_train/339211,data/authentic/images/COCO2017_train_339211.jpg,0,authentic,,,data/preprocessed/crop200_align16/COCO2017_train_339211.png,-28.23427963256836,-7.467949867248535,-32.113670349121094,-36.39158248901367,-0.035003662109375,COCO2017_train
COCO2017_train/451798,data/authentic/images/COCO2017_train_451798.jpg,0,authentic,,,data/preprocessed/crop200_align16/COCO2017_train_451798.png,-28.90612030029297,-7.873217582702637,-44.0378303527832,-43.891456604003906,-0.052886962890625,COCO2017_train
COCO2017_train/45678,data/authentic/images/COCO2017_train_45678.jpg,0,authentic,,,data/preprocessed/crop200_align16/COCO2017_train_45678.png,-27.704389572143555,-6.876219272613525,-22.40757179260254,-33.73185729980469,-0.053070068359375,COCO2017_train
COCO2017_train/30289,data/authentic/images/COCO2017_train_30289.jpg,0,authentic,,,data/preprocessed/crop200_align16/COCO2017_train_30289.png,-19.806713104248047,-3.2283244132995605,-8.308197975158691,-10.681364059448242,-0.0355224609375,COCO2017_train
COCO2017_train/45535,data/authentic/images/COCO2017_train_45535.jpg,0,authentic,,,data/preprocessed/crop200_align16/COCO2017_train_45535.png,-21.61155128479004,-8.997570991516113,-12.58656406402588,-20.26811790466309,-0.053436279296875,COCO2017_train
COCO2017_train/448694,data/authentic/images/COCO2017_train_448694.jpg,0,authentic,,,data/preprocessed/crop200_align16/COCO2017_train_448694.png,-18.131641387939453,-4.4677886962890625,-24.62464714050293,-30.883869171142575,-0.053375244140625,COCO2017_train
COCO2017_train/493212,data/authentic/images/COCO2017_train_493212.jpg,0,authentic,,,data/preprocessed/crop200_align16/COCO2017_train_493212.png,-18.445053100585938,-12.79358196258545,-15.02164363861084,-11.45107078552246,-0.0408935546875,COCO2017_train
COCO2017_train/285649,data/authentic/images/COCO2017_train_285649.jpg,0,authentic,,,data/preprocessed/crop200_align16/COCO2017_train_285649.png,-48.258487701416016,-10.755277633666992,-33.9837760925293,-36.9416618347168,-0.033905029296875,COCO2017_train
COCO2017_train/360,data/authentic/images/COCO2017_train_360.jpg,0,authentic,,,data/preprocessed/crop200_align16/COCO2017_train_360.png,-23.696924209594727,-8.755782127380371,-24.73794937133789,-20.958345413208008,-0.03619384765625,COCO2017_train
COCO2017_train/490979,data/authentic/images/COCO2017_train_490979.jpg,0,authentic,,,data/preprocessed/crop200_align16/COCO2017_train_490979.png,-33.25583267211914,-6.24006462097168,-33.175254821777344,-48.40398788452149,-0.052001953125,COCO2017_train
COCO2017_train/42682,data/authentic/images/COCO2017_train_42682.jpg,0,authentic,,,data/preprocessed/crop200_align16/COCO2017_train_42682.png,-8.511981964111328,-11.306442260742188,-20.75435256958008,-36.33707046508789,-0.053497314453125,COCO2017_train
COCO2017_train/346849,data/authentic/images/COCO2017_train_346849.jpg,0,authentic,,,data/preprocessed/crop200_align16/COCO2017_train_346849.png,-19.372852325439453,-4.870986461639404,-13.642396926879885,-23.799232482910156,-0.0411376953125,COCO2017_train
COCO2017_train/3992,data/authentic/images/COCO2017_train_3992.jpg,0,authentic,,,data/preprocessed/crop200_align16/COCO2017_train_3992.png,-7.701055526733398,-7.5738348960876465,-11.702712059020996,-15.036930084228516,-0.03179931640625,COCO2017_train
COCO2017_train/420070,data/authentic/images/COCO2017_train_420070.jpg,0,authentic,,,data/preprocessed/crop200_align16/COCO2017_train_420070.png,-1.3488487005233765,-1.7025951147079468,0.0003007568302564,-3.7792117595672607,-0.0164947509765625,COCO2017_train
COCO2017_train/314408,data/authentic/images/COCO2017_train_314408.jpg,0,authentic,,,data/preprocessed/crop200_align16/COCO2017_train_314408.png,-35.35651779174805,-4.540625095367432,-33.480308532714844,-38.11814498901367,-0.041168212890625,COCO2017_train
COCO2017_train/533381,data/authentic/images/COCO2017_train_533381.jpg,0,authentic,,,data/preprocessed/crop200_align16/COCO2017_train_533381.png,-14.515999794006348,-4.052637100219727,-16.60504722595215,-16.939897537231445,-0.044647216796875,COCO2017_train
COCO2017_val/255917,data/authentic/images/COCO2017_val_255917.jpg,0,authentic,,,data/preprocessed/crop200_align16/COCO2017_val_255917.png,-37.61349868774414,-10.028098106384276,-35.689212799072266,-36.39127349853515,-0.059814453125,COCO2017_val
COCO2017_train/578168,data/authentic/images/COCO2017_train_578168.jpg,0,authentic,,,data/preprocessed/crop200_align16/COCO2017_train_578168.png,-22.28390884399414,-5.356941223144531,-28.159337997436523,-22.281030654907227,-0.0340576171875,COCO2017_train
COCO2017_train/496090,data/authentic/images/COCO2017_train_496090.jpg,0,authentic,,,data/preprocessed/crop200_align16/COCO2017_train_496090.png,-14.942025184631348,-5.822503566741943,-5.124759197235107,-7.022648334503174,-0.0369873046875,COCO2017_train
COCO2017_train/421223,data/authentic/images/COCO2017_train_421223.jpg,0,authentic,,,data/preprocessed/crop200_align16/COCO2017_train_421223.png,-15.43697452545166,-6.349102020263672,-8.204926490783691,-11.22248363494873,-0.0301055908203125,COCO2017_train
COCO2017_train/71677,data/authentic/images/COCO2017_train_71677.jpg,0,authentic,,,data/preprocessed/crop200_align16/COCO2017_train_71677.png,-29.96185302734375,-8.647794723510742,-25.92935562133789,-29.07172584533691,-0.048553466796875,COCO2017_train
COCO2017_val/130599,data/authentic/images/COCO2017_val_130599.jpg,0,authentic,,,data/preprocessed/crop200_align16/COCO2017_val_130599.png,-34.952396392822266,-9.17902374267578,-22.196863174438477,-27.724916458129883,-0.053741455078125,COCO2017_val
COCO2017_train/343860,data/authentic/images/COCO2017_train_343860.jpg,0,authentic,,,data/preprocessed/crop200_align16/COCO2017_train_343860.png,-29.77100372314453,-9.023907661437988,-17.601348876953125,-21.39353370666504,-0.040740966796875,COCO2017_train
COCO2017_train/361341,data/authentic/images/COCO2017_train_361341.jpg,0,authentic,,,data/preprocessed/crop200_align16/COCO2017_train_361341.png,-10.546425819396973,-11.985943794250488,-10.108591079711914,-30.13563346862793,-0.06524658203125,COCO2017_train
COCO2017_val/110972,data/authentic/images/COCO2017_val_110972.jpg,0,authentic,,,data/preprocessed/crop200_align16/COCO2017_val_110972.png,-13.227198600769045,-7.633549213409424,-2.881331205368042,-3.650527238845825,-0.033203125,COCO2017_val
COCO2017_train/284042,data/authentic/images/COCO2017_train_284042.jpg,0,authentic,,,data/preprocessed/crop200_align16/COCO2017_train_284042.png,-32.19501495361328,-8.900054931640625,-40.57340240478515,-23.71544647216797,-0.05126953125,COCO2017_train
COCO2017_train/565684,data/authentic/images/COCO2017_train_565684.jpg,0,authentic,,,data/preprocessed/crop200_align16/COCO2017_train_565684.png,1.3679330348968506,0.3091033697128296,-4.506413459777832,-15.620040893554688,-0.037109375,COCO2017_train
COCO2017_train/496253,data/authentic/images/COCO2017_train_496253.jpg,0,authentic,,,data/preprocessed/crop200_align16/COCO2017_train_496253.png,-7.912322998046875,-9.607431411743164,-9.307052612304688,-30.59214973449707,-0.054046630859375,COCO2017_train
COCO2017_train/427692,data/authentic/images/COCO2017_train_427692.jpg,0,authentic,,,data/preprocessed/crop200_align16/COCO2017_train_427692.png,-49.92890167236328,-6.5488080978393555,-41.89078903198242,-29.02095603942871,-0.034027099609375,COCO2017_train
COCO2017_train/341040,data/authentic/images/COCO2017_train_341040.jpg,0,authentic,,,data/preprocessed/crop200_align16/COCO2017_train_341040.png,-30.19166374206543,-3.8405370712280273,-7.990996837615967,-5.731871128082275,-0.06036376953125,COCO2017_train
COCO2017_train/94156,data/authentic/images/COCO2017_train_94156.jpg,0,authentic,,,data/preprocessed/crop200_align16/COCO2017_train_94156.png,-30.16135025024414,-9.29118824005127,-42.684051513671875,-40.901668548583984,-0.0352783203125,COCO2017_train
COCO2017_train/304691,data/authentic/images/COCO2017_train_304691.jpg,0,authentic,,,data/preprocessed/crop200_align16/COCO2017_train_304691.png,-17.66776466369629,-5.309810638427734,-15.34774684906006,-21.756010055541992,-0.041839599609375,COCO2017_train
COCO2017_train/279849,data/authentic/images/COCO2017_train_279849.jpg,0,authentic,,,data/preprocessed/crop200_align16/COCO2017_train_279849.png,-13.633524894714355,-6.9137959480285645,-24.60381507873535,-31.48015022277832,-0.049896240234375,COCO2017_train
COCO2017_train/69021,data/authentic/images/COCO2017_train_69021.jpg,0,authentic,,,data/preprocessed/crop200_align16/COCO2017_train_69021.png,-24.911720275878903,-6.728074073791504,-15.252215385437012,-15.165520668029783,-0.049652099609375,COCO2017_train
COCO2017_train/75101,data/authentic/images/COCO2017_train_75101.jpg,0,authentic,,,data/preprocessed/crop200_align16/COCO2017_train_75101.png,-17.0908145904541,-7.536444187164307,-19.032581329345703,-22.152666091918945,-0.040191650390625,COCO2017_train
COCO2017_val/491071,data/authentic/images/COCO2017_val_491071.jpg,0,authentic,,,data/preprocessed/crop200_align16/COCO2017_val_491071.png,-15.000029563903809,-5.107119083404541,-8.891162872314453,-9.301766395568848,-0.022247314453125,COCO2017_val
COCO2017_train/452819,data/authentic/images/COCO2017_train_452819.jpg,0,authentic,,,data/preprocessed/crop200_align16/COCO2017_train_452819.png,-15.282418251037598,-9.998234748840332,-29.745500564575195,-42.81137466430664,-0.04718017578125,COCO2017_train
COCO2017_train/268670,data/authentic/images/COCO2017_train_268670.jpg,0,authentic,,,data/preprocessed/crop200_align16/COCO2017_train_268670.png,-39.10380554199219,-10.913703918457031,-27.332294464111328,-15.079679489135742,-0.0259857177734375,COCO2017_train
COCO2017_train/33717,data/authentic/images/COCO2017_train_33717.jpg,0,authentic,,,data/preprocessed/crop200_align16/COCO2017_train_33717.png,-12.287123680114746,-3.5018811225891113,-25.75575065612793,-34.870826721191406,-0.0206451416015625,COCO2017_train
COCO2017_train/413202,data/authentic/images/COCO2017_train_413202.jpg,0,authentic,,,data/preprocessed/crop200_align16/COCO2017_train_413202.png,-15.3683500289917,-2.841135025024414,-2.319643259048462,-13.986734390258787,-0.04901123046875,COCO2017_train
COCO2017_train/521196,data/authentic/images/COCO2017_train_521196.jpg,0,authentic,,,data/preprocessed/crop200_align16/COCO2017_train_521196.png,-20.21908187866211,-6.36181116104126,-14.075565338134766,-22.533859252929688,-0.05596923828125,COCO2017_train
COCO2017_train/323820,data/authentic/images/COCO2017_train_323820.jpg,0,authentic,,,data/preprocessed/crop200_align16/COCO2017_train_323820.png,-10.840826988220217,-2.4806861877441406,-12.524527549743652,-25.6096248626709,-0.053466796875,COCO2017_train
COCO2017_train/219174,data/authentic/images/COCO2017_train_219174.jpg,0,authentic,,,data/preprocessed/crop200_align16/COCO2017_train_219174.png,-13.48134422302246,-6.962052822113037,-8.413512229919434,-15.622040748596191,-0.0546875,COCO2017_train
COCO2017_train/469770,data/authentic/images/COCO2017_train_469770.jpg,0,authentic,,,data/preprocessed/crop200_align16/COCO2017_train_469770.png,-21.26698303222656,-4.889849662780762,-28.176815032958984,-33.82313537597656,-0.03179931640625,COCO2017_train
COCO2017_train/225238,data/authentic/images/COCO2017_train_225238.jpg,0,authentic,,,data/preprocessed/crop200_align16/COCO2017_train_225238.png,-16.22913932800293,-6.552509784698486,-15.74370002746582,-19.045618057250977,-0.0455322265625,COCO2017_train
COCO2017_train/314647,data/authentic/images/COCO2017_train_314647.jpg,0,authentic,,,data/preprocessed/crop200_align16/COCO2017_train_314647.png,-36.73507308959961,-4.101749897003174,-26.03426170349121,-30.13359642028809,-0.034149169921875,COCO2017_train
COCO2017_train/160866,data/authentic/images/COCO2017_train_160866.jpg,0,authentic,,,data/preprocessed/crop200_align16/COCO2017_train_160866.png,-25.707395553588867,-7.280941486358643,-12.266595840454102,-12.537007331848145,-0.04052734375,COCO2017_train
COCO2017_train/93175,data/authentic/images/COCO2017_train_93175.jpg,0,authentic,,,data/preprocessed/crop200_align16/COCO2017_train_93175.png,-31.143630981445312,-5.764150619506836,-20.351661682128903,-23.89496612548828,-0.039642333984375,COCO2017_train
COCO2017_train/14248,data/authentic/images/COCO2017_train_14248.jpg,0,authentic,,,data/preprocessed/crop200_align16/COCO2017_train_14248.png,-31.259899139404297,-8.249650955200195,-16.815610885620117,-11.901787757873535,-0.0408935546875,COCO2017_train
COCO2017_train/274334,data/authentic/images/COCO2017_train_274334.jpg,0,authentic,,,data/preprocessed/crop200_align16/COCO2017_train_274334.png,-27.577917098999023,-4.365235805511475,-38.63287734985352,-42.72876739501953,-0.04315185546875,COCO2017_train
COCO2017_train/351382,data/authentic/images/COCO2017_train_351382.jpg,0,authentic,,,data/preprocessed/crop200_align16/COCO2017_train_351382.png,-11.180055618286133,-4.543078422546387,-10.09780502319336,-20.532611846923828,-0.032501220703125,COCO2017_train
COCO2017_train/33295,data/authentic/images/COCO2017_train_33295.jpg,0,authentic,,,data/preprocessed/crop200_align16/COCO2017_train_33295.png,-36.306095123291016,-7.909071922302246,-36.85813522338867,-29.69687271118164,-0.03277587890625,COCO2017_train
COCO2017_train/62313,data/authentic/images/COCO2017_train_62313.jpg,0,authentic,,,data/preprocessed/crop200_align16/COCO2017_train_62313.png,-9.917495727539062,-3.583974838256836,-13.35886573791504,-21.647075653076172,-0.04473876953125,COCO2017_train
COCO2017_train/65087,data/authentic/images/COCO2017_train_65087.jpg,0,authentic,,,data/preprocessed/crop200_align16/COCO2017_train_65087.png,-31.400428771972656,-3.763229370117187,-22.23598861694336,-13.46181297302246,-0.034088134765625,COCO2017_train
COCO2017_train/256189,data/authentic/images/COCO2017_train_256189.jpg,0,authentic,,,data/preprocessed/crop200_align16/COCO2017_train_256189.png,-26.608646392822266,-6.483882904052734,-30.621896743774418,-34.436893463134766,-0.024810791015625,COCO2017_train
COCO2017_train/234967,data/authentic/images/COCO2017_train_234967.jpg,0,authentic,,,data/preprocessed/crop200_align16/COCO2017_train_234967.png,-25.16758728027344,-9.127361297607422,-7.453374862670898,-23.390947341918945,-0.0577392578125,COCO2017_train
COCO2017_train/490160,data/authentic/images/COCO2017_train_490160.jpg,0,authentic,,,data/preprocessed/crop200_align16/COCO2017_train_490160.png,-6.826512813568115,-1.1686044931411743,-6.646888256072998,-23.504837036132812,-0.053253173828125,COCO2017_train
COCO2017_train/490469,data/authentic/images/COCO2017_train_490469.jpg,0,authentic,,,data/preprocessed/crop200_align16/COCO2017_train_490469.png,-10.858378410339355,-3.6516270637512207,-13.640901565551758,-28.29119300842285,-0.057098388671875,COCO2017_train
COCO2017_train/447224,data/authentic/images/COCO2017_train_447224.jpg,0,authentic,,,data/preprocessed/crop200_align16/COCO2017_train_447224.png,-34.331485748291016,-4.752206325531006,-18.57856559753418,-20.942983627319336,-0.040985107421875,COCO2017_train
COCO2017_train/308792,data/authentic/images/COCO2017_train_308792.jpg,0,authentic,,,data/preprocessed/crop200_align16/COCO2017_train_308792.png,-30.44635581970215,-5.7378315925598145,-5.345179080963135,-9.879182815551758,-0.05303955078125,COCO2017_train
COCO2017_train/557127,data/authentic/images/COCO2017_train_557127.jpg,0,authentic,,,data/preprocessed/crop200_align16/COCO2017_train_557127.png,-31.537710189819336,-8.841530799865723,-26.56714630126953,-28.746461868286133,-0.04156494140625,COCO2017_train
COCO2017_train/510395,data/authentic/images/COCO2017_train_510395.jpg,0,authentic,,,data/preprocessed/crop200_align16/COCO2017_train_510395.png,-18.649150848388672,-7.865672588348389,-12.477093696594238,-19.397499084472656,-0.055450439453125,COCO2017_train
COCO2017_train/326098,data/authentic/images/COCO2017_train_326098.jpg,0,authentic,,,data/preprocessed/crop200_align16/COCO2017_train_326098.png,-30.8607177734375,-9.005208969116211,-36.86772537231445,-32.217044830322266,-0.031646728515625,COCO2017_train
COCO2017_train/369369,data/authentic/images/COCO2017_train_369369.jpg,0,authentic,,,data/preprocessed/crop200_align16/COCO2017_train_369369.png,-11.597046852111816,-7.553149223327637,-2.1735308170318604,-6.5260539054870605,-0.051971435546875,COCO2017_train
COCO2017_train/556540,data/authentic/images/COCO2017_train_556540.jpg,0,authentic,,,data/preprocessed/crop200_align16/COCO2017_train_556540.png,-28.408992767333984,-0.7988252639770508,-5.949525356292725,-13.635610580444336,-0.044769287109375,COCO2017_train
COCO2017_train/387513,data/authentic/images/COCO2017_train_387513.jpg,0,authentic,,,data/preprocessed/crop200_align16/COCO2017_train_387513.png,-18.99115753173828,-3.039456844329834,-34.734779357910156,-25.596878051757812,-0.031463623046875,COCO2017_train
COCO2017_train/174712,data/authentic/images/COCO2017_train_174712.jpg,0,authentic,,,data/preprocessed/crop200_align16/COCO2017_train_174712.png,-9.685782432556152,-2.867123603820801,-0.3517215251922607,-5.533731937408447,-0.0501708984375,COCO2017_train
COCO2017_train/152649,data/authentic/images/COCO2017_train_152649.jpg,0,authentic,,,data/preprocessed/crop200_align16/COCO2017_train_152649.png,-27.26605224609375,-7.142456531524658,-18.823516845703125,-18.85689926147461,-0.036163330078125,COCO2017_train
COCO2017_train/552650,data/authentic/images/COCO2017_train_552650.jpg,0,authentic,,,data/preprocessed/crop200_align16/COCO2017_train_552650.png,-20.81989288330078,-5.718190670013428,-29.47178077697754,-16.13405990600586,-0.037353515625,COCO2017_train
COCO2017_train/92601,data/authentic/images/COCO2017_train_92601.jpg,0,authentic,,,data/preprocessed/crop200_align16/COCO2017_train_92601.png,-22.16906356811523,-5.671954154968262,-19.22091293334961,-19.04660987854004,-0.02996826171875,COCO2017_train
COCO2017_train/148286,data/authentic/images/COCO2017_train_148286.jpg,0,authentic,,,data/preprocessed/crop200_align16/COCO2017_train_148286.png,-9.388489723205566,-8.236137390136719,-8.037701606750488,-30.253313064575195,-0.0631103515625,COCO2017_train
COCO2017_train/200272,data/authentic/images/COCO2017_train_200272.jpg,0,authentic,,,data/preprocessed/crop200_align16/COCO2017_train_200272.png,-13.658865928649902,-0.9165621995925904,-20.386812210083008,-28.096437454223633,-0.044097900390625,COCO2017_train
COCO2017_train/174358,data/authentic/images/COCO2017_train_174358.jpg,0,authentic,,,data/preprocessed/crop200_align16/COCO2017_train_174358.png,-32.98096466064453,-11.128230094909668,-8.993586540222168,-16.587764739990234,-0.053131103515625,COCO2017_train
COCO2017_train/338529,data/authentic/images/COCO2017_train_338529.jpg,0,authentic,,,data/preprocessed/crop200_align16/COCO2017_train_338529.png,-14.306756019592283,-5.963770866394043,-13.263748168945312,-25.89581298828125,-0.056671142578125,COCO2017_train
COCO2017_train/203371,data/authentic/images/COCO2017_train_203371.jpg,0,authentic,,,data/preprocessed/crop200_align16/COCO2017_train_203371.png,-25.36578941345215,-5.877384662628174,-18.719505310058594,-22.48138999938965,-0.043243408203125,COCO2017_train
COCO2017_train/539891,data/authentic/images/COCO2017_train_539891.jpg,0,authentic,,,data/preprocessed/crop200_align16/COCO2017_train_539891.png,-40.25880813598633,-5.369837760925293,-14.392271995544434,-5.684694290161133,-0.0236968994140625,COCO2017_train
COCO2017_train/316671,data/authentic/images/COCO2017_train_316671.jpg,0,authentic,,,data/preprocessed/crop200_align16/COCO2017_train_316671.png,-24.812040328979492,-10.469395637512209,-13.890247344970703,-12.942885398864746,-0.04229736328125,COCO2017_train
COCO2017_train/72850,data/authentic/images/COCO2017_train_72850.jpg,0,authentic,,,data/preprocessed/crop200_align16/COCO2017_train_72850.png,-24.83840560913086,-4.8401594161987305,-30.58452796936035,-27.38655662536621,-0.0291595458984375,COCO2017_train
COCO2017_train/412842,data/authentic/images/COCO2017_train_412842.jpg,0,authentic,,,data/preprocessed/crop200_align16/COCO2017_train_412842.png,-3.8185572624206543,1.921963572502136,-5.969886302947998,-4.339105606079102,-0.04034423828125,COCO2017_train
COCO2017_train/367096,data/authentic/images/COCO2017_train_367096.jpg,0,authentic,,,data/preprocessed/crop200_align16/COCO2017_train_367096.png,-16.594390869140625,-11.238070487976074,-10.52428150177002,-17.83062744140625,-0.03314208984375,COCO2017_train
COCO2017_train/163457,data/authentic/images/COCO2017_train_163457.jpg,0,authentic,,,data/preprocessed/crop200_align16/COCO2017_train_163457.png,-29.994888305664062,-7.1614789962768555,-38.92527770996094,-42.32856750488281,-0.03729248046875,COCO2017_train
COCO2017_train/419666,data/authentic/images/COCO2017_train_419666.jpg,0,authentic,,,data/preprocessed/crop200_align16/COCO2017_train_419666.png,-30.14043426513672,-5.769591808319092,-24.088109970092773,-29.87578773498535,-0.05059814453125,COCO2017_train
COCO2017_train/437951,data/authentic/images/COCO2017_train_437951.jpg,0,authentic,,,data/preprocessed/crop200_align16/COCO2017_train_437951.png,-14.76805019378662,-4.0962395668029785,-6.172825813293457,-17.001611709594727,-0.04571533203125,COCO2017_train
COCO2017_train/230892,data/authentic/images/COCO2017_train_230892.jpg,0,authentic,,,data/preprocessed/crop200_align16/COCO2017_train_230892.png,-20.297218322753903,-9.469064712524414,-8.476513862609863,-14.450459480285645,-0.03900146484375,COCO2017_train
COCO2017_train/406230,data/authentic/images/COCO2017_train_406230.jpg,0,authentic,,,data/preprocessed/crop200_align16/COCO2017_train_406230.png,-37.0111198425293,-3.2602996826171875,-16.073278427124023,-8.631708145141602,-0.045562744140625,COCO2017_train
COCO2017_train/125188,data/authentic/images/COCO2017_train_125188.jpg,0,authentic,,,data/preprocessed/crop200_align16/COCO2017_train_125188.png,-32.180973052978516,-10.563380241394045,-30.532567977905273,-42.16912460327149,-0.05621337890625,COCO2017_train
COCO2017_train/212027,data/authentic/images/COCO2017_train_212027.jpg,0,authentic,,,data/preprocessed/crop200_align16/COCO2017_train_212027.png,-20.874631881713867,-5.443082809448242,-18.385820388793945,-18.035165786743164,-0.043121337890625,COCO2017_train
COCO2017_train/574940,data/authentic/images/COCO2017_train_574940.jpg,0,authentic,,,data/preprocessed/crop200_align16/COCO2017_train_574940.png,-26.88887405395508,-10.313493728637695,-24.866378784179688,-33.023807525634766,-0.05450439453125,COCO2017_train
COCO2017_train/362567,data/authentic/images/COCO2017_train_362567.jpg,0,authentic,,,data/preprocessed/crop200_align16/COCO2017_train_362567.png,-13.404613494873049,-5.684364318847656,-14.248817443847656,-29.381338119506836,-0.04840087890625,COCO2017_train
COCO2017_train/73567,data/authentic/images/COCO2017_train_73567.jpg,0,authentic,,,data/preprocessed/crop200_align16/COCO2017_train_73567.png,-27.369871139526367,-11.380088806152344,-16.641908645629883,-9.349348068237305,-0.028411865234375,COCO2017_train
COCO2017_train/364157,data/authentic/images/COCO2017_train_364157.jpg,0,authentic,,,data/preprocessed/crop200_align16/COCO2017_train_364157.png,-9.43514633178711,-9.295843124389648,-1.3744018077850342,-6.91864538192749,-0.042816162109375,COCO2017_train
COCO2017_train/416981,data/authentic/images/COCO2017_train_416981.jpg,0,authentic,,,data/preprocessed/crop200_align16/COCO2017_train_416981.png,-6.838953018188477,-4.091490268707275,-9.914210319519045,-6.795949935913086,-0.0307769775390625,COCO2017_train
COCO2017_train/177939,data/authentic/images/COCO2017_train_177939.jpg,0,authentic,,,data/preprocessed/crop200_align16/COCO2017_train_177939.png,-12.063855171203612,-4.602893352508545,-20.252105712890625,-37.70296096801758,-0.05078125,COCO2017_train
COCO2017_train/251249,data/authentic/images/COCO2017_train_251249.jpg,0,authentic,,,data/preprocessed/crop200_align16/COCO2017_train_251249.png,-30.60739517211914,-11.615853309631348,-30.13054084777832,-27.325031280517575,-0.0284423828125,COCO2017_train
COCO2017_train/284366,data/authentic/images/COCO2017_train_284366.jpg,0,authentic,,,data/preprocessed/crop200_align16/COCO2017_train_284366.png,-25.33119201660156,-6.501226902008057,-11.18973445892334,-18.83042335510254,-0.052154541015625,COCO2017_train
COCO2017_train/535302,data/authentic/images/COCO2017_train_535302.jpg,0,authentic,,,data/preprocessed/crop200_align16/COCO2017_train_535302.png,-24.54469108581543,-8.493992805480957,-30.52699279785156,-38.91573715209961,-0.03607177734375,COCO2017_train
COCO2017_train/326937,data/authentic/images/COCO2017_train_326937.jpg,0,authentic,,,data/preprocessed/crop200_align16/COCO2017_train_326937.png,-31.95927619934082,-9.79084587097168,-11.862434387207031,-16.762393951416016,-0.05340576171875,COCO2017_train
COCO2017_train/544481,data/authentic/images/COCO2017_train_544481.jpg,0,authentic,,,data/preprocessed/crop200_align16/COCO2017_train_544481.png,-15.832785606384276,-3.6742353439331055,-17.537691116333008,-26.128358840942383,-0.053375244140625,COCO2017_train
COCO2017_train/294005,data/authentic/images/COCO2017_train_294005.jpg,0,authentic,,,data/preprocessed/crop200_align16/COCO2017_train_294005.png,-13.922799110412598,-7.953278064727783,-21.179668426513672,-29.72113800048828,-0.051666259765625,COCO2017_train
COCO2017_train/323934,data/authentic/images/COCO2017_train_323934.jpg,0,authentic,,,data/preprocessed/crop200_align16/COCO2017_train_323934.png,-26.69342613220215,-11.897168159484863,-40.35975646972656,-36.46986389160156,-0.045867919921875,COCO2017_train
COCO2017_train/302470,data/authentic/images/COCO2017_train_302470.jpg,0,authentic,,,data/preprocessed/crop200_align16/COCO2017_train_302470.png,-36.945064544677734,-6.5124945640563965,-40.503536224365234,-35.29826736450195,-0.0321044921875,COCO2017_train
COCO2017_train/277857,data/authentic/images/COCO2017_train_277857.jpg,0,authentic,,,data/preprocessed/crop200_align16/COCO2017_train_277857.png,-25.775564193725582,-8.811257362365723,-26.223033905029297,-26.66700553894043,-0.033233642578125,COCO2017_train
COCO2017_train/544216,data/authentic/images/COCO2017_train_544216.jpg,0,authentic,,,data/preprocessed/crop200_align16/COCO2017_train_544216.png,-30.733070373535156,-5.060240745544434,-10.47967529296875,-12.372665405273438,-0.058624267578125,COCO2017_train
COCO2017_train/270460,data/authentic/images/COCO2017_train_270460.jpg,0,authentic,,,data/preprocessed/crop200_align16/COCO2017_train_270460.png,-32.98267364501953,-8.863019943237305,-29.441606521606445,-28.325868606567383,-0.0305938720703125,COCO2017_train
COCO2017_train/33888,data/authentic/images/COCO2017_train_33888.jpg,0,authentic,,,data/preprocessed/crop200_align16/COCO2017_train_33888.png,-19.844615936279297,-9.858179092407228,-9.794637680053713,-10.92111587524414,-0.04400634765625,COCO2017_train
COCO2017_train/194203,data/authentic/images/COCO2017_train_194203.jpg,0,authentic,,,data/preprocessed/crop200_align16/COCO2017_train_194203.png,-19.514005661010746,-9.797672271728516,-16.683074951171875,-18.154022216796875,-0.051727294921875,COCO2017_train
COCO2017_train/303376,data/authentic/images/COCO2017_train_303376.jpg,0,authentic,,,data/preprocessed/crop200_align16/COCO2017_train_303376.png,-23.286975860595703,-7.527434349060059,-19.752769470214844,-13.613750457763672,-0.04315185546875,COCO2017_train
COCO2017_train/99933,data/authentic/images/COCO2017_train_99933.jpg,0,authentic,,,data/preprocessed/crop200_align16/COCO2017_train_99933.png,-16.611507415771484,-9.150687217712402,-10.858633995056152,-14.02924346923828,-0.0367431640625,COCO2017_train
COCO2017_train/380162,data/authentic/images/COCO2017_train_380162.jpg,0,authentic,,,data/preprocessed/crop200_align16/COCO2017_train_380162.png,-13.507346153259276,-4.660012245178223,-7.847635269165039,-9.37546157836914,-0.0282135009765625,COCO2017_train
COCO2017_train/499094,data/authentic/images/COCO2017_train_499094.jpg,0,authentic,,,data/preprocessed/crop200_align16/COCO2017_train_499094.png,-28.344528198242188,-4.549860954284668,-28.470996856689453,-25.88584899902344,-0.032928466796875,COCO2017_train
LAION-400M/2042084010028,data/authentic/images/LAION-400M_2042084010028.jpg,0,authentic,,,data/preprocessed/crop200_align16/LAION-400M_2042084010028.png,-24.301074981689453,-2.508167028427124,-13.778498649597168,-5.047144412994385,-0.0254058837890625,LAION-400M
LAION-400M/818504015362,data/authentic/images/LAION-400M_818504015362.jpg,0,authentic,,,data/preprocessed/crop200_align16/LAION-400M_818504015362.png,-15.58975315093994,-5.1902689933776855,-3.2062339782714844,5.315141677856445,-0.038177490234375,LAION-400M
LAION-400M/1002064027891,data/authentic/images/LAION-400M_1002064027891.jpg,0,authentic,,,data/preprocessed/crop200_align16/LAION-400M_1002064027891.png,-9.135226249694824,-5.081148147583008,-8.450146675109863,-11.507250785827637,-0.0234375,LAION-400M
LAION-400M/2341005002106,data/authentic/images/LAION-400M_2341005002106.jpg,0,authentic,,,data/preprocessed/crop200_align16/LAION-400M_2341005002106.png,-26.50275421142578,-6.039193153381348,-49.08390426635742,-23.644624710083008,-0.045562744140625,LAION-400M
LAION-400M/3728455011591,data/authentic/images/LAION-400M_3728455011591.jpg,0,authentic,,,data/preprocessed/crop200_align16/LAION-400M_3728455011591.png,-26.663339614868164,-8.018241882324219,-14.510108947753906,-6.149267196655273,-0.0277862548828125,LAION-400M
LAION-400M/2686578016009,data/authentic/images/LAION-400M_2686578016009.jpg,0,authentic,,,data/preprocessed/crop200_align16/LAION-400M_2686578016009.png,-27.8912353515625,-3.2189040184020996,-21.6669921875,-12.281497955322266,-0.02215576171875,LAION-400M
LAION-400M/3282178014466,data/authentic/images/LAION-400M_3282178014466.jpg,0,authentic,,,data/preprocessed/crop200_align16/LAION-400M_3282178014466.png,-43.204044342041016,-4.655318260192871,-40.203834533691406,-23.690704345703125,-0.0251617431640625,LAION-400M
LAION-400M/3167728021518,data/authentic/images/LAION-400M_3167728021518.jpg,0,authentic,,,data/preprocessed/crop200_align16/LAION-400M_3167728021518.png,-15.271014213562012,-6.02353048324585,-11.726101875305176,-6.216018199920654,-0.0089263916015625,LAION-400M
LAION-400M/7932046928,data/authentic/images/LAION-400M_7932046928.jpg,0,authentic,,,data/preprocessed/crop200_align16/LAION-400M_7932046928.png,-57.5417366027832,-7.180327415466309,-39.8088264465332,-20.83919334411621,-0.03656005859375,LAION-400M
LAION-400M/2264485020057,data/authentic/images/LAION-400M_2264485020057.jpg,0,authentic,,,data/preprocessed/crop200_align16/LAION-400M_2264485020057.png,-5.440693378448486,-9.51467990875244,-11.107848167419434,-9.025819778442385,-0.019622802734375,LAION-400M
LAION-400M/2203026012040,data/authentic/images/LAION-400M_2203026012040.jpg,0,authentic,,,data/preprocessed/crop200_align16/LAION-400M_2203026012040.png,-10.162104606628418,-7.033853530883789,-3.7162485122680664,-2.070488691329956,-0.0138473510742187,LAION-400M
LAION-400M/1365884019898,data/authentic/images/LAION-400M_1365884019898.jpg,0,authentic,,,data/preprocessed/crop200_align16/LAION-400M_1365884019898.png,-23.098663330078125,-8.560704231262207,-25.268510818481445,-20.739892959594727,-0.034820556640625,LAION-400M
LAION-400M/1301464008594,data/authentic/images/LAION-400M_1301464008594.jpg,0,authentic,,,data/preprocessed/crop200_align16/LAION-400M_1301464008594.png,-33.74018859863281,-7.703472137451172,-31.914100646972656,-34.05656814575195,-0.0289764404296875,LAION-400M
LAION-400M/1566145001603,data/authentic/images/LAION-400M_1566145001603.jpg,0,authentic,,,data/preprocessed/crop200_align16/LAION-400M_1566145001603.png,-19.26599884033203,-5.263845920562744,-29.554353713989254,-23.40481948852539,-0.030609130859375,LAION-400M
LAION-400M/43302007933,data/authentic/images/LAION-400M_43302007933.jpg,0,authentic,,,data/preprocessed/crop200_align16/LAION-400M_43302007933.png,-27.615177154541016,-8.682659149169922,-13.412660598754885,-21.85513687133789,-0.04876708984375,LAION-400M
LAION-400M/3331752015870,data/authentic/images/LAION-400M_3331752015870.jpg,0,authentic,,,data/preprocessed/crop200_align16/LAION-400M_3331752015870.png,-15.81339168548584,-6.3737897872924805,-12.811849594116213,-10.016434669494627,-0.0194549560546875,LAION-400M
LAION-400M/180230002145,data/authentic/images/LAION-400M_180230002145.jpg,0,authentic,,,data/preprocessed/crop200_align16/LAION-400M_180230002145.png,-22.073665618896484,-7.980562210083008,-30.88791275024414,-40.113739013671875,-0.0330810546875,LAION-400M
LAION-400M/2783740000688,data/authentic/images/LAION-400M_2783740000688.jpg,0,authentic,,,data/preprocessed/crop200_align16/LAION-400M_2783740000688.png,-36.31025695800781,-8.331570625305176,-18.112974166870117,-15.72597312927246,-0.0214080810546875,LAION-400M
LAION-400M/1363395017595,data/authentic/images/LAION-400M_1363395017595.jpg,0,authentic,,,data/preprocessed/crop200_align16/LAION-400M_1363395017595.png,-28.35917282104492,-8.453845024108887,-21.586652755737305,-18.74466323852539,-0.0238494873046875,LAION-400M
LAION-400M/1611759018481,data/authentic/images/LAION-400M_1611759018481.jpg,0,authentic,,,data/preprocessed/crop200_align16/LAION-400M_1611759018481.png,-11.820321083068848,-11.246543884277344,-20.18031311035156,-27.168624877929688,-0.014892578125,LAION-400M
LAION-400M/3686129005085,data/authentic/images/LAION-400M_3686129005085.jpg,0,authentic,,,data/preprocessed/crop200_align16/LAION-400M_3686129005085.png,-3.4121201038360596,-6.791474342346191,-21.25625228881836,-18.04393196105957,-0.025390625,LAION-400M
LAION-400M/3301420023549,data/authentic/images/LAION-400M_3301420023549.jpg,0,authentic,,,data/preprocessed/crop200_align16/LAION-400M_3301420023549.png,-31.372947692871097,-6.24700927734375,-22.742393493652344,-17.3308162689209,-0.0322265625,LAION-400M
LAION-400M/2374134015372,data/authentic/images/LAION-400M_2374134015372.jpg,0,authentic,,,data/preprocessed/crop200_align16/LAION-400M_2374134015372.png,-32.78758239746094,-9.49526596069336,-30.42123031616211,-21.75263786315918,-0.032318115234375,LAION-400M
LAION-400M/3012986016374,data/authentic/images/LAION-400M_3012986016374.jpg,0,authentic,,,data/preprocessed/crop200_align16/LAION-400M_3012986016374.png,-33.562255859375,-5.891270160675049,-33.88860321044922,-27.12615966796875,-0.0230560302734375,LAION-400M
LAION-400M/997723018836,data/authentic/images/LAION-400M_997723018836.jpg,0,authentic,,,data/preprocessed/crop200_align16/LAION-400M_997723018836.png,-11.631770133972168,-6.291530609130859,-14.215484619140623,-10.003177642822266,-0.0270233154296875,LAION-400M
LAION-400M/2737079002174,data/authentic/images/LAION-400M_2737079002174.jpg,0,authentic,,,data/preprocessed/crop200_align16/LAION-400M_2737079002174.png,-2.3152806758880615,-2.003478527069092,-6.210877418518066,-15.77331256866455,-0.0592041015625,LAION-400M
LAION-400M/1068334012840,data/authentic/images/LAION-400M_1068334012840.jpg,0,authentic,,,data/preprocessed/crop200_align16/LAION-400M_1068334012840.png,-11.53407859802246,-6.779573440551758,-15.623717308044434,-7.826024055480957,-0.0098724365234375,LAION-400M
LAION-400M/1449472013790,data/authentic/images/LAION-400M_1449472013790.jpg,0,authentic,,,data/preprocessed/crop200_align16/LAION-400M_1449472013790.png,-56.18708038330078,-12.526568412780762,-33.751155853271484,-16.7612247467041,-0.018585205078125,LAION-400M
LAION-400M/93170001814,data/authentic/images/LAION-400M_93170001814.jpg,0,authentic,,,data/preprocessed/crop200_align16/LAION-400M_93170001814.png,-23.67974090576172,-0.6129441261291504,-10.185470581054688,-8.011397361755371,-0.0184173583984375,LAION-400M
LAION-400M/3656404016552,data/authentic/images/LAION-400M_3656404016552.jpg,0,authentic,,,data/preprocessed/crop200_align16/LAION-400M_3656404016552.png,-28.07124137878418,-3.602956295013428,-12.889663696289062,-7.484167098999023,-0.0301055908203125,LAION-400M
LAION-400M/2073960017749,data/authentic/images/LAION-400M_2073960017749.jpg,0,authentic,,,data/preprocessed/crop200_align16/LAION-400M_2073960017749.png,-18.401613235473633,-5.420600891113281,-14.71093463897705,-12.442094802856444,-0.0355224609375,LAION-400M
LAION-400M/1054928024849,data/authentic/images/LAION-400M_1054928024849.jpg,0,authentic,,,data/preprocessed/crop200_align16/LAION-400M_1054928024849.png,-9.36289882659912,-4.478079795837402,-20.604772567749023,-22.93657684326172,-0.062042236328125,LAION-400M
LAION-400M/836783005547,data/authentic/images/LAION-400M_836783005547.jpg,0,authentic,,,data/preprocessed/crop200_align16/LAION-400M_836783005547.png,-27.89639663696289,-8.800925254821777,-20.135669708251953,-18.621353149414062,-0.034759521484375,LAION-400M
LAION-400M/1983642011625,data/authentic/images/LAION-400M_1983642011625.jpg,0,authentic,,,data/preprocessed/crop200_align16/LAION-400M_1983642011625.png,-5.318212985992432,-5.181924819946289,-5.134502410888672,-5.607726097106934,-0.0234222412109375,LAION-400M
LAION-400M/3686369012357,data/authentic/images/LAION-400M_3686369012357.jpg,0,authentic,,,data/preprocessed/crop200_align16/LAION-400M_3686369012357.png,-31.77602195739746,-5.088010787963867,-36.31053161621094,-29.38974952697754,-0.015716552734375,LAION-400M
LAION-400M/1093969016376,data/authentic/images/LAION-400M_1093969016376.jpg,0,authentic,,,data/preprocessed/crop200_align16/LAION-400M_1093969016376.png,-11.85367488861084,-3.0576562881469727,-10.392416954040527,-8.41543197631836,-0.0050773620605468,LAION-400M
LAION-400M/3495168020210,data/authentic/images/LAION-400M_3495168020210.jpg,0,authentic,,,data/preprocessed/crop200_align16/LAION-400M_3495168020210.png,-11.31680679321289,-7.531921863555908,-8.429097175598145,-14.45211410522461,-0.049102783203125,LAION-400M
LAION-400M/3509258018405,data/authentic/images/LAION-400M_3509258018405.jpg,0,authentic,,,data/preprocessed/crop200_align16/LAION-400M_3509258018405.png,-21.75229263305664,-6.898308277130127,-29.640111923217773,-32.260841369628906,-0.033905029296875,LAION-400M
LAION-400M/2646801017292,data/authentic/images/LAION-400M_2646801017292.jpg,0,authentic,,,data/preprocessed/crop200_align16/LAION-400M_2646801017292.png,-29.38282012939453,-7.63945722579956,-23.086193084716797,-2.638150691986084,-0.028076171875,LAION-400M
LAION-400M/2690399019915,data/authentic/images/LAION-400M_2690399019915.jpg,0,authentic,,,data/preprocessed/crop200_align16/LAION-400M_2690399019915.png,-38.25082015991211,-8.20779037475586,-24.05872917175293,-19.94105529785156,-0.0251617431640625,LAION-400M
LAION-400M/3422212041283,data/authentic/images/LAION-400M_3422212041283.jpg,0,authentic,,,data/preprocessed/crop200_align16/LAION-400M_3422212041283.png,-30.24475479125977,-7.435701847076416,-10.843209266662598,-3.4376351833343506,-0.0224151611328125,LAION-400M
LAION-400M/3239805012461,data/authentic/images/LAION-400M_3239805012461.jpg,0,authentic,,,data/preprocessed/crop200_align16/LAION-400M_3239805012461.png,-36.3316535949707,-10.918566703796388,-34.86334991455078,-26.003114700317383,-0.041259765625,LAION-400M
LAION-400M/2755533000667,data/authentic/images/LAION-400M_2755533000667.jpg,0,authentic,,,data/preprocessed/crop200_align16/LAION-400M_2755533000667.png,-7.807226181030273,-4.807136535644531,-14.770356178283691,-9.359675407409668,-0.0292510986328125,LAION-400M
LAION-400M/3513644020773,data/authentic/images/LAION-400M_3513644020773.jpg,0,authentic,,,data/preprocessed/crop200_align16/LAION-400M_3513644020773.png,-20.841556549072266,-7.225104331970215,-10.101846694946287,-3.683687448501587,-0.009063720703125,LAION-400M
LAION-400M/2649757010042,data/authentic/images/LAION-400M_2649757010042.jpg,0,authentic,,,data/preprocessed/crop200_align16/LAION-400M_2649757010042.png,-25.578893661499023,-13.213444709777832,-35.18009948730469,-24.258560180664062,-0.0318603515625,LAION-400M
LAION-400M/66576000873,data/authentic/images/LAION-400M_66576000873.jpg,0,authentic,,,data/preprocessed/crop200_align16/LAION-400M_66576000873.png,-24.548694610595703,-6.952601432800293,-19.447601318359375,-15.264802932739258,-0.033355712890625,LAION-400M
LAION-400M/1476422018810,data/authentic/images/LAION-400M_1476422018810.jpg,0,authentic,,,data/preprocessed/crop200_align16/LAION-400M_1476422018810.png,-10.524469375610352,0.3023173809051513,-1.1072945594787598,-2.679392099380493,-0.0282135009765625,LAION-400M
LAION-400M/1894778000588,data/authentic/images/LAION-400M_1894778000588.jpg,0,authentic,,,data/preprocessed/crop200_align16/LAION-400M_1894778000588.png,-27.97924041748047,-9.645734786987305,-35.982398986816406,-24.68048095703125,-0.036529541015625,LAION-400M
LAION-400M/673831016257,data/authentic/images/LAION-400M_673831016257.jpg,0,authentic,,,data/preprocessed/crop200_align16/LAION-400M_673831016257.png,-20.86853790283203,-3.7994542121887207,-2.945939302444458,-5.171142578125,-0.0194244384765625,LAION-400M
LAION-400M/2366525014062,data/authentic/images/LAION-400M_2366525014062.jpg,0,authentic,,,data/preprocessed/crop200_align16/LAION-400M_2366525014062.png,-24.34347915649414,-9.210251808166504,-20.692092895507812,-20.96893310546875,-0.037139892578125,LAION-400M
LAION-400M/2852413000055,data/authentic/images/LAION-400M_2852413000055.jpg,0,authentic,,,data/preprocessed/crop200_align16/LAION-400M_2852413000055.png,-27.309568405151367,-4.558175086975098,-8.71692180633545,-9.098199844360352,-0.043426513671875,LAION-400M
LAION-400M/1382615010683,data/authentic/images/LAION-400M_1382615010683.jpg,0,authentic,,,data/preprocessed/crop200_align16/LAION-400M_1382615010683.png,-30.9472713470459,-4.906999111175537,-13.569615364074709,-4.280447483062744,-0.0458984375,LAION-400M
LAION-400M/3067489002517,data/authentic/images/LAION-400M_3067489002517.jpg,0,authentic,,,data/preprocessed/crop200_align16/LAION-400M_3067489002517.png,-14.79227352142334,-12.083284378051758,-16.970693588256836,-8.337666511535645,-0.0093307495117187,LAION-400M
LAION-400M/1959689006038,data/authentic/images/LAION-400M_1959689006038.jpg,0,authentic,,,data/preprocessed/crop200_align16/LAION-400M_1959689006038.png,-24.21432876586914,-4.7507758140563965,-32.82801818847656,-17.940092086791992,-0.0438232421875,LAION-400M
LAION-400M/1525165009948,data/authentic/images/LAION-400M_1525165009948.jpg,0,authentic,,,data/preprocessed/crop200_align16/LAION-400M_1525165009948.png,-12.52061367034912,-3.672418117523194,-7.311093807220459,-8.39865493774414,-0.025390625,LAION-400M
LAION-400M/9228016983,data/authentic/images/LAION-400M_9228016983.jpg,0,authentic,,,data/preprocessed/crop200_align16/LAION-400M_9228016983.png,-20.22068214416504,-6.851916313171387,-21.45299911499023,-6.071379661560059,-0.0141677856445312,LAION-400M
LAION-400M/112182010717,data/authentic/images/LAION-400M_112182010717.jpg,0,authentic,,,data/preprocessed/crop200_align16/LAION-400M_112182010717.png,-36.73550033569336,-6.649862289428711,-25.52832794189453,-7.43823766708374,-0.0180511474609375,LAION-400M
LAION-400M/3263966011816,data/authentic/images/LAION-400M_3263966011816.jpg,0,authentic,,,data/preprocessed/crop200_align16/LAION-400M_3263966011816.png,-4.795830726623535,-6.4788923263549805,-9.917664527893066,-8.2141752243042,-0.0215911865234375,LAION-400M
LAION-400M/1471922008375,data/authentic/images/LAION-400M_1471922008375.jpg,0,authentic,,,data/preprocessed/crop200_align16/LAION-400M_1471922008375.png,-4.435091018676758,-3.284665107727051,-2.305079221725464,-2.8733937740325928,-0.0029926300048828,LAION-400M
LAION-400M/1766960012136,data/authentic/images/LAION-400M_1766960012136.jpg,0,authentic,,,data/preprocessed/crop200_align16/LAION-400M_1766960012136.png,-22.27241325378418,-8.597055435180664,-8.605351448059082,-11.34398078918457,-0.0126571655273437,LAION-400M
LAION-400M/139263000285,data/authentic/images/LAION-400M_139263000285.jpg,0,authentic,,,data/preprocessed/crop200_align16/LAION-400M_139263000285.png,-20.37004852294922,-6.319958209991455,-28.41939926147461,-27.500661849975582,-0.02545166015625,LAION-400M
LAION-400M/1633057006616,data/authentic/images/LAION-400M_1633057006616.jpg,0,authentic,,,data/preprocessed/crop200_align16/LAION-400M_1633057006616.png,-20.20351791381836,-2.3298511505126953,-5.0206217765808105,-2.6932008266448975,-0.0229339599609375,LAION-400M
LAION-400M/2966655007018,data/authentic/images/LAION-400M_2966655007018.jpg,0,authentic,,,data/preprocessed/crop200_align16/LAION-400M_2966655007018.png,-23.986854553222656,-4.854380130767822,-12.91049575805664,-15.476430892944336,-0.0267181396484375,LAION-400M
LAION-400M/1783536019945,data/authentic/images/LAION-400M_1783536019945.jpg,0,authentic,,,data/preprocessed/crop200_align16/LAION-400M_1783536019945.png,-22.04991340637207,0.6083899736404419,-9.953022003173828,-8.781387329101562,-0.0285797119140625,LAION-400M
LAION-400M/208719008952,data/authentic/images/LAION-400M_208719008952.jpg,0,authentic,,,data/preprocessed/crop200_align16/LAION-400M_208719008952.png,-33.335060119628906,-6.80999755859375,-36.34163284301758,-26.753124237060547,-0.0279693603515625,LAION-400M
LAION-400M/1499412007369,data/authentic/images/LAION-400M_1499412007369.jpg,0,authentic,,,data/preprocessed/crop200_align16/LAION-400M_1499412007369.png,-14.32596492767334,-0.361915111541748,-5.7664079666137695,-4.907348155975342,-0.03460693359375,LAION-400M
LAION-400M/2430586026463,data/authentic/images/LAION-400M_2430586026463.jpg,0,authentic,,,data/preprocessed/crop200_align16/LAION-400M_2430586026463.png,-42.08145904541016,-10.209641456604004,-22.202800750732425,-14.3936185836792,-0.011138916015625,LAION-400M
LAION-400M/3452428003554,data/authentic/images/LAION-400M_3452428003554.jpg,0,authentic,,,data/preprocessed/crop200_align16/LAION-400M_3452428003554.png,-25.06488609313965,-8.743939399719238,-24.969797134399418,-18.0777587890625,-0.0283203125,LAION-400M
LAION-400M/876455001516,data/authentic/images/LAION-400M_876455001516.jpg,0,authentic,,,data/preprocessed/crop200_align16/LAION-400M_876455001516.png,-14.616473197937012,-2.0799450874328613,-19.395864486694336,-30.669340133666992,-0.02520751953125,LAION-400M
LAION-400M/2753856006365,data/authentic/images/LAION-400M_2753856006365.jpg,0,authentic,,,data/preprocessed/crop200_align16/LAION-400M_2753856006365.png,-31.136220932006836,-9.879600524902344,-24.009510040283203,-25.830217361450195,-0.045318603515625,LAION-400M
LAION-400M/2825005000116,data/authentic/images/LAION-400M_2825005000116.jpg,0,authentic,,,data/preprocessed/crop200_align16/LAION-400M_2825005000116.png,-1.5820763111114502,-5.088245391845703,0.2821898460388183,-0.7111647129058838,-0.0086669921875,LAION-400M
LAION-400M/460328000887,data/authentic/images/LAION-400M_460328000887.jpg,0,authentic,,,data/preprocessed/crop200_align16/LAION-400M_460328000887.png,-23.404979705810547,-0.6572248935699463,-35.61610412597656,-18.66741180419922,-0.051971435546875,LAION-400M
LAION-400M/1778490007336,data/authentic/images/LAION-400M_1778490007336.jpg,0,authentic,,,data/preprocessed/crop200_align16/LAION-400M_1778490007336.png,-18.25966453552246,-6.2652506828308105,-11.99724578857422,-11.95721435546875,-0.0196685791015625,LAION-400M
LAION-400M/998105012793,data/authentic/images/LAION-400M_998105012793.jpg,0,authentic,,,data/preprocessed/crop200_align16/LAION-400M_998105012793.png,-18.501352310180664,-6.6341094970703125,-6.414606094360352,-7.0358405113220215,-0.05059814453125,LAION-400M
LAION-400M/3694610014063,data/authentic/images/LAION-400M_3694610014063.jpg,0,authentic,,,data/preprocessed/crop200_align16/LAION-400M_3694610014063.png,-22.037368774414062,-10.281275749206545,-26.511537551879883,-27.42692756652832,-0.030059814453125,LAION-400M
LAION-400M/2544502024255,data/authentic/images/LAION-400M_2544502024255.jpg,0,authentic,,,data/preprocessed/crop200_align16/LAION-400M_2544502024255.png,-17.776514053344727,-11.558480262756348,-24.292156219482425,-16.098648071289062,-0.0142135620117187,LAION-400M
LAION-400M/2101804015110,data/authentic/images/LAION-400M_2101804015110.jpg,0,authentic,,,data/preprocessed/crop200_align16/LAION-400M_2101804015110.png,-24.9747371673584,-8.469575881958008,-7.83620023727417,-6.221167087554932,-0.04925537109375,LAION-400M
LAION-400M/976128073132,data/authentic/images/LAION-400M_976128073132.jpg,0,authentic,,,data/preprocessed/crop200_align16/LAION-400M_976128073132.png,-26.97825813293457,-3.000807285308838,-14.259395599365234,-0.3243331015110016,-0.020538330078125,LAION-400M
LAION-400M/1434407002297,data/authentic/images/LAION-400M_1434407002297.jpg,0,authentic,,,data/preprocessed/crop200_align16/LAION-400M_1434407002297.png,-31.38703727722168,-9.117051124572754,-33.58882141113281,-34.78879928588867,-0.042938232421875,LAION-400M
LAION-400M/10041023248,data/authentic/images/LAION-400M_10041023248.jpg,0,authentic,,,data/preprocessed/crop200_align16/LAION-400M_10041023248.png,-42.07561492919922,-6.595839500427246,-45.45915603637695,-30.98451805114746,-0.03314208984375,LAION-400M
LAION-400M/1848315022078,data/authentic/images/LAION-400M_1848315022078.jpg,0,authentic,,,data/preprocessed/crop200_align16/LAION-400M_1848315022078.png,-4.613892555236816,2.838164806365967,-1.2722688913345337,-14.038009643554688,-0.060211181640625,LAION-400M
LAION-400M/1355225006994,data/authentic/images/LAION-400M_1355225006994.jpg,0,authentic,,,data/preprocessed/crop200_align16/LAION-400M_1355225006994.png,-42.12082290649414,-8.7071533203125,-36.84884262084961,-19.15563201904297,-0.0265045166015625,LAION-400M
LAION-400M/3448266014898,data/authentic/images/LAION-400M_3448266014898.jpg,0,authentic,,,data/preprocessed/crop200_align16/LAION-400M_3448266014898.png,-33.010459899902344,-8.473274230957031,-26.091474533081055,-25.068735122680664,-0.023895263671875,LAION-400M
LAION-400M/1739472019324,data/authentic/images/LAION-400M_1739472019324.jpg,0,authentic,,,data/preprocessed/crop200_align16/LAION-400M_1739472019324.png,-25.04448509216309,-5.182582855224609,-13.448212623596191,-4.978400230407715,-0.02740478515625,LAION-400M
LAION-400M/2066488003996,data/authentic/images/LAION-400M_2066488003996.jpg,0,authentic,,,data/preprocessed/crop200_align16/LAION-400M_2066488003996.png,-17.79291534423828,-3.843260765075683,-11.628807067871094,-4.692912578582764,-0.02252197265625,LAION-400M
LAION-400M/1309594016534,data/authentic/images/LAION-400M_1309594016534.jpg,0,authentic,,,data/preprocessed/crop200_align16/LAION-400M_1309594016534.png,-21.549177169799805,-8.330196380615234,-5.20336389541626,-1.3878580331802368,-0.03900146484375,LAION-400M
LAION-400M/10528037755,data/authentic/images/LAION-400M_10528037755.jpg,0,authentic,,,data/preprocessed/crop200_align16/LAION-400M_10528037755.png,-54.4681282043457,-7.024635314941406,-33.33552169799805,-27.53962516784668,-0.035858154296875,LAION-400M
LAION-400M/1510499026355,data/authentic/images/LAION-400M_1510499026355.jpg,0,authentic,,,data/preprocessed/crop200_align16/LAION-400M_1510499026355.png,-26.74932861328125,-13.552569389343262,-41.7310905456543,-27.284210205078125,-0.0170745849609375,LAION-400M
LAION-400M/3585138007816,data/authentic/images/LAION-400M_3585138007816.jpg,0,authentic,,,data/preprocessed/crop200_align16/LAION-400M_3585138007816.png,-42.40816879272461,-5.7695698738098145,-22.670597076416016,-22.249353408813477,-0.034759521484375,LAION-400M
LAION-400M/2107592007764,data/authentic/images/LAION-400M_2107592007764.jpg,0,authentic,,,data/preprocessed/crop200_align16/LAION-400M_2107592007764.png,-12.08975315093994,-10.977347373962402,-16.13242530822754,-6.557153701782227,-0.0260162353515625,LAION-400M
LAION-400M/3582315020254,data/authentic/images/LAION-400M_3582315020254.jpg,0,authentic,,,data/preprocessed/crop200_align16/LAION-400M_3582315020254.png,-12.472512245178224,-6.464416027069092,-42.70492935180664,-32.1304931640625,-0.024871826171875,LAION-400M
LAION-400M/1140379012307,data/authentic/images/LAION-400M_1140379012307.jpg,0,authentic,,,data/preprocessed/crop200_align16/LAION-400M_1140379012307.png,-15.664502143859863,-8.519960403442383,-9.255326271057127,-6.566042900085449,-0.0335693359375,LAION-400M
LAION-400M/1348392004468,data/authentic/images/LAION-400M_1348392004468.jpg,0,authentic,,,data/preprocessed/crop200_align16/LAION-400M_1348392004468.png,-37.72429275512695,-8.668586730957031,-42.08100509643555,-17.11101531982422,-0.0266571044921875,LAION-400M
LAION-400M/2515334009380,data/authentic/images/LAION-400M_2515334009380.jpg,0,authentic,,,data/preprocessed/crop200_align16/LAION-400M_2515334009380.png,-7.690225601196289,1.2608782052993774,-6.072991371154785,-7.093101501464844,-0.017120361328125,LAION-400M
LAION-400M/1922020012764,data/authentic/images/LAION-400M_1922020012764.jpg,0,authentic,,,data/preprocessed/crop200_align16/LAION-400M_1922020012764.png,-10.169323921203612,-9.08489990234375,-7.081222057342529,-1.2786128520965576,-0.0276336669921875,LAION-400M
LAION-400M/1981252013628,data/authentic/images/LAION-400M_1981252013628.jpg,0,authentic,,,data/preprocessed/crop200_align16/LAION-400M_1981252013628.png,-10.140990257263184,-1.1751643419265747,-6.6130781173706055,-10.60727310180664,-0.055755615234375,LAION-400M
LAION-400M/1015867007085,data/authentic/images/LAION-400M_1015867007085.jpg,0,authentic,,,data/preprocessed/crop200_align16/LAION-400M_1015867007085.png,-45.64176559448242,-8.808991432189941,-39.550533294677734,-17.680788040161133,-0.01898193359375,LAION-400M
LAION-400M/2794968027484,data/authentic/images/LAION-400M_2794968027484.jpg,0,authentic,,,data/preprocessed/crop200_align16/LAION-400M_2794968027484.png,-20.84165954589844,-4.235493183135986,-7.553796291351318,-1.0754735469818115,-0.0262908935546875,LAION-400M
LAION-400M/1087399024385,data/authentic/images/LAION-400M_1087399024385.jpg,0,authentic,,,data/preprocessed/crop200_align16/LAION-400M_1087399024385.png,-9.6003999710083,-2.9738712310791016,-0.8757896423339844,-0.7618143558502197,-0.0070838928222656,LAION-400M
LAION-400M/107689002860,data/authentic/images/LAION-400M_107689002860.jpg,0,authentic,,,data/preprocessed/crop200_align16/LAION-400M_107689002860.png,-31.78439712524414,-7.361687183380127,-19.922950744628903,-9.79520034790039,-0.038177490234375,LAION-400M
LAION-400M/1323814015947,data/authentic/images/LAION-400M_1323814015947.jpg,0,authentic,,,data/preprocessed/crop200_align16/LAION-400M_1323814015947.png,-10.090492248535156,-1.5510988235473633,-11.18569278717041,-23.658361434936523,-0.050872802734375,LAION-400M
LAION-400M/1922677014116,data/authentic/images/LAION-400M_1922677014116.jpg,0,authentic,,,data/preprocessed/crop200_align16/LAION-400M_1922677014116.png,-35.91730880737305,-8.408332824707031,-18.921390533447266,-11.547602653503418,-0.0295257568359375,LAION-400M
LAION-400M/2566688020189,data/authentic/images/LAION-400M_2566688020189.jpg,0,authentic,,,data/preprocessed/crop200_align16/LAION-400M_2566688020189.png,-18.956314086914062,-3.3586134910583496,-14.801179885864258,-22.073036193847656,-0.032501220703125,LAION-400M
LAION-400M/180486001828,data/authentic/images/LAION-400M_180486001828.jpg,0,authentic,,,data/preprocessed/crop200_align16/LAION-400M_180486001828.png,-29.85048484802246,-5.121069431304932,-18.251399993896484,-9.070236206054688,-0.0300750732421875,LAION-400M
LAION-400M/3031866008053,data/authentic/images/LAION-400M_3031866008053.jpg,0,authentic,,,data/preprocessed/crop200_align16/LAION-400M_3031866008053.png,-31.743663787841797,-3.46517562866211,-13.414224624633787,-18.5009822845459,-0.0273895263671875,LAION-400M
LAION-400M/2504613012265,data/authentic/images/LAION-400M_2504613012265.jpg,0,authentic,,,data/preprocessed/crop200_align16/LAION-400M_2504613012265.png,-15.798683166503906,0.0172555446624755,-15.73666286468506,-10.06973361968994,-0.0280609130859375,LAION-400M
LAION-400M/2323956006646,data/authentic/images/LAION-400M_2323956006646.jpg,0,authentic,,,data/preprocessed/crop200_align16/LAION-400M_2323956006646.png,-41.111446380615234,-12.82627010345459,-51.79249954223633,-28.280088424682617,-0.02264404296875,LAION-400M
LAION-400M/1851653014288,data/authentic/images/LAION-400M_1851653014288.jpg,0,authentic,,,data/preprocessed/crop200_align16/LAION-400M_1851653014288.png,-26.054767608642575,-8.379402160644531,-9.057328224182127,-8.172479629516602,-0.009490966796875,LAION-400M
LAION-400M/2866031026800,data/authentic/images/LAION-400M_2866031026800.jpg,0,authentic,,,data/preprocessed/crop200_align16/LAION-400M_2866031026800.png,-16.957263946533203,-8.80966567993164,-21.70018768310547,-14.191312789916992,-0.0082473754882812,LAION-400M
LAION-400M/3596994019881,data/authentic/images/LAION-400M_3596994019881.jpg,0,authentic,,,data/preprocessed/crop200_align16/LAION-400M_3596994019881.png,-10.937707901000977,-3.573472499847412,-10.910382270812988,-0.5960087776184082,-0.0222625732421875,LAION-400M
LAION-400M/845027007684,data/authentic/images/LAION-400M_845027007684.jpg,0,authentic,,,data/preprocessed/crop200_align16/LAION-400M_845027007684.png,-4.103338241577148,-6.8623199462890625,-21.50767517089844,-20.731346130371097,-0.029632568359375,LAION-400M
LAION-400M/1171625019347,data/authentic/images/LAION-400M_1171625019347.jpg,0,authentic,,,data/preprocessed/crop200_align16/LAION-400M_1171625019347.png,-15.814130783081056,-6.601006031036377,-10.104421615600586,-7.65728759765625,-0.0289154052734375,LAION-400M
LAION-400M/209997008440,data/authentic/images/LAION-400M_209997008440.jpg,0,authentic,,,data/preprocessed/crop200_align16/LAION-400M_209997008440.png,-26.340137481689453,-3.326355457305908,-8.695721626281738,-2.965257406234741,-0.0288543701171875,LAION-400M
LAION-400M/3698444028880,data/authentic/images/LAION-400M_3698444028880.jpg,0,authentic,,,data/preprocessed/crop200_align16/LAION-400M_3698444028880.png,-27.913183212280273,-3.9539341926574703,-30.843215942382812,-18.105314254760746,-0.0043869018554687,LAION-400M
LAION-400M/3505530010563,data/authentic/images/LAION-400M_3505530010563.jpg,0,authentic,,,data/preprocessed/crop200_align16/LAION-400M_3505530010563.png,-22.280540466308594,-6.0757341384887695,-14.320276260375977,-7.453564643859863,-0.015716552734375,LAION-400M
LAION-400M/3377700003501,data/authentic/images/LAION-400M_3377700003501.jpg,0,authentic,,,data/preprocessed/crop200_align16/LAION-400M_3377700003501.png,-11.817618370056152,-4.0123209953308105,-6.341986179351807,-2.699244976043701,-0.0138778686523437,LAION-400M
LAION-400M/3300584021814,data/authentic/images/LAION-400M_3300584021814.jpg,0,authentic,,,data/preprocessed/crop200_align16/LAION-400M_3300584021814.png,-22.08559799194336,-10.081989288330078,-11.118144989013672,-4.39796781539917,-0.0167694091796875,LAION-400M
LAION-400M/3063478007811,data/authentic/images/LAION-400M_3063478007811.jpg,0,authentic,,,data/preprocessed/crop200_align16/LAION-400M_3063478007811.png,-20.57645797729492,-6.383747100830078,-14.161306381225586,-18.379438400268555,-0.054962158203125,LAION-400M
LAION-400M/3610547023485,data/authentic/images/LAION-400M_3610547023485.jpg,0,authentic,,,data/preprocessed/crop200_align16/LAION-400M_3610547023485.png,-9.365034103393556,-0.7523053884506226,-4.939687728881836,-7.135009288787842,-0.03619384765625,LAION-400M
LAION-400M/1197157023343,data/authentic/images/LAION-400M_1197157023343.jpg,0,authentic,,,data/preprocessed/crop200_align16/LAION-400M_1197157023343.png,-12.949517250061035,-5.4257612228393555,-1.13532817363739,0.1956584453582763,-0.041839599609375,LAION-400M
LAION-400M/2649908018211,data/authentic/images/LAION-400M_2649908018211.jpg,0,authentic,,,data/preprocessed/crop200_align16/LAION-400M_2649908018211.png,-20.12219619750977,-11.64910888671875,-12.225726127624512,-12.486459732055664,-0.02508544921875,LAION-400M
LAION-400M/1848567002902,data/authentic/images/LAION-400M_1848567002902.jpg,0,authentic,,,data/preprocessed/crop200_align16/LAION-400M_1848567002902.png,-15.837968826293944,-6.741854667663574,-15.916346549987791,-13.924676895141602,-0.0048103332519531,LAION-400M
LAION-400M/3297487023552,data/authentic/images/LAION-400M_3297487023552.jpg,0,authentic,,,data/preprocessed/crop200_align16/LAION-400M_3297487023552.png,-25.312725067138672,-7.172717094421387,-28.52638053894043,-17.847684860229492,-0.0310211181640625,LAION-400M
LAION-400M/2761836002044,data/authentic/images/LAION-400M_2761836002044.jpg,0,authentic,,,data/preprocessed/crop200_align16/LAION-400M_2761836002044.png,-22.66501235961914,-7.110600471496582,-23.11788749694824,-15.40174961090088,-0.0151443481445312,LAION-400M
LAION-400M/2667785023558,data/authentic/images/LAION-400M_2667785023558.jpg,0,authentic,,,data/preprocessed/crop200_align16/LAION-400M_2667785023558.png,-23.305574417114254,-3.072301864624023,-17.708871841430664,-12.287981986999512,-0.051727294921875,LAION-400M
LAION-400M/126138002903,data/authentic/images/LAION-400M_126138002903.jpg,0,authentic,,,data/preprocessed/crop200_align16/LAION-400M_126138002903.png,-8.61284351348877,-9.089061737060549,-9.535325050354004,-6.802621841430664,-0.0039405822753906,LAION-400M
LAION-400M/2209615020599,data/authentic/images/LAION-400M_2209615020599.jpg,0,authentic,,,data/preprocessed/crop200_align16/LAION-400M_2209615020599.png,-20.4388370513916,-11.43807601928711,-27.344324111938477,-25.180648803710938,-0.0059356689453125,LAION-400M
LAION-400M/1585199019767,data/authentic/images/LAION-400M_1585199019767.jpg,0,authentic,,,data/preprocessed/crop200_align16/LAION-400M_1585199019767.png,-21.347288131713867,-3.692540645599365,-21.420642852783203,-18.518959045410156,-0.0352783203125,LAION-400M
LAION-400M/3591042004390,data/authentic/images/LAION-400M_3591042004390.jpg,0,authentic,,,data/preprocessed/crop200_align16/LAION-400M_3591042004390.png,-40.8948860168457,-11.322794914245604,-34.090476989746094,-26.56195640563965,-0.0164794921875,LAION-400M
LAION-400M/2114166006458,data/authentic/images/LAION-400M_2114166006458.jpg,0,authentic,,,data/preprocessed/crop200_align16/LAION-400M_2114166006458.png,-27.72294235229492,-3.4495749473571777,-12.988548278808594,-11.28440761566162,-0.012603759765625,LAION-400M
LAION-400M/2601207022565,data/authentic/images/LAION-400M_2601207022565.jpg,0,authentic,,,data/preprocessed/crop200_align16/LAION-400M_2601207022565.png,-30.90587615966797,-4.295142650604248,-16.709856033325195,-15.688728332519531,-0.0413818359375,LAION-400M
LAION-400M/1439101009557,data/authentic/images/LAION-400M_1439101009557.jpg,0,authentic,,,data/preprocessed/crop200_align16/LAION-400M_1439101009557.png,-17.931236267089844,-6.8160576820373535,-17.845230102539062,-13.528724670410156,-0.045501708984375,LAION-400M
LAION-400M/142478002666,data/authentic/images/LAION-400M_142478002666.jpg,0,authentic,,,data/preprocessed/crop200_align16/LAION-400M_142478002666.png,-17.568317413330078,-3.8952198028564458,-40.5301513671875,-53.765411376953125,-0.0321044921875,LAION-400M
LAION-400M/140910009777,data/authentic/images/LAION-400M_140910009777.jpg,0,authentic,,,data/preprocessed/crop200_align16/LAION-400M_140910009777.png,-11.496208190917969,-9.90783977508545,-14.93697452545166,-14.29098892211914,-0.047332763671875,LAION-400M
LAION-400M/2111479007408,data/authentic/images/LAION-400M_2111479007408.jpg,0,authentic,,,data/preprocessed/crop200_align16/LAION-400M_2111479007408.png,-25.280956268310547,-11.32291316986084,-18.769472122192383,-19.319923400878903,-0.0308837890625,LAION-400M
LAION-400M/656857013181,data/authentic/images/LAION-400M_656857013181.jpg,0,authentic,,,data/preprocessed/crop200_align16/LAION-400M_656857013181.png,-13.892578125,-6.221629619598389,-13.983716011047363,-16.17378807067871,-0.0419921875,LAION-400M
LAION-400M/2124709005046,data/authentic/images/LAION-400M_2124709005046.jpg,0,authentic,,,data/preprocessed/crop200_align16/LAION-400M_2124709005046.png,-30.047504425048828,-10.161921501159668,-36.05109405517578,-29.04474639892578,-0.0313720703125,LAION-400M
LAION-400M/13027048123,data/authentic/images/LAION-400M_13027048123.jpg,0,authentic,,,data/preprocessed/crop200_align16/LAION-400M_13027048123.png,-16.61547088623047,-7.671589851379395,-17.074745178222656,-15.503412246704102,-0.02960205078125,LAION-400M
LAION-400M/2390777008046,data/authentic/images/LAION-400M_2390777008046.jpg,0,authentic,,,data/preprocessed/crop200_align16/LAION-400M_2390777008046.png,-6.15187931060791,-0.5258191823959351,-2.0979602336883545,-0.9157856702804564,-0.0091400146484375,LAION-400M
LAION-400M/1721885007330,data/authentic/images/LAION-400M_1721885007330.jpg,0,authentic,,,data/preprocessed/crop200_align16/LAION-400M_1721885007330.png,-19.260610580444336,-1.8059264421463013,-10.740599632263184,-16.322546005249023,-0.0277557373046875,LAION-400M
LAION-400M/3377329003583,data/authentic/images/LAION-400M_3377329003583.jpg,0,authentic,,,data/preprocessed/crop200_align16/LAION-400M_3377329003583.png,-30.234514236450195,-8.6209135055542,-47.64400863647461,-42.93876266479492,-0.028961181640625,LAION-400M
LAION-400M/2270653022464,data/authentic/images/LAION-400M_2270653022464.jpg,0,authentic,,,data/preprocessed/crop200_align16/LAION-400M_2270653022464.png,-2.893566608428955,-6.616313934326172,-5.5821852684021,-3.059476613998413,-0.0166473388671875,LAION-400M
LAION-400M/1258787013514,data/authentic/images/LAION-400M_1258787013514.jpg,0,authentic,,,data/preprocessed/crop200_align16/LAION-400M_1258787013514.png,-5.826104640960693,-3.513026237487793,0.387675404548645,-1.5535306930541992,-0.0031108856201171,LAION-400M
LAION-400M/1277208004323,data/authentic/images/LAION-400M_1277208004323.jpg,0,authentic,,,data/preprocessed/crop200_align16/LAION-400M_1277208004323.png,-10.734402656555176,-10.337241172790527,-21.318750381469727,-28.022537231445312,-0.038055419921875,LAION-400M
LAION-400M/676256008695,data/authentic/images/LAION-400M_676256008695.jpg,0,authentic,,,data/preprocessed/crop200_align16/LAION-400M_676256008695.png,-14.168557167053224,-5.905920505523682,-36.91587829589844,-30.292381286621097,-0.029937744140625,LAION-400M
LAION-400M/853404021736,data/authentic/images/LAION-400M_853404021736.jpg,0,authentic,,,data/preprocessed/crop200_align16/LAION-400M_853404021736.png,-14.480146408081056,-4.039982318878174,-9.925521850585938,-2.884104013442993,-0.0277862548828125,LAION-400M
LAION-400M/2413929003256,data/authentic/images/LAION-400M_2413929003256.jpg,0,authentic,,,data/preprocessed/crop200_align16/LAION-400M_2413929003256.png,-14.491454124450684,-8.608506202697754,-9.739999771118164,-5.578836917877197,-0.0034103393554687,LAION-400M
LAION-400M/32473003855,data/authentic/images/LAION-400M_32473003855.jpg,0,authentic,,,data/preprocessed/crop200_align16/LAION-400M_32473003855.png,-48.11650466918945,-8.02443790435791,-46.816287994384766,-12.843795776367188,-0.0087051391601562,LAION-400M
LAION-400M/3692787035447,data/authentic/images/LAION-400M_3692787035447.jpg,0,authentic,,,data/preprocessed/crop200_align16/LAION-400M_3692787035447.png,-30.895240783691406,-7.063528060913086,-15.466131210327148,-7.03973913192749,-0.051666259765625,LAION-400M
LAION-400M/1044072027639,data/authentic/images/LAION-400M_1044072027639.jpg,0,authentic,,,data/preprocessed/crop200_align16/LAION-400M_1044072027639.png,-15.94509220123291,-8.715699195861816,-7.700438976287842,-3.2219276428222656,-0.034942626953125,LAION-400M
LAION-400M/2364258006932,data/authentic/images/LAION-400M_2364258006932.jpg,0,authentic,,,data/preprocessed/crop200_align16/LAION-400M_2364258006932.png,-23.386363983154297,-0.8074284791946411,-39.906005859375,-36.4279670715332,-0.03216552734375,LAION-400M
LAION-400M/1435244002453,data/authentic/images/LAION-400M_1435244002453.jpg,0,authentic,,,data/preprocessed/crop200_align16/LAION-400M_1435244002453.png,-8.926263809204102,-0.7317186594009399,0.8772095441818237,1.437215805053711,-0.0152969360351562,LAION-400M
LAION-400M/2136307006550,data/authentic/images/LAION-400M_2136307006550.jpg,0,authentic,,,data/preprocessed/crop200_align16/LAION-400M_2136307006550.png,-21.899688720703125,-10.880287170410156,-29.77646827697754,-24.254566192626953,-0.03778076171875,LAION-400M
LAION-400M/3194005015488,data/authentic/images/LAION-400M_3194005015488.jpg,0,authentic,,,data/preprocessed/crop200_align16/LAION-400M_3194005015488.png,-25.377609252929688,-8.59945297241211,-34.70433044433594,-28.142133712768555,-0.0374755859375,LAION-400M
LAION-400M/2881261013471,data/authentic/images/LAION-400M_2881261013471.jpg,0,authentic,,,data/preprocessed/crop200_align16/LAION-400M_2881261013471.png,-23.96453285217285,-6.449216842651367,-34.45722579956055,-27.301105499267575,-0.0153732299804687,LAION-400M
LAION-400M/3495551024388,data/authentic/images/LAION-400M_3495551024388.jpg,0,authentic,,,data/preprocessed/crop200_align16/LAION-400M_3495551024388.png,-37.479434967041016,-7.684382438659668,-19.434038162231445,-7.98618745803833,-0.0182647705078125,LAION-400M
LAION-400M/13599064318,data/authentic/images/LAION-400M_13599064318.jpg,0,authentic,,,data/preprocessed/crop200_align16/LAION-400M_13599064318.png,-31.71352767944336,-12.48189640045166,-25.830636978149418,-22.232206344604492,-0.05084228515625,LAION-400M
LAION-400M/2396400000520,data/authentic/images/LAION-400M_2396400000520.jpg,0,authentic,,,data/preprocessed/crop200_align16/LAION-400M_2396400000520.png,-24.581153869628903,-7.293697357177734,-11.87999439239502,-13.47927188873291,-0.0302581787109375,LAION-400M
LAION-400M/3155795023792,data/authentic/images/LAION-400M_3155795023792.jpg,0,authentic,,,data/preprocessed/crop200_align16/LAION-400M_3155795023792.png,-2.810402154922486,2.8113303184509277,-6.949140548706055,-5.700428485870361,-0.03369140625,LAION-400M
LAION-400M/3047357036073,data/authentic/images/LAION-400M_3047357036073.jpg,0,authentic,,,data/preprocessed/crop200_align16/LAION-400M_3047357036073.png,-56.78252029418945,-4.498678207397461,-41.01546859741211,-33.34476089477539,-0.0406494140625,LAION-400M
LAION-400M/13591048067,data/authentic/images/LAION-400M_13591048067.jpg,0,authentic,,,data/preprocessed/crop200_align16/LAION-400M_13591048067.png,-21.896852493286133,-1.3178335428237915,-10.426528930664062,-6.066582679748535,-0.0238189697265625,LAION-400M
LAION-400M/1895143015136,data/authentic/images/LAION-400M_1895143015136.jpg,0,authentic,,,data/preprocessed/crop200_align16/LAION-400M_1895143015136.png,-11.97700023651123,-2.670264720916748,-12.083375930786133,-8.622814178466797,-0.0146865844726562,LAION-400M
LAION-400M/3702480039039,data/authentic/images/LAION-400M_3702480039039.jpg,0,authentic,,,data/preprocessed/crop200_align16/LAION-400M_3702480039039.png,-24.118730545043945,-7.4120635986328125,-14.079833984375,-21.696792602539062,-0.043975830078125,LAION-400M
LAION-400M/2517802017346,data/authentic/images/LAION-400M_2517802017346.jpg,0,authentic,,,data/preprocessed/crop200_align16/LAION-400M_2517802017346.png,-26.043163299560547,-4.8504252433776855,-25.03902244567871,-23.110185623168945,-0.04486083984375,LAION-400M
LAION-400M/3654743004036,data/authentic/images/LAION-400M_3654743004036.jpg,0,authentic,,,data/preprocessed/crop200_align16/LAION-400M_3654743004036.png,-14.65905475616455,-3.1713614463806152,-17.00745391845703,-29.769275665283203,-0.044921875,LAION-400M
LAION-400M/1578430015620,data/authentic/images/LAION-400M_1578430015620.jpg,0,authentic,,,data/preprocessed/crop200_align16/LAION-400M_1578430015620.png,-18.47107696533203,-5.859289169311523,-12.316729545593262,-13.926870346069336,-0.04107666015625,LAION-400M
LAION-400M/1872351011322,data/authentic/images/LAION-400M_1872351011322.jpg,0,authentic,,,data/preprocessed/crop200_align16/LAION-400M_1872351011322.png,-3.932364702224731,-3.8048110008239746,-6.89462423324585,-4.44091796875,-0.043487548828125,LAION-400M
LAION-400M/3662915023854,data/authentic/images/LAION-400M_3662915023854.jpg,0,authentic,,,data/preprocessed/crop200_align16/LAION-400M_3662915023854.png,-33.90319061279297,-8.268743515014648,-41.96858596801758,-49.695125579833984,-0.0272674560546875,LAION-400M
LAION-400M/2756363025064,data/authentic/images/LAION-400M_2756363025064.jpg,0,authentic,,,data/preprocessed/crop200_align16/LAION-400M_2756363025064.png,-34.48591613769531,-2.022228240966797,-16.20855712890625,-0.4836649298667907,-0.032684326171875,LAION-400M
LAION-400M/36668004314,data/authentic/images/LAION-400M_36668004314.jpg,0,authentic,,,data/preprocessed/crop200_align16/LAION-400M_36668004314.png,-14.061617851257324,-2.4349794387817383,-11.83386516571045,-9.105270385742188,-0.004791259765625,LAION-400M
LAION-400M/11555078796,data/authentic/images/LAION-400M_11555078796.jpg,0,authentic,,,data/preprocessed/crop200_align16/LAION-400M_11555078796.png,-26.278167724609375,-9.841008186340332,-34.26926040649414,-8.396733283996582,-0.037078857421875,LAION-400M
LAION-400M/1654817001233,data/authentic/images/LAION-400M_1654817001233.jpg,0,authentic,,,data/preprocessed/crop200_align16/LAION-400M_1654817001233.png,-32.58010482788086,-5.820260524749756,-39.36272430419922,-28.72925567626953,-0.0124130249023437,LAION-400M
LAION-400M/15623024959,data/authentic/images/LAION-400M_15623024959.jpg,0,authentic,,,data/preprocessed/crop200_align16/LAION-400M_15623024959.png,-7.767683982849121,-9.121926307678224,-13.024198532104492,-7.3601884841918945,-0.028350830078125,LAION-400M
LAION-400M/283252004827,data/authentic/images/LAION-400M_283252004827.jpg,0,authentic,,,data/preprocessed/crop200_align16/LAION-400M_283252004827.png,0.6458005905151367,-12.526658058166504,-22.08244514465332,-11.145583152770996,-0.04962158203125,LAION-400M
LAION-400M/2871462006661,data/authentic/images/LAION-400M_2871462006661.jpg,0,authentic,,,data/preprocessed/crop200_align16/LAION-400M_2871462006661.png,-41.27904510498047,-0.4331675171852112,-41.736968994140625,-28.53026008605957,-0.04339599609375,LAION-400M
LAION-400M/759456004666,data/authentic/images/LAION-400M_759456004666.jpg,0,authentic,,,data/preprocessed/crop200_align16/LAION-400M_759456004666.png,-17.719554901123047,-9.654254913330078,-7.098869323730469,-5.865354061126709,-0.02227783203125,LAION-400M
LAION-400M/3269454015049,data/authentic/images/LAION-400M_3269454015049.jpg,0,authentic,,,data/preprocessed/crop200_align16/LAION-400M_3269454015049.png,-22.654829025268555,-6.968929767608643,-19.517040252685547,-13.03437328338623,-0.0301971435546875,LAION-400M
LAION-400M/1920475014210,data/authentic/images/LAION-400M_1920475014210.jpg,0,authentic,,,data/preprocessed/crop200_align16/LAION-400M_1920475014210.png,-18.224201202392575,-2.7126965522766113,-7.736210823059082,-7.653955459594727,-0.048370361328125,LAION-400M
LAION-400M/73560011377,data/authentic/images/LAION-400M_73560011377.jpg,0,authentic,,,data/preprocessed/crop200_align16/LAION-400M_73560011377.png,-26.03589630126953,-3.8363614082336426,-25.18741226196289,-13.56665325164795,-0.018341064453125,LAION-400M
LAION-400M/981631005881,data/authentic/images/LAION-400M_981631005881.jpg,0,authentic,,,data/preprocessed/crop200_align16/LAION-400M_981631005881.png,-39.88214111328125,-9.39224910736084,-20.032817840576172,-6.245866775512695,-0.03546142578125,LAION-400M
LAION-400M/178391002413,data/authentic/images/LAION-400M_178391002413.jpg,0,authentic,,,data/preprocessed/crop200_align16/LAION-400M_178391002413.png,-15.88723087310791,-12.016854286193848,-16.49747085571289,-13.682401657104492,-0.030303955078125,LAION-400M
LAION-400M/64270008563,data/authentic/images/LAION-400M_64270008563.jpg,0,authentic,,,data/preprocessed/crop200_align16/LAION-400M_64270008563.png,-29.85892105102539,-7.164682865142822,-23.74310874938965,-18.42277717590332,-0.034088134765625,LAION-400M
LAION-400M/173859003646,data/authentic/images/LAION-400M_173859003646.jpg,0,authentic,,,data/preprocessed/crop200_align16/LAION-400M_173859003646.png,-35.70594024658203,-8.413097381591797,-43.26304244995117,-19.49907875061035,-0.0176849365234375,LAION-400M
LAION-400M/1302127008150,data/authentic/images/LAION-400M_1302127008150.jpg,0,authentic,,,data/preprocessed/crop200_align16/LAION-400M_1302127008150.png,-25.734498977661133,-5.222322463989258,-21.376619338989254,-12.427178382873535,-0.0282440185546875,LAION-400M
LAION-400M/2380305016399,data/authentic/images/LAION-400M_2380305016399.jpg,0,authentic,,,data/preprocessed/crop200_align16/LAION-400M_2380305016399.png,-17.618349075317383,-7.658869743347168,-14.99010944366455,-9.20319366455078,-0.0248260498046875,LAION-400M
LAION-400M/1986127003207,data/authentic/images/LAION-400M_1986127003207.jpg,0,authentic,,,data/preprocessed/crop200_align16/LAION-400M_1986127003207.png,-10.551876068115234,-14.58242416381836,-16.39565086364746,-1.2470403909683228,-0.0203399658203125,LAION-400M
LAION-400M/3649165029507,data/authentic/images/LAION-400M_3649165029507.jpg,0,authentic,,,data/preprocessed/crop200_align16/LAION-400M_3649165029507.png,-13.89967441558838,-12.081658363342283,-19.96436309814453,-10.794814109802246,-0.016021728515625,LAION-400M
LAION-400M/2728120014492,data/authentic/images/LAION-400M_2728120014492.jpg,0,authentic,,,data/preprocessed/crop200_align16/LAION-400M_2728120014492.png,-11.951309204101562,-2.5659103393554688,-4.4100341796875,-1.502246379852295,-0.043609619140625,LAION-400M
LAION-400M/1758168006018,data/authentic/images/LAION-400M_1758168006018.jpg,0,authentic,,,data/preprocessed/crop200_align16/LAION-400M_1758168006018.png,-28.657180786132812,-4.998508453369141,-23.727689743041992,-13.042543411254885,-0.0155029296875,LAION-400M
LAION-400M/2905594009115,data/authentic/images/LAION-400M_2905594009115.jpg,0,authentic,,,data/preprocessed/crop200_align16/LAION-400M_2905594009115.png,-41.46663665771485,-8.05440902709961,-30.159069061279297,-12.031363487243652,-0.020416259765625,LAION-400M
LAION-400M/3477423014558,data/authentic/images/LAION-400M_3477423014558.jpg,0,authentic,,,data/preprocessed/crop200_align16/LAION-400M_3477423014558.png,-17.447906494140625,-4.204077243804932,-11.579197883605955,-21.029203414916992,-0.058013916015625,LAION-400M
LAION-400M/1888799006386,data/authentic/images/LAION-400M_1888799006386.jpg,0,authentic,,,data/preprocessed/crop200_align16/LAION-400M_1888799006386.png,-31.511608123779297,-6.255494117736816,-21.527259826660156,-12.680913925170898,-0.0173797607421875,LAION-400M
LAION-400M/3572509027503,data/authentic/images/LAION-400M_3572509027503.jpg,0,authentic,,,data/preprocessed/crop200_align16/LAION-400M_3572509027503.png,-26.36941146850586,-3.781184196472168,-15.252351760864258,-18.529953002929688,-0.0504150390625,LAION-400M
LAION-400M/1103613008755,data/authentic/images/LAION-400M_1103613008755.jpg,0,authentic,,,data/preprocessed/crop200_align16/LAION-400M_1103613008755.png,-38.91489028930664,-8.410568237304688,-29.50066566467285,-18.935762405395508,-0.03155517578125,LAION-400M
LAION-400M/1741382007190,data/authentic/images/LAION-400M_1741382007190.jpg,0,authentic,,,data/preprocessed/crop200_align16/LAION-400M_1741382007190.png,-28.436004638671875,-4.91147518157959,-24.162153244018555,-9.660603523254396,-0.034393310546875,LAION-400M
LAION-400M/3411286011901,data/authentic/images/LAION-400M_3411286011901.jpg,0,authentic,,,data/preprocessed/crop200_align16/LAION-400M_3411286011901.png,-32.26774597167969,-10.029643058776855,-26.664196014404297,-22.761194229125977,-0.0108413696289062,LAION-400M
LAION-400M/2822114010789,data/authentic/images/LAION-400M_2822114010789.jpg,0,authentic,,,data/preprocessed/crop200_align16/LAION-400M_2822114010789.png,-6.917710781097412,-1.7676570415496826,-5.732672214508057,-2.045737028121948,-0.00946044921875,LAION-400M
LAION-400M/64960005449,data/authentic/images/LAION-400M_64960005449.jpg,0,authentic,,,data/preprocessed/crop200_align16/LAION-400M_64960005449.png,-18.887474060058594,-12.536710739135742,-15.45469856262207,-1.1211063861846924,-0.0061721801757812,LAION-400M
LAION-400M/1989503002693,data/authentic/images/LAION-400M_1989503002693.jpg,0,authentic,,,data/preprocessed/crop200_align16/LAION-400M_1989503002693.png,-50.31234359741211,-6.010378837585449,-19.542402267456055,-7.0246806144714355,-0.0069084167480468,LAION-400M
LAION-400M/1176133015777,data/authentic/images/LAION-400M_1176133015777.jpg,0,authentic,,,data/preprocessed/crop200_align16/LAION-400M_1176133015777.png,-15.351319313049316,-7.143470764160156,-28.103700637817383,-14.70935344696045,-0.0283660888671875,LAION-400M
LAION-400M/867708000332,data/authentic/images/LAION-400M_867708000332.jpg,0,authentic,,,data/preprocessed/crop200_align16/LAION-400M_867708000332.png,-35.09952163696289,-2.5343122482299805,-15.002337455749512,-6.051575183868408,-0.0255126953125,LAION-400M
LAION-400M/1073956000515,data/authentic/images/LAION-400M_1073956000515.jpg,0,authentic,,,data/preprocessed/crop200_align16/LAION-400M_1073956000515.png,-5.805782318115234,-3.0140609741210938,1.203426718711853,6.880242347717285,-0.03192138671875,LAION-400M
LAION-400M/244863001970,data/authentic/images/LAION-400M_244863001970.jpg,0,authentic,,,data/preprocessed/crop200_align16/LAION-400M_244863001970.png,-32.389156341552734,-8.476088523864746,-77.06749725341797,-47.67226791381836,-0.0276031494140625,LAION-400M
LAION-400M/3675047034222,data/authentic/images/LAION-400M_3675047034222.jpg,0,authentic,,,data/preprocessed/crop200_align16/LAION-400M_3675047034222.png,-9.57486629486084,-6.276513576507568,-4.394787788391113,-0.9112400412559508,-0.0123825073242187,LAION-400M
RAISE/rd54ccff5t,data/authentic/images/RAISE_rd54ccff5t.jpg,0,authentic,,,data/preprocessed/crop200_align16/RAISE_rd54ccff5t.png,-3.8579065799713135,-3.062466621398926,-2.3097665309906006,-10.21376609802246,-0.0362548828125,RAISE
RAISE/re5f541f7t,data/authentic/images/RAISE_re5f541f7t.jpg,0,authentic,,,data/preprocessed/crop200_align16/RAISE_re5f541f7t.png,-8.746313095092773,1.9508179426193235,-1.19590961933136,-9.039446830749512,-0.037872314453125,RAISE
RAISE/r164c1e13t,data/authentic/images/RAISE_r164c1e13t.jpg,0,authentic,,,data/preprocessed/crop200_align16/RAISE_r164c1e13t.png,-2.5849759578704834,-1.28752601146698,-5.192902565002441,-3.5914547443389893,-0.044677734375,RAISE
RAISE/rf075f9fat,data/authentic/images/RAISE_rf075f9fat.jpg,0,authentic,,,data/preprocessed/crop200_align16/RAISE_rf075f9fat.png,-14.060919761657717,-0.1215550899505615,-6.068808555603027,-1.2784675359725952,-0.0085525512695312,RAISE
RAISE/rcc2f4ed1t,data/authentic/images/RAISE_rcc2f4ed1t.jpg,0,authentic,,,data/preprocessed/crop200_align16/RAISE_rcc2f4ed1t.png,-12.929183959960938,-2.342203140258789,-26.66818046569824,-21.26877212524414,-0.04876708984375,RAISE
RAISE/r6423cf23t,data/authentic/images/RAISE_r6423cf23t.jpg,0,authentic,,,data/preprocessed/crop200_align16/RAISE_r6423cf23t.png,-28.153148651123047,-8.058819770812988,-23.927064895629883,-18.34697151184082,-0.036376953125,RAISE
RAISE/r146771d7t,data/authentic/images/RAISE_r146771d7t.jpg,0,authentic,,,data/preprocessed/crop200_align16/RAISE_r146771d7t.png,-30.1455020904541,-6.6204023361206055,-22.196308135986328,-6.861886501312256,-0.02825927734375,RAISE
RAISE/r5815d03at,data/authentic/images/RAISE_r5815d03at.jpg,0,authentic,,,data/preprocessed/crop200_align16/RAISE_r5815d03at.png,-15.82924747467041,0.0895205736160278,-9.134490966796877,-7.4406046867370605,-0.0457763671875,RAISE
RAISE/r53b68ce4t,data/authentic/images/RAISE_r53b68ce4t.jpg,0,authentic,,,data/preprocessed/crop200_align16/RAISE_r53b68ce4t.png,-8.29323673248291,-6.461416244506836,-2.7818827629089355,-9.466378211975098,-0.0416259765625,RAISE
RAISE/ra4b6549dt,data/authentic/images/RAISE_ra4b6549dt.jpg,0,authentic,,,data/preprocessed/crop200_align16/RAISE_ra4b6549dt.png,-10.065373420715332,-0.8746978044509888,-2.208537340164185,-3.8897457122802734,-0.03350830078125,RAISE
RAISE/r26c98404t,data/authentic/images/RAISE_r26c98404t.jpg,0,authentic,,,data/preprocessed/crop200_align16/RAISE_r26c98404t.png,-31.805137634277344,-4.021519184112549,-16.243480682373047,-10.705462455749512,-0.0321044921875,RAISE
RAISE/ree36866dt,data/authentic/images/RAISE_ree36866dt.jpg,0,authentic,,,data/preprocessed/crop200_align16/RAISE_ree36866dt.png,-2.3580639362335205,1.0955866575241089,2.4771387577056885,0.0424759536981582,-0.0051612854003906,RAISE
RAISE/r263492c3t,data/authentic/images/RAISE_r263492c3t.jpg,0,authentic,,,data/preprocessed/crop200_align16/RAISE_r263492c3t.png,-11.444948196411133,-6.033853530883789,-10.690202713012695,-9.584490776062012,-0.045867919921875,RAISE
RAISE/r2d4d9861t,data/authentic/images/RAISE_r2d4d9861t.jpg,0,authentic,,,data/preprocessed/crop200_align16/RAISE_r2d4d9861t.png,-28.45671272277832,-0.9299800395965576,-18.373111724853516,-7.922062397003174,-0.046630859375,RAISE
RAISE/r15a0b476t,data/authentic/images/RAISE_r15a0b476t.jpg,0,authentic,,,data/preprocessed/crop200_align16/RAISE_r15a0b476t.png,-13.855795860290527,-1.52147114276886,-6.118890762329102,-10.88443088531494,-0.0455322265625,RAISE
RAISE/re3bc227dt,data/authentic/images/RAISE_re3bc227dt.jpg,0,authentic,,,data/preprocessed/crop200_align16/RAISE_re3bc227dt.png,-12.87754249572754,-6.796082496643066,-3.4350602626800537,-5.407251358032227,-0.037841796875,RAISE
RAISE/rd72b4279t,data/authentic/images/RAISE_rd72b4279t.jpg,0,authentic,,,data/preprocessed/crop200_align16/RAISE_rd72b4279t.png,-22.49477767944336,0.5012260675430298,-12.552451133728027,-11.843006134033203,-0.059814453125,RAISE
RAISE/r6900acf0t,data/authentic/images/RAISE_r6900acf0t.jpg,0,authentic,,,data/preprocessed/crop200_align16/RAISE_r6900acf0t.png,-26.884546279907227,-3.379812717437744,-16.498903274536133,-15.414090156555176,-0.04473876953125,RAISE
RAISE/rd9188a3ct,data/authentic/images/RAISE_rd9188a3ct.jpg,0,authentic,,,data/preprocessed/crop200_align16/RAISE_rd9188a3ct.png,-0.895248532295227,-0.304448664188385,-5.965495586395264,-4.18739128112793,-0.05413818359375,RAISE
RAISE/r51025f5et,data/authentic/images/RAISE_r51025f5et.jpg,0,authentic,,,data/preprocessed/crop200_align16/RAISE_r51025f5et.png,-6.724222183227539,0.2264446020126342,-0.4278682470321655,0.1095286607742309,-0.0047721862792968,RAISE
RAISE/r3e8d174ct,data/authentic/images/RAISE_r3e8d174ct.jpg,0,authentic,,,data/preprocessed/crop200_align16/RAISE_r3e8d174ct.png,-18.645763397216797,-1.9124985933303833,-0.1096005141735076,-3.224672555923462,-0.0125198364257812,RAISE
RAISE/rc589a8d6t,data/authentic/images/RAISE_rc589a8d6t.jpg,0,authentic,,,data/preprocessed/crop200_align16/RAISE_rc589a8d6t.png,-26.66061782836914,-5.501596927642822,-9.061240196228027,-8.224556922912598,-0.0323486328125,RAISE
RAISE/rfb6ed6eet,data/authentic/images/RAISE_rfb6ed6eet.jpg,0,authentic,,,data/preprocessed/crop200_align16/RAISE_rfb6ed6eet.png,-13.246732711791992,-4.027072906494141,-4.7932658195495605,-7.0603837966918945,-0.044097900390625,RAISE
RAISE/r2a151e6dt,data/authentic/images/RAISE_r2a151e6dt.jpg,0,authentic,,,data/preprocessed/crop200_align16/RAISE_r2a151e6dt.png,-1.183885097503662,2.3152589797973633,1.654294490814209,-14.776286125183104,-0.02630615234375,RAISE
RAISE/r9d5307act,data/authentic/images/RAISE_r9d5307act.jpg,0,authentic,,,data/preprocessed/crop200_align16/RAISE_r9d5307act.png,-22.396162033081055,-0.8770073652267456,-10.080503463745115,-11.261407852172852,-0.033843994140625,RAISE
RAISE/r7db6d214t,data/authentic/images/RAISE_r7db6d214t.jpg,0,authentic,,,data/preprocessed/crop200_align16/RAISE_r7db6d214t.png,-32.47780990600586,-4.478774547576904,-25.465185165405273,-14.168031692504885,-0.033599853515625,RAISE
RAISE/r76699a71t,data/authentic/images/RAISE_r76699a71t.jpg,0,authentic,,,data/preprocessed/crop200_align16/RAISE_r76699a71t.png,-29.535675048828125,-2.954683780670166,-16.72899627685547,-11.646289825439451,-0.04266357421875,RAISE
RAISE/rcaa0b48dt,data/authentic/images/RAISE_rcaa0b48dt.jpg,0,authentic,,,data/preprocessed/crop200_align16/RAISE_rcaa0b48dt.png,-23.365142822265625,-9.30252456665039,-11.549724578857422,-7.961869716644287,-0.04425048828125,RAISE
RAISE/r8e60f7d2t,data/authentic/images/RAISE_r8e60f7d2t.jpg,0,authentic,,,data/preprocessed/crop200_align16/RAISE_r8e60f7d2t.png,-8.18529224395752,-1.1951185464859009,-2.0830700397491455,-4.537965297698975,-0.04180908203125,RAISE
RAISE/r67ccfdabt,data/authentic/images/RAISE_r67ccfdabt.jpg,0,authentic,,,data/preprocessed/crop200_align16/RAISE_r67ccfdabt.png,-11.281646728515623,-3.0249123573303223,-4.349335193634033,-6.353090763092041,-0.05108642578125,RAISE
RAISE/r2aad180ft,data/authentic/images/RAISE_r2aad180ft.jpg,0,authentic,,,data/preprocessed/crop200_align16/RAISE_r2aad180ft.png,-2.5019352436065674,-2.9666576385498047,-6.874908447265625,-10.831685066223145,-0.037811279296875,RAISE
RAISE/r16698b6et,data/authentic/images/RAISE_r16698b6et.jpg,0,authentic,,,data/preprocessed/crop200_align16/RAISE_r16698b6et.png,1.825002670288086,0.0518602728843688,-2.783669948577881,-8.67799186706543,-0.04974365234375,RAISE
RAISE/r77896130t,data/authentic/images/RAISE_r77896130t.jpg,0,authentic,,,data/preprocessed/crop200_align16/RAISE_r77896130t.png,-21.825538635253903,-0.3187876939773559,-2.039644241333008,-4.872002601623535,-0.04150390625,RAISE
RAISE/r37267d0bt,data/authentic/images/RAISE_r37267d0bt.jpg,0,authentic,,,data/preprocessed/crop200_align16/RAISE_r37267d0bt.png,-4.688558101654053,0.6718779802322388,-2.5011234283447266,-6.759509563446045,-0.018310546875,RAISE
RAISE/r850e978dt,data/authentic/images/RAISE_r850e978dt.jpg,0,authentic,,,data/preprocessed/crop200_align16/RAISE_r850e978dt.png,-17.516708374023438,2.7964906692504883,-7.657155513763428,-8.850824356079102,-0.04547119140625,RAISE
RAISE/r1ec70fd3t,data/authentic/images/RAISE_r1ec70fd3t.jpg,0,authentic,,,data/preprocessed/crop200_align16/RAISE_r1ec70fd3t.png,-13.026825904846191,-2.075538158416748,-4.594995975494385,-4.193577766418457,-0.05023193359375,RAISE
RAISE/rc54a3103t,data/authentic/images/RAISE_rc54a3103t.jpg,0,authentic,,,data/preprocessed/crop200_align16/RAISE_rc54a3103t.png,-11.32594871520996,3.1840434074401855,-5.012171268463135,-7.371537685394287,-0.03436279296875,RAISE
RAISE/r698d9100t,data/authentic/images/RAISE_r698d9100t.jpg,0,authentic,,,data/preprocessed/crop200_align16/RAISE_r698d9100t.png,-15.747236251831056,1.9482547044754028,-9.474454879760742,-12.460464477539062,-0.047454833984375,RAISE
RAISE/raca79ceet,data/authentic/images/RAISE_raca79ceet.jpg,0,authentic,,,data/preprocessed/crop200_align16/RAISE_raca79ceet.png,-18.412797927856445,0.2567447423934936,-4.219862937927246,-8.855148315429688,-0.0309600830078125,RAISE
RAISE/r0fae3dbdt,data/authentic/images/RAISE_r0fae3dbdt.jpg,0,authentic,,,data/preprocessed/crop200_align16/RAISE_r0fae3dbdt.png,-15.640216827392578,-4.4656291007995605,-8.247889518737793,-3.718517541885376,-0.04351806640625,RAISE
RAISE/rc5828783t,data/authentic/images/RAISE_rc5828783t.jpg,0,authentic,,,data/preprocessed/crop200_align16/RAISE_rc5828783t.png,-1.632040023803711,-0.761731743812561,-1.262367844581604,-4.543506622314453,-0.026885986328125,RAISE
RAISE/r88fe447et,data/authentic/images/RAISE_r88fe447et.jpg,0,authentic,,,data/preprocessed/crop200_align16/RAISE_r88fe447et.png,-9.689533233642578,-6.1174635887146,-4.3470458984375,-5.8704447746276855,-0.04083251953125,RAISE
RAISE/r64447afet,data/authentic/images/RAISE_r64447afet.jpg,0,authentic,,,data/preprocessed/crop200_align16/RAISE_r64447afet.png,-8.554478645324707,-1.6416653394699097,-3.4278159141540527,-5.7460408210754395,-0.0295562744140625,RAISE
RAISE/rfe5eb1c7t,data/authentic/images/RAISE_rfe5eb1c7t.jpg,0,authentic,,,data/preprocessed/crop200_align16/RAISE_rfe5eb1c7t.png,-24.948177337646484,-4.969013690948486,-14.809910774230955,-16.99087905883789,-0.04931640625,RAISE
RAISE/rb2663285t,data/authentic/images/RAISE_rb2663285t.jpg,0,authentic,,,data/preprocessed/crop200_align16/RAISE_rb2663285t.png,-21.24790382385254,3.94675350189209,-9.97439956665039,-9.99127960205078,-0.053253173828125,RAISE
RAISE/r3ac1b78et,data/authentic/images/RAISE_r3ac1b78et.jpg,0,authentic,,,data/preprocessed/crop200_align16/RAISE_r3ac1b78et.png,-2.984213590621948,-0.2890273928642273,-5.069185733795166,-4.504861354827881,-0.03875732421875,RAISE
RAISE/rfcf5a802t,data/authentic/images/RAISE_rfcf5a802t.jpg,0,authentic,,,data/preprocessed/crop200_align16/RAISE_rfcf5a802t.png,-18.055892944335938,1.9672898054122925,-10.779723167419434,-8.870344161987305,-0.053924560546875,RAISE
RAISE/re3c7266ft,data/authentic/images/RAISE_re3c7266ft.jpg,0,authentic,,,data/preprocessed/crop200_align16/RAISE_re3c7266ft.png,-4.740021705627441,-3.892777919769287,-4.7378830909729,-16.371448516845703,-0.05096435546875,RAISE
RAISE/r6d133f14t,data/authentic/images/RAISE_r6d133f14t.jpg,0,authentic,,,data/preprocessed/crop200_align16/RAISE_r6d133f14t.png,-24.419208526611328,-4.365649223327637,-5.837249279022217,-3.6240124702453618,-0.0236968994140625,RAISE
RAISE/r505d386ft,data/authentic/images/RAISE_r505d386ft.jpg,0,authentic,,,data/preprocessed/crop200_align16/RAISE_r505d386ft.png,-7.789279937744141,-1.910749673843384,-2.0183115005493164,-7.472823619842529,-0.026641845703125,RAISE
RAISE/r11e26097t,data/authentic/images/RAISE_r11e26097t.jpg,0,authentic,,,data/preprocessed/crop200_align16/RAISE_r11e26097t.png,-32.943641662597656,-2.7049036026000977,-7.29632568359375,-6.791599273681641,-0.0236358642578125,RAISE
RAISE/r7dc33bb0t,data/authentic/images/RAISE_r7dc33bb0t.jpg,0,authentic,,,data/preprocessed/crop200_align16/RAISE_r7dc33bb0t.png,-16.59819793701172,-0.8251157999038696,-1.7876805067062378,-4.904092311859131,-0.0178985595703125,RAISE
RAISE/r2e2262dbt,data/authentic/images/RAISE_r2e2262dbt.jpg,0,authentic,,,data/preprocessed/crop200_align16/RAISE_r2e2262dbt.png,-4.797191619873047,-0.45588219165802,-1.1296948194503784,-13.895475387573242,-0.03704833984375,RAISE
RAISE/r5059c20et,data/authentic/images/RAISE_r5059c20et.jpg,0,authentic,,,data/preprocessed/crop200_align16/RAISE_r5059c20et.png,-8.78869915008545,0.579626202583313,-3.224857807159424,-9.78902816772461,-0.05401611328125,RAISE
RAISE/r45198b06t,data/authentic/images/RAISE_r45198b06t.jpg,0,authentic,,,data/preprocessed/crop200_align16/RAISE_r45198b06t.png,-17.057270050048828,-6.971803665161133,-3.2854437828063965,-2.819181203842163,-0.019256591796875,RAISE
RAISE/rea503b5et,data/authentic/images/RAISE_rea503b5et.jpg,0,authentic,,,data/preprocessed/crop200_align16/RAISE_rea503b5et.png,3.4706759452819824,-2.7109827995300293,0.8447859287261963,0.4135242104530334,-0.0021896362304687,RAISE
RAISE/rf732cdd0t,data/authentic/images/RAISE_rf732cdd0t.jpg,0,authentic,,,data/preprocessed/crop200_align16/RAISE_rf732cdd0t.png,-17.918659210205078,-2.0488295555114746,-10.113587379455566,-9.999717712402344,-0.039947509765625,RAISE
RAISE/re72f9e29t,data/authentic/images/RAISE_re72f9e29t.jpg,0,authentic,,,data/preprocessed/crop200_align16/RAISE_re72f9e29t.png,-19.71794891357422,-0.5980736017227173,-1.1652716398239136,-3.614237070083618,-0.0238189697265625,RAISE
RAISE/r4b670ce3t,data/authentic/images/RAISE_r4b670ce3t.jpg,0,authentic,,,data/preprocessed/crop200_align16/RAISE_r4b670ce3t.png,-14.055200576782228,-3.940317153930664,-16.05117416381836,-20.96428108215332,-0.044281005859375,RAISE
RAISE/r61709e6ft,data/authentic/images/RAISE_r61709e6ft.jpg,0,authentic,,,data/preprocessed/crop200_align16/RAISE_r61709e6ft.png,-3.002375841140747,-2.259210109710694,-4.388749122619629,-3.4380977153778076,-0.0212860107421875,RAISE
RAISE/r90058c49t,data/authentic/images/RAISE_r90058c49t.jpg,0,authentic,,,data/preprocessed/crop200_align16/RAISE_r90058c49t.png,-4.516669750213623,0.865154504776001,-1.7086083889007568,-2.915820360183716,-0.055450439453125,RAISE
RAISE/r7a855399t,data/authentic/images/RAISE_r7a855399t.jpg,0,authentic,,,data/preprocessed/crop200_align16/RAISE_r7a855399t.png,-1.4803310632705688,-2.871450901031494,-4.1376423835754395,-10.772976875305176,-0.034637451171875,RAISE
RAISE/r134ba6abt,data/authentic/images/RAISE_r134ba6abt.jpg,0,authentic,,,data/preprocessed/crop200_align16/RAISE_r134ba6abt.png,-7.555343627929688,2.73946762084961,-4.347890853881836,-9.589795112609863,-0.0516357421875,RAISE
RAISE/r1db5be20t,data/authentic/images/RAISE_r1db5be20t.jpg,0,authentic,,,data/preprocessed/crop200_align16/RAISE_r1db5be20t.png,-10.913898468017578,-2.557411193847656,-7.182592391967773,-15.31077480316162,-0.0579833984375,RAISE
RAISE/r2f10af66t,data/authentic/images/RAISE_r2f10af66t.jpg,0,authentic,,,data/preprocessed/crop200_align16/RAISE_r2f10af66t.png,-25.76508331298828,0.0902309417724609,-0.8726932406425476,-11.45136547088623,-0.03533935546875,RAISE
RAISE/r0d280006t,data/authentic/images/RAISE_r0d280006t.jpg,0,authentic,,,data/preprocessed/crop200_align16/RAISE_r0d280006t.png,-5.081794738769531,2.760103225708008,-3.817941427230835,-14.16882038116455,-0.0247650146484375,RAISE
RAISE/r096982ddt,data/authentic/images/RAISE_r096982ddt.jpg,0,authentic,,,data/preprocessed/crop200_align16/RAISE_r096982ddt.png,-10.64523983001709,-1.883505940437317,-0.0576269403100013,-4.585987091064453,-0.045257568359375,RAISE
RAISE/r8df138a1t,data/authentic/images/RAISE_r8df138a1t.jpg,0,authentic,,,data/preprocessed/crop200_align16/RAISE_r8df138a1t.png,-9.657970428466797,-3.8493056297302246,-22.652050018310547,-17.773969650268555,-0.027069091796875,RAISE
RAISE/r609a1b8ct,data/authentic/images/RAISE_r609a1b8ct.jpg,0,authentic,,,data/preprocessed/crop200_align16/RAISE_r609a1b8ct.png,-11.863408088684082,-5.592597484588623,-7.979100227355957,-5.5922346115112305,-0.05413818359375,RAISE
RAISE/rf0428b81t,data/authentic/images/RAISE_rf0428b81t.jpg,0,authentic,,,data/preprocessed/crop200_align16/RAISE_rf0428b81t.png,-5.240188121795654,-3.1292991638183594,-6.639146327972412,-13.843000411987305,-0.04156494140625,RAISE
RAISE/rbae3f1f0t,data/authentic/images/RAISE_rbae3f1f0t.jpg,0,authentic,,,data/preprocessed/crop200_align16/RAISE_rbae3f1f0t.png,-9.763606071472168,0.8440603017807007,0.5157843232154846,-2.1261446475982666,-0.0081634521484375,RAISE
RAISE/r73f2f0abt,data/authentic/images/RAISE_r73f2f0abt.jpg,0,authentic,,,data/preprocessed/crop200_align16/RAISE_r73f2f0abt.png,-16.630916595458984,-5.755084991455078,-5.180795669555664,-3.382136821746826,-0.03656005859375,RAISE
RAISE/r64ef4d68t,data/authentic/images/RAISE_r64ef4d68t.jpg,0,authentic,,,data/preprocessed/crop200_align16/RAISE_r64ef4d68t.png,-23.98410987854004,-4.494476318359375,0.0022823242470622,-9.510622024536133,-0.0401611328125,RAISE
RAISE/ra6f007d7t,data/authentic/images/RAISE_ra6f007d7t.jpg,0,authentic,,,data/preprocessed/crop200_align16/RAISE_ra6f007d7t.png,-9.553610801696776,0.5176242589950562,-2.1926393508911133,-6.236536979675293,-0.02435302734375,RAISE
RAISE/r4bf69958t,data/authentic/images/RAISE_r4bf69958t.jpg,0,authentic,,,data/preprocessed/crop200_align16/RAISE_r4bf69958t.png,-6.426349639892578,1.887088418006897,-5.16270637512207,-6.830966472625732,-0.0163421630859375,RAISE
RAISE/rb4496bc8t,data/authentic/images/RAISE_rb4496bc8t.jpg,0,authentic,,,data/preprocessed/crop200_align16/RAISE_rb4496bc8t.png,-35.431034088134766,-0.2117679119110107,-19.435129165649418,-15.44282054901123,-0.03314208984375,RAISE
RAISE/r7b10b3f8t,data/authentic/images/RAISE_r7b10b3f8t.jpg,0,authentic,,,data/preprocessed/crop200_align16/RAISE_r7b10b3f8t.png,-4.346222400665283,-2.494887351989746,-13.76976203918457,-16.057952880859375,-0.04766845703125,RAISE
RAISE/r01cbb7fdt,data/authentic/images/RAISE_r01cbb7fdt.jpg,0,authentic,,,data/preprocessed/crop200_align16/RAISE_r01cbb7fdt.png,-11.739761352539062,0.727036714553833,-1.4892593622207642,-1.1614257097244265,-0.0088729858398437,RAISE
RAISE/rb47de8f0t,data/authentic/images/RAISE_rb47de8f0t.jpg,0,authentic,,,data/preprocessed/crop200_align16/RAISE_rb47de8f0t.png,-23.485353469848633,-4.838384628295898,-14.59768009185791,2.899104118347168,-0.0271759033203125,RAISE
RAISE/r9df074b7t,data/authentic/images/RAISE_r9df074b7t.jpg,0,authentic,,,data/preprocessed/crop200_align16/RAISE_r9df074b7t.png,-29.826730728149418,-3.6069273948669434,-14.90420627593994,-6.0056843757629395,-0.039886474609375,RAISE
RAISE/r2db3db79t,data/authentic/images/RAISE_r2db3db79t.jpg,0,authentic,,,data/preprocessed/crop200_align16/RAISE_r2db3db79t.png,-13.267010688781738,-6.8040337562561035,-8.197436332702637,-10.623685836791992,-0.032379150390625,RAISE
RAISE/ra3d8ad37t,data/authentic/images/RAISE_ra3d8ad37t.jpg,0,authentic,,,data/preprocessed/crop200_align16/RAISE_ra3d8ad37t.png,-29.617393493652344,-3.834908962249756,-9.042235374450684,-8.192216873168945,-0.03369140625,RAISE
RAISE/r65124648t,data/authentic/images/RAISE_r65124648t.jpg,0,authentic,,,data/preprocessed/crop200_align16/RAISE_r65124648t.png,-24.850770950317383,0.0767105817794799,-4.936740398406982,-6.53889274597168,-0.04449462890625,RAISE
RAISE/r9d395b72t,data/authentic/images/RAISE_r9d395b72t.jpg,0,authentic,,,data/preprocessed/crop200_align16/RAISE_r9d395b72t.png,-11.02083683013916,-4.1447930335998535,-3.4853179454803467,-1.4135043621063232,-0.0360107421875,RAISE
RAISE/r81d84a87t,data/authentic/images/RAISE_r81d84a87t.jpg,0,authentic,,,data/preprocessed/crop200_align16/RAISE_r81d84a87t.png,-17.8494873046875,-2.940556526184082,-6.971974849700928,-11.099998474121094,-0.050933837890625,RAISE
RAISE/r7fce61c5t,data/authentic/images/RAISE_r7fce61c5t.jpg,0,authentic,,,data/preprocessed/crop200_align16/RAISE_r7fce61c5t.png,-1.4633880853652954,3.0154776573181152,-5.56593132019043,-6.420094013214111,-0.03912353515625,RAISE
RAISE/re3b83ba2t,data/authentic/images/RAISE_re3b83ba2t.jpg,0,authentic,,,data/preprocessed/crop200_align16/RAISE_re3b83ba2t.png,-8.58268928527832,-3.518965244293213,-6.846606254577637,-13.863123893737791,-0.054656982421875,RAISE
RAISE/r6a688b40t,data/authentic/images/RAISE_r6a688b40t.jpg,0,authentic,,,data/preprocessed/crop200_align16/RAISE_r6a688b40t.png,-15.96761703491211,-2.356295585632324,-1.611177682876587,-3.97066330909729,-0.016693115234375,RAISE
RAISE/rd489873dt,data/authentic/images/RAISE_rd489873dt.jpg,0,authentic,,,data/preprocessed/crop200_align16/RAISE_rd489873dt.png,-9.865050315856934,-4.461446762084961,-9.036698341369627,-12.8972806930542,-0.042327880859375,RAISE
RAISE/r07df029bt,data/authentic/images/RAISE_r07df029bt.jpg,0,authentic,,,data/preprocessed/crop200_align16/RAISE_r07df029bt.png,-26.036922454833984,-0.7123657464981079,-7.274582862854004,-6.873984336853027,-0.0266876220703125,RAISE
RAISE/r7defe377t,data/authentic/images/RAISE_r7defe377t.jpg,0,authentic,,,data/preprocessed/crop200_align16/RAISE_r7defe377t.png,-13.219645500183104,1.5928586721420288,-8.572371482849121,-2.294732093811035,-0.0487060546875,RAISE
RAISE/r530da4d4t,data/authentic/images/RAISE_r530da4d4t.jpg,0,authentic,,,data/preprocessed/crop200_align16/RAISE_r530da4d4t.png,-11.673705101013184,-0.4095243215560913,-2.110757112503052,-1.1228474378585815,-0.0089645385742187,RAISE
RAISE/rfa156216t,data/authentic/images/RAISE_rfa156216t.jpg,0,authentic,,,data/preprocessed/crop200_align16/RAISE_rfa156216t.png,-10.152249336242676,0.5873874425888062,-6.2030029296875,-14.229473114013672,-0.035430908203125,RAISE
RAISE/ra99fedb4t,data/authentic/images/RAISE_ra99fedb4t.jpg,0,authentic,,,data/preprocessed/crop200_align16/RAISE_ra99fedb4t.png,-12.892134666442873,4.050341606140137,-2.121040105819702,-7.147959232330322,-0.035003662109375,RAISE
RAISE/r773f8054t,data/authentic/images/RAISE_r773f8054t.jpg,0,authentic,,,data/preprocessed/crop200_align16/RAISE_r773f8054t.png,-13.557077407836914,-2.0118865966796875,-2.5557167530059814,-7.884110927581787,-0.03472900390625,RAISE
RAISE/r422c5921t,data/authentic/images/RAISE_r422c5921t.jpg,0,authentic,,,data/preprocessed/crop200_align16/RAISE_r422c5921t.png,-2.887099027633667,-2.5834221839904785,-2.370884418487549,-12.375401496887209,-0.0523681640625,RAISE
RAISE/r44f1649at,data/authentic/images/RAISE_r44f1649at.jpg,0,authentic,,,data/preprocessed/crop200_align16/RAISE_r44f1649at.png,-6.657097816467285,0.7085936069488525,-5.022431373596191,-11.266709327697754,-0.05712890625,RAISE
RAISE/r7b7af778t,data/authentic/images/RAISE_r7b7af778t.jpg,0,authentic,,,data/preprocessed/crop200_align16/RAISE_r7b7af778t.png,-21.32366180419922,-9.483587265014648,-10.097869873046877,-4.264193534851074,-0.051239013671875,RAISE
RAISE/rf3fbbe95t,data/authentic/images/RAISE_rf3fbbe95t.jpg,0,authentic,,,data/preprocessed/crop200_align16/RAISE_rf3fbbe95t.png,-10.0498685836792,-3.2285780906677246,0.0323602184653282,-2.3623764514923096,-0.0187225341796875,RAISE
RAISE/rd3300f09t,data/authentic/images/RAISE_rd3300f09t.jpg,0,authentic,,,data/preprocessed/crop200_align16/RAISE_rd3300f09t.png,-21.381534576416016,-2.0090436935424805,-9.258877754211426,-4.418371677398682,-0.0499267578125,RAISE
RAISE/r0a5d7cb6t,data/authentic/images/RAISE_r0a5d7cb6t.jpg,0,authentic,,,data/preprocessed/crop200_align16/RAISE_r0a5d7cb6t.png,-20.441057205200195,-3.012390613555908,-6.957536697387695,-4.055417537689209,-0.0174713134765625,RAISE
RAISE/r1d00d8ect,data/authentic/images/RAISE_r1d00d8ect.jpg,0,authentic,,,data/preprocessed/crop200_align16/RAISE_r1d00d8ect.png,-6.057068824768066,-3.880548477172851,-5.201674938201904,-4.191978931427002,-0.037628173828125,RAISE
RAISE/r775e93f7t,data/authentic/images/RAISE_r775e93f7t.jpg,0,authentic,,,data/preprocessed/crop200_align16/RAISE_r775e93f7t.png,-7.657776355743408,-0.8460139036178589,-12.452744483947754,-16.32237434387207,-0.033111572265625,RAISE
RAISE/r6f9a60dat,data/authentic/images/RAISE_r6f9a60dat.jpg,0,authentic,,,data/preprocessed/crop200_align16/RAISE_r6f9a60dat.png,-14.487910270690918,-3.231696128845215,-5.645022869110107,-7.324848651885986,-0.04327392578125,RAISE
RAISE/r8ff9ad9et,data/authentic/images/RAISE_r8ff9ad9et.jpg,0,authentic,,,data/preprocessed/crop200_align16/RAISE_r8ff9ad9et.png,-11.396563529968262,-7.046443939208984,-2.6776862144470215,-11.797386169433594,-0.044281005859375,RAISE
RAISE/r12cebbd2t,data/authentic/images/RAISE_r12cebbd2t.jpg,0,authentic,,,data/preprocessed/crop200_align16/RAISE_r12cebbd2t.png,-12.485302925109863,-2.0352258682250977,-7.756942272186279,-6.189488887786865,-0.026763916015625,RAISE
RAISE/re6065c91t,data/authentic/images/RAISE_re6065c91t.jpg,0,authentic,,,data/preprocessed/crop200_align16/RAISE_re6065c91t.png,-14.521218299865724,0.7271174192428589,-8.928997993469238,-10.156770706176758,-0.0294952392578125,RAISE
RAISE/r8488c4b6t,data/authentic/images/RAISE_r8488c4b6t.jpg,0,authentic,,,data/preprocessed/crop200_align16/RAISE_r8488c4b6t.png,-18.785381317138672,-3.887881278991699,-5.215020656585693,-6.573854923248291,-0.0295257568359375,RAISE
RAISE/r7dc245a1t,data/authentic/images/RAISE_r7dc245a1t.jpg,0,authentic,,,data/preprocessed/crop200_align16/RAISE_r7dc245a1t.png,-8.340998649597168,-0.6449465751647949,-4.009129047393799,-5.985259056091309,-0.0487060546875,RAISE
RAISE/rc11ffb12t,data/authentic/images/RAISE_rc11ffb12t.jpg,0,authentic,,,data/preprocessed/crop200_align16/RAISE_rc11ffb12t.png,-2.774081230163574,0.8216696977615356,-0.0906569585204124,-9.151901245117188,-0.03472900390625,RAISE
RAISE/r98ed0851t,data/authentic/images/RAISE_r98ed0851t.jpg,0,authentic,,,data/preprocessed/crop200_align16/RAISE_r98ed0851t.png,-11.068429946899414,-5.286799907684326,-7.86081075668335,-6.3139567375183105,-0.045135498046875,RAISE
RAISE/r0b7b1156t,data/authentic/images/RAISE_r0b7b1156t.jpg,0,authentic,,,data/preprocessed/crop200_align16/RAISE_r0b7b1156t.png,4.308044910430908,0.0663651227951049,-1.770844578742981,-2.124908447265625,-0.0112762451171875,RAISE
RAISE/r9550384ft,data/authentic/images/RAISE_r9550384ft.jpg,0,authentic,,,data/preprocessed/crop200_align16/RAISE_r9550384ft.png,-14.190237998962402,-3.768753051757813,-9.26671028137207,-11.507762908935549,-0.051666259765625,RAISE
RAISE/r1a170ddbt,data/authentic/images/RAISE_r1a170ddbt.jpg,0,authentic,,,data/preprocessed/crop200_align16/RAISE_r1a170ddbt.png,-7.5822248458862305,-3.2222938537597656,-4.1045379638671875,-10.057528495788574,-0.046875,RAISE
RAISE/r244acef7t,data/authentic/images/RAISE_r244acef7t.jpg,0,authentic,,,data/preprocessed/crop200_align16/RAISE_r244acef7t.png,-11.932096481323242,-2.312715530395508,-7.520298480987549,-7.7052483558654785,-0.0318603515625,RAISE
RAISE/rde288c08t,data/authentic/images/RAISE_rde288c08t.jpg,0,authentic,,,data/preprocessed/crop200_align16/RAISE_rde288c08t.png,-17.91180419921875,-5.489953517913818,-7.825012683868408,-9.190790176391602,-0.042449951171875,RAISE
RAISE/r31407c4ct,data/authentic/images/RAISE_r31407c4ct.jpg,0,authentic,,,data/preprocessed/crop200_align16/RAISE_r31407c4ct.png,-4.302543640136719,-2.7886219024658203,-3.231403112411499,-10.438405990600586,-0.033355712890625,RAISE
RAISE/rc6fe201at,data/authentic/images/RAISE_rc6fe201at.jpg,0,authentic,,,data/preprocessed/crop200_align16/RAISE_rc6fe201at.png,-35.182037353515625,-2.499821662902832,-11.327898025512695,-11.28438949584961,-0.040069580078125,RAISE
RAISE/rf1408abdt,data/authentic/images/RAISE_rf1408abdt.jpg,0,authentic,,,data/preprocessed/crop200_align16/RAISE_rf1408abdt.png,-12.79411792755127,-0.5141767263412476,-0.0453099608421325,-1.400844931602478,-0.0118408203125,RAISE
RAISE/r6569d553t,data/authentic/images/RAISE_r6569d553t.jpg,0,authentic,,,data/preprocessed/crop200_align16/RAISE_r6569d553t.png,-10.543852806091309,2.2882566452026367,0.0483561046421527,-4.160654067993164,-0.020599365234375,RAISE
RAISE/r4b9d29b8t,data/authentic/images/RAISE_r4b9d29b8t.jpg,0,authentic,,,data/preprocessed/crop200_align16/RAISE_r4b9d29b8t.png,-9.01958179473877,1.609078049659729,-5.925848960876465,-7.726267337799072,-0.0657958984375,RAISE
RAISE/r99101faft,data/authentic/images/RAISE_r99101faft.jpg,0,authentic,,,data/preprocessed/crop200_align16/RAISE_r99101faft.png,-14.28679370880127,-1.3954695463180542,-4.745536804199219,-0.9201421737670898,-0.041473388671875,RAISE
RAISE/r94c5074at,data/authentic/images/RAISE_r94c5074at.jpg,0,authentic,,,data/preprocessed/crop200_align16/RAISE_r94c5074at.png,-28.533830642700195,1.217273831367493,-11.155309677124023,-10.710840225219728,-0.0443115234375,RAISE
RAISE/r5492235bt,data/authentic/images/RAISE_r5492235bt.jpg,0,authentic,,,data/preprocessed/crop200_align16/RAISE_r5492235bt.png,-19.267711639404297,-0.4616259336471557,-7.902904510498047,-10.795538902282717,-0.042938232421875,RAISE
RAISE/r57468cb2t,data/authentic/images/RAISE_r57468cb2t.jpg,0,authentic,,,data/preprocessed/crop200_align16/RAISE_r57468cb2t.png,-12.429353713989258,1.2708863019943235,-1.106892228126526,-3.908529758453369,-0.02142333984375,RAISE
RAISE/r0b07b945t,data/authentic/images/RAISE_r0b07b945t.jpg,0,authentic,,,data/preprocessed/crop200_align16/RAISE_r0b07b945t.png,3.318567991256714,1.4288394451141355,-2.748375177383423,-5.085079669952393,-0.0146865844726562,RAISE
RAISE/ra7232b2ft,data/authentic/images/RAISE_ra7232b2ft.jpg,0,authentic,,,data/preprocessed/crop200_align16/RAISE_ra7232b2ft.png,-13.35253620147705,-10.024855613708496,-16.200607299804688,-10.362966537475586,-0.046630859375,RAISE
RAISE/rab8752fbt,data/authentic/images/RAISE_rab8752fbt.jpg,0,authentic,,,data/preprocessed/crop200_align16/RAISE_rab8752fbt.png,-14.096524238586426,0.9716452360153198,-6.393214225769043,-8.627657890319824,-0.03802490234375,RAISE
RAISE/r19835fbft,data/authentic/images/RAISE_r19835fbft.jpg,0,authentic,,,data/preprocessed/crop200_align16/RAISE_r19835fbft.png,-8.879090309143066,-1.501603603363037,-5.622983455657959,-4.357471942901611,-0.0343017578125,RAISE
RAISE/r22c85aact,data/authentic/images/RAISE_r22c85aact.jpg,0,authentic,,,data/preprocessed/crop200_align16/RAISE_r22c85aact.png,-13.290667533874512,-1.0474237203598022,-12.214485168457031,-12.917715072631836,-0.041717529296875,RAISE
RAISE/rc0eda2cft,data/authentic/images/RAISE_rc0eda2cft.jpg,0,authentic,,,data/preprocessed/crop200_align16/RAISE_rc0eda2cft.png,-2.810490846633911,-0.4848076701164245,-1.1782301664352417,-4.604055404663086,-0.0290069580078125,RAISE
RAISE/ra20632e1t,data/authentic/images/RAISE_ra20632e1t.jpg,0,authentic,,,data/preprocessed/crop200_align16/RAISE_ra20632e1t.png,-11.15351676940918,-1.3672590255737305,-3.874272346496582,-10.209750175476074,-0.039276123046875,RAISE
RAISE/rd156b2a5t,data/authentic/images/RAISE_rd156b2a5t.jpg,0,authentic,,,data/preprocessed/crop200_align16/RAISE_rd156b2a5t.png,-23.931243896484375,-10.22114086151123,-11.962295532226562,-7.061225891113281,-0.0330810546875,RAISE
RAISE/r9eb90a98t,data/authentic/images/RAISE_r9eb90a98t.jpg,0,authentic,,,data/preprocessed/crop200_align16/RAISE_r9eb90a98t.png,-18.210128784179688,0.2635097503662109,-8.626564025878906,-15.324509620666504,-0.054443359375,RAISE
RAISE/r0a42c0f6t,data/authentic/images/RAISE_r0a42c0f6t.jpg,0,authentic,,,data/preprocessed/crop200_align16/RAISE_r0a42c0f6t.png,-17.776893615722656,-7.790474891662598,-7.0882039070129395,-6.738458633422852,-0.050872802734375,RAISE
RAISE/r26c3ec0ct,data/authentic/images/RAISE_r26c3ec0ct.jpg,0,authentic,,,data/preprocessed/crop200_align16/RAISE_r26c3ec0ct.png,-12.34859561920166,-5.828012943267822,-4.078399181365967,-10.107110977172852,-0.027008056640625,RAISE
RAISE/r57384f06t,data/authentic/images/RAISE_r57384f06t.jpg,0,authentic,,,data/preprocessed/crop200_align16/RAISE_r57384f06t.png,-11.022050857543944,-2.1402268409729004,-3.1793196201324463,-3.311777830123902,-0.053619384765625,RAISE
RAISE/r4dddfadbt,data/authentic/images/RAISE_r4dddfadbt.jpg,0,authentic,,,data/preprocessed/crop200_align16/RAISE_r4dddfadbt.png,-5.897278308868408,-1.124679684638977,-1.971342921257019,-7.660638332366943,-0.037628173828125,RAISE
RAISE/r662c01bdt,data/authentic/images/RAISE_r662c01bdt.jpg,0,authentic,,,data/preprocessed/crop200_align16/RAISE_r662c01bdt.png,-11.132688522338867,-1.1129218339920044,-3.840949535369873,-3.7164132595062256,-0.039642333984375,RAISE
RAISE/r622b6cbft,data/authentic/images/RAISE_r622b6cbft.jpg,0,authentic,,,data/preprocessed/crop200_align16/RAISE_r622b6cbft.png,-33.52852249145508,-4.116899013519287,-12.646588325500488,-3.615791082382202,-0.032958984375,RAISE
RAISE/r185929e9t,data/authentic/images/RAISE_r185929e9t.jpg,0,authentic,,,data/preprocessed/crop200_align16/RAISE_r185929e9t.png,1.080568552017212,-2.1590542793273926,1.2826732397079468,-21.14959716796875,-0.03790283203125,RAISE
RAISE/r229fa722t,data/authentic/images/RAISE_r229fa722t.jpg,0,authentic,,,data/preprocessed/crop200_align16/RAISE_r229fa722t.png,-10.154256820678713,-6.315784454345703,-7.717040538787842,-3.3448398113250732,-0.046356201171875,RAISE
RAISE/ra04cbebet,data/authentic/images/RAISE_ra04cbebet.jpg,0,authentic,,,data/preprocessed/crop200_align16/RAISE_ra04cbebet.png,-12.073498725891112,-0.3819116353988647,-3.311404228210449,-10.597702026367188,-0.024810791015625,RAISE
RAISE/r20abcc53t,data/authentic/images/RAISE_r20abcc53t.jpg,0,authentic,,,data/preprocessed/crop200_align16/RAISE_r20abcc53t.png,-22.21522331237793,-0.3978613615036011,-10.890918731689451,-10.324776649475098,-0.039825439453125,RAISE
RAISE/r58bfcffat,data/authentic/images/RAISE_r58bfcffat.jpg,0,authentic,,,data/preprocessed/crop200_align16/RAISE_r58bfcffat.png,-8.137184143066406,0.1692965030670166,-5.701786041259766,-6.106155872344971,-0.02392578125,RAISE
RAISE/r529f6502t,data/authentic/images/RAISE_r529f6502t.jpg,0,authentic,,,data/preprocessed/crop200_align16/RAISE_r529f6502t.png,-3.8234095573425297,0.6228888034820557,-0.9725438356399536,-5.139498233795166,-0.04400634765625,RAISE
RAISE/r9addc6c1t,data/authentic/images/RAISE_r9addc6c1t.jpg,0,authentic,,,data/preprocessed/crop200_align16/RAISE_r9addc6c1t.png,-16.110570907592773,-1.3051178455352783,-8.40814208984375,-11.24936866760254,-0.0298309326171875,RAISE
RAISE/ra95f5efet,data/authentic/images/RAISE_ra95f5efet.jpg,0,authentic,,,data/preprocessed/crop200_align16/RAISE_ra95f5efet.png,-3.940132379531861,2.1622581481933594,1.4565825462341309,-3.063471794128418,-0.025634765625,RAISE
RAISE/r1cad9823t,data/authentic/images/RAISE_r1cad9823t.jpg,0,authentic,,,data/preprocessed/crop200_align16/RAISE_r1cad9823t.png,1.5957026481628418,-1.0610533952713013,-2.968214750289917,-8.07544231414795,-0.040252685546875,RAISE
RAISE/r55d0b9a1t,data/authentic/images/RAISE_r55d0b9a1t.jpg,0,authentic,,,data/preprocessed/crop200_align16/RAISE_r55d0b9a1t.png,-32.108306884765625,-3.951803207397461,-7.713721752166748,-15.009149551391602,-0.03411865234375,RAISE
RAISE/r9d614e15t,data/authentic/images/RAISE_r9d614e15t.jpg,0,authentic,,,data/preprocessed/crop200_align16/RAISE_r9d614e15t.png,-7.398604393005371,-2.547557830810547,-0.4662357866764068,-5.750972747802734,-0.0292816162109375,RAISE
RAISE/r1a7b8c42t,data/authentic/images/RAISE_r1a7b8c42t.jpg,0,authentic,,,data/preprocessed/crop200_align16/RAISE_r1a7b8c42t.png,-7.303122520446777,-2.102324962615967,3.814826488494873,-19.559314727783203,-0.054901123046875,RAISE
RAISE/r2635711at,data/authentic/images/RAISE_r2635711at.jpg,0,authentic,,,data/preprocessed/crop200_align16/RAISE_r2635711at.png,-9.575671195983888,3.654906272888184,-4.869905471801758,-7.772137641906738,-0.021484375,RAISE
RAISE/r9b08456dt,data/authentic/images/RAISE_r9b08456dt.jpg,0,authentic,,,data/preprocessed/crop200_align16/RAISE_r9b08456dt.png,-14.345391273498535,-2.040905475616455,-6.293451309204102,-2.5238893032073975,-0.0506591796875,RAISE
RAISE/r5e4ce8eat,data/authentic/images/RAISE_r5e4ce8eat.jpg,0,authentic,,,data/preprocessed/crop200_align16/RAISE_r5e4ce8eat.png,-8.865757942199707,1.5707989931106567,-0.7450557351112366,-11.629603385925291,-0.039825439453125,RAISE
RAISE/r6eb43941t,data/authentic/images/RAISE_r6eb43941t.jpg,0,authentic,,,data/preprocessed/crop200_align16/RAISE_r6eb43941t.png,-16.19230079650879,-4.315845966339111,-11.560785293579102,-7.433465480804443,-0.03228759765625,RAISE
RAISE/r78261697t,data/authentic/images/RAISE_r78261697t.jpg,0,authentic,,,data/preprocessed/crop200_align16/RAISE_r78261697t.png,-4.5944623947143555,0.4191449284553528,-5.647683620452881,-6.5388641357421875,-0.0325927734375,RAISE
RAISE/r90fc9201t,data/authentic/images/RAISE_r90fc9201t.jpg,0,authentic,,,data/preprocessed/crop200_align16/RAISE_r90fc9201t.png,-28.53883171081543,-2.6000962257385254,-13.572077751159668,-12.655353546142578,-0.042449951171875,RAISE
RAISE/r033daaa0t,data/authentic/images/RAISE_r033daaa0t.jpg,0,authentic,,,data/preprocessed/crop200_align16/RAISE_r033daaa0t.png,-29.198333740234375,-2.814702033996582,-6.710032939910889,-10.287325859069824,-0.0309906005859375,RAISE
RAISE/rb2e9b20et,data/authentic/images/RAISE_rb2e9b20et.jpg,0,authentic,,,data/preprocessed/crop200_align16/RAISE_rb2e9b20et.png,-10.22386074066162,4.0804667472839355,-0.3523041009902954,-9.708704948425291,-0.0333251953125,RAISE
RAISE/r23b8ee7ft,data/authentic/images/RAISE_r23b8ee7ft.jpg,0,authentic,,,data/preprocessed/crop200_align16/RAISE_r23b8ee7ft.png,-1.4104938507080078,0.967851996421814,-6.143162727355957,-15.996556282043455,-0.04437255859375,RAISE
RAISE/rdc3bdbaat,data/authentic/images/RAISE_rdc3bdbaat.jpg,0,authentic,,,data/preprocessed/crop200_align16/RAISE_rdc3bdbaat.png,-36.34189987182617,-2.5968799591064453,-13.726984024047852,-11.705626487731934,-0.02886962890625,RAISE
RAISE/rc7b771d1t,data/authentic/images/RAISE_rc7b771d1t.jpg,0,authentic,,,data/preprocessed/crop200_align16/RAISE_rc7b771d1t.png,-16.276567459106445,-0.6135203838348389,-4.849752902984619,-5.1458916664123535,-0.028228759765625,RAISE
RAISE/re16e9844t,data/authentic/images/RAISE_re16e9844t.jpg,0,authentic,,,data/preprocessed/crop200_align16/RAISE_re16e9844t.png,-11.467859268188477,0.1689683198928833,-4.437602996826172,-9.925704956054688,-0.04638671875,RAISE
RAISE/rf9b6ac8dt,data/authentic/images/RAISE_rf9b6ac8dt.jpg,0,authentic,,,data/preprocessed/crop200_align16/RAISE_rf9b6ac8dt.png,-31.37838363647461,-5.527360916137695,-18.454458236694336,-9.5830659866333,-0.023406982421875,RAISE
RAISE/r1a0f5585t,data/authentic/images/RAISE_r1a0f5585t.jpg,0,authentic,,,data/preprocessed/crop200_align16/RAISE_r1a0f5585t.png,-34.8788948059082,0.2351190447807312,-19.357669830322266,-11.980268478393556,-0.0265350341796875,RAISE
RAISE/rc5676b6dt,data/authentic/images/RAISE_rc5676b6dt.jpg,0,authentic,,,data/preprocessed/crop200_align16/RAISE_rc5676b6dt.png,-4.781829833984375,4.0701189041137695,-1.1009318828582764,-6.269670486450195,-0.0249481201171875,RAISE
RAISE/r645823eft,data/authentic/images/RAISE_r645823eft.jpg,0,authentic,,,data/preprocessed/crop200_align16/RAISE_r645823eft.png,0.2597487568855285,1.7083722352981567,-0.7496660351753235,-1.5820207595825195,-0.007965087890625,RAISE
RAISE/rc549c53at,data/authentic/images/RAISE_rc549c53at.jpg,0,authentic,,,data/preprocessed/crop200_align16/RAISE_rc549c53at.png,-17.146787643432617,0.2878344058990478,-15.458335876464844,-6.5920000076293945,-0.044525146484375,RAISE
RAISE/r28ec0cc3t,data/authentic/images/RAISE_r28ec0cc3t.jpg,0,authentic,,,data/preprocessed/crop200_align16/RAISE_r28ec0cc3t.png,-19.14691734313965,-1.7727447748184204,-5.597089767456055,-4.965369701385498,-0.013763427734375,RAISE
RAISE/r51f7db1bt,data/authentic/images/RAISE_r51f7db1bt.jpg,0,authentic,,,data/preprocessed/crop200_align16/RAISE_r51f7db1bt.png,-27.55762481689453,-5.701333045959473,-9.609174728393556,-6.068813800811768,-0.0233154296875,RAISE
RAISE/r80cebbbet,data/authentic/images/RAISE_r80cebbbet.jpg,0,authentic,,,data/preprocessed/crop200_align16/RAISE_r80cebbbet.png,-1.2847859859466553,-0.9920386075973512,0.3615633249282837,-10.255359649658203,-0.047576904296875,RAISE
RAISE/r6d3e4d68t,data/authentic/images/RAISE_r6d3e4d68t.jpg,0,authentic,,,data/preprocessed/crop200_align16/RAISE_r6d3e4d68t.png,-13.897953033447266,-2.5005898475646973,-4.688200950622559,-2.7216227054595947,-0.054290771484375,RAISE
RAISE/r76dc7392t,data/authentic/images/RAISE_r76dc7392t.jpg,0,authentic,,,data/preprocessed/crop200_align16/RAISE_r76dc7392t.png,-14.658164978027344,-4.146589279174805,-2.8572237491607666,-2.6058332920074463,-0.0202484130859375,RAISE
RAISE/r13073518t,data/authentic/images/RAISE_r13073518t.jpg,0,authentic,,,data/preprocessed/crop200_align16/RAISE_r13073518t.png,-24.08789825439453,-6.360323905944824,-20.27448844909668,-24.180278778076172,-0.042083740234375,RAISE
RAISE/r3a599d9ft,data/authentic/images/RAISE_r3a599d9ft.jpg,0,authentic,,,data/preprocessed/crop200_align16/RAISE_r3a599d9ft.png,-21.97681999206543,-3.0233936309814453,-8.226479530334473,-4.824241638183594,-0.039581298828125,RAISE
RAISE/r043951a3t,data/authentic/images/RAISE_r043951a3t.jpg,0,authentic,,,data/preprocessed/crop200_align16/RAISE_r043951a3t.png,-26.28550720214844,-5.122522354125977,-15.227187156677246,-10.087464332580566,-0.0257720947265625,RAISE
RAISE/r065a0da9t,data/authentic/images/RAISE_r065a0da9t.jpg,0,authentic,,,data/preprocessed/crop200_align16/RAISE_r065a0da9t.png,-21.32222557067871,-1.62506902217865,-15.215822219848633,-13.233978271484377,-0.0567626953125,RAISE
RAISE/r2d588ad7t,data/authentic/images/RAISE_r2d588ad7t.jpg,0,authentic,,,data/preprocessed/crop200_align16/RAISE_r2d588ad7t.png,-10.488158226013184,0.6567126512527466,-5.172878742218018,-8.497374534606934,-0.036834716796875,RAISE
RAISE/rc69ac48dt,data/authentic/images/RAISE_rc69ac48dt.jpg,0,authentic,,,data/preprocessed/crop200_align16/RAISE_rc69ac48dt.png,-11.884268760681152,-2.500623941421509,-3.610683917999267,-5.769586563110352,-0.02728271484375,RAISE
RAISE/reb3e5596t,data/authentic/images/RAISE_reb3e5596t.jpg,0,authentic,,,data/preprocessed/crop200_align16/RAISE_reb3e5596t.png,-0.343027800321579,1.6521013975143433,-0.5525697469711304,-6.600231170654297,-0.022216796875,RAISE
RAISE/re3ddc7det,data/authentic/images/RAISE_re3ddc7det.jpg,0,authentic,,,data/preprocessed/crop200_align16/RAISE_re3ddc7det.png,-10.809544563293455,0.448845624923706,-8.516828536987305,-15.954419136047363,-0.04736328125,RAISE
RAISE/r70e20ef5t,data/authentic/images/RAISE_r70e20ef5t.jpg,0,authentic,,,data/preprocessed/crop200_align16/RAISE_r70e20ef5t.png,-8.555611610412598,1.536903738975525,-2.39447021484375,-6.091111660003662,-0.04949951171875,RAISE
RAISE/r5f41b3e1t,data/authentic/images/RAISE_r5f41b3e1t.jpg,0,authentic,,,data/preprocessed/crop200_align16/RAISE_r5f41b3e1t.png,-6.511264324188232,-0.8386777639389038,-6.955056190490723,-7.922852993011475,-0.038665771484375,RAISE
RAISE/racdfb1b1t,data/authentic/images/RAISE_racdfb1b1t.jpg,0,authentic,,,data/preprocessed/crop200_align16/RAISE_racdfb1b1t.png,-7.188977241516113,-2.9003005027770996,-2.088444232940674,-4.234701633453369,-0.03851318359375,RAISE
RAISE/rd8793e4bt,data/authentic/images/RAISE_rd8793e4bt.jpg,0,authentic,,,data/preprocessed/crop200_align16/RAISE_rd8793e4bt.png,-7.690173149108887,-1.5682512521743774,-7.255804538726807,-11.24870491027832,-0.04083251953125,RAISE
RAISE/r9650ee8dt,data/authentic/images/RAISE_r9650ee8dt.jpg,0,authentic,,,data/preprocessed/crop200_align16/RAISE_r9650ee8dt.png,-9.911237716674805,-1.563783049583435,-0.5698869228363037,-10.490757942199709,-0.03924560546875,RAISE
RAISE/r2261eff5t,data/authentic/images/RAISE_r2261eff5t.jpg,0,authentic,,,data/preprocessed/crop200_align16/RAISE_r2261eff5t.png,-12.929587364196776,2.9715819358825684,-0.7329944968223572,-3.762254238128662,-0.045257568359375,RAISE
RAISE/r419471c0t,data/authentic/images/RAISE_r419471c0t.jpg,0,authentic,,,data/preprocessed/crop200_align16/RAISE_r419471c0t.png,-19.253761291503903,-1.4322993755340576,-6.790554523468018,-8.802709579467773,-0.0401611328125,RAISE
RAISE/rd6ea5be5t,data/authentic/images/RAISE_rd6ea5be5t.jpg,0,authentic,,,data/preprocessed/crop200_align16/RAISE_rd6ea5be5t.png,-8.460387229919434,2.6237778663635254,-0.8671082258224487,-2.00456166267395,-0.02850341796875,RAISE
RAISE/ra542038et,data/authentic/images/RAISE_ra542038et.jpg,0,authentic,,,data/preprocessed/crop200_align16/RAISE_ra542038et.png,-0.9895923137664796,1.2310928106307983,0.1516052931547165,-6.396353244781494,-0.058319091796875,RAISE
RAISE/r49cb97b4t,data/authentic/images/RAISE_r49cb97b4t.jpg,0,authentic,,,data/preprocessed/crop200_align16/RAISE_r49cb97b4t.png,-30.018056869506836,-3.384192943572998,-9.64961051940918,-8.962971687316895,-0.04107666015625,RAISE
RAISE/r6b40a1aft,data/authentic/images/RAISE_r6b40a1aft.jpg,0,authentic,,,data/preprocessed/crop200_align16/RAISE_r6b40a1aft.png,-9.05024242401123,-0.7879077196121216,-9.881596565246582,-9.342689514160156,-0.03485107421875,RAISE
RAISE/rb8f99643t,data/authentic/images/RAISE_rb8f99643t.jpg,0,authentic,,,data/preprocessed/crop200_align16/RAISE_rb8f99643t.png,-8.41398811340332,1.229748249053955,-2.223980188369751,-7.578569412231445,-0.047119140625,RAISE
RAISE/r5a6164c6t,data/authentic/images/RAISE_r5a6164c6t.jpg,0,authentic,,,data/preprocessed/crop200_align16/RAISE_r5a6164c6t.png,-25.655529022216797,0.7351444959640503,-14.786867141723633,-16.01105308532715,-0.040008544921875,RAISE
RAISE/rba31fbaat,data/authentic/images/RAISE_rba31fbaat.jpg,0,authentic,,,data/preprocessed/crop200_align16/RAISE_rba31fbaat.png,-28.373537063598633,-5.190523147583008,-11.679259300231934,-4.89027738571167,-0.0467529296875,RAISE
RAISE/rd0ec4e97t,data/authentic/images/RAISE_rd0ec4e97t.jpg,0,authentic,,,data/preprocessed/crop200_align16/RAISE_rd0ec4e97t.png,-26.54764938354492,-1.90093195438385,-13.377442359924316,-13.728090286254885,-0.04339599609375,RAISE
RAISE/rb068ee73t,data/authentic/images/RAISE_rb068ee73t.jpg,0,authentic,,,data/preprocessed/crop200_align16/RAISE_rb068ee73t.png,-13.329863548278809,-7.240549087524414,-10.044095039367676,-10.47472095489502,-0.028656005859375,RAISE
RAISE/r61611af9t,data/authentic/images/RAISE_r61611af9t.jpg,0,authentic,,,data/preprocessed/crop200_align16/RAISE_r61611af9t.png,-11.584151268005373,-0.4409235715866089,-4.962551593780518,-5.406989097595215,-0.023712158203125,RAISE
RAISE/r23d1f858t,data/authentic/images/RAISE_r23d1f858t.jpg,0,authentic,,,data/preprocessed/crop200_align16/RAISE_r23d1f858t.png,-13.07411766052246,-0.437839150428772,-5.487448215484619,-7.8430681228637695,-0.038848876953125,RAISE
RAISE/rd7513783t,data/authentic/images/RAISE_rd7513783t.jpg,0,authentic,,,data/preprocessed/crop200_align16/RAISE_rd7513783t.png,-37.68906021118164,-3.108506679534912,-42.84610748291016,-37.59209060668945,-0.03472900390625,RAISE
RAISE/r9348b3cet,data/authentic/images/RAISE_r9348b3cet.jpg,0,authentic,,,data/preprocessed/crop200_align16/RAISE_r9348b3cet.png,-4.3781280517578125,3.155834674835205,-1.18003511428833,-1.785475730895996,-0.0090713500976562,RAISE
RAISE/re03af402t,data/authentic/images/RAISE_re03af402t.jpg,0,authentic,,,data/preprocessed/crop200_align16/RAISE_re03af402t.png,-3.02409029006958,4.177437782287598,-3.3980252742767334,-7.687678337097168,-0.03009033203125,RAISE
RAISE/r4dbba042t,data/authentic/images/RAISE_r4dbba042t.jpg,0,authentic,,,data/preprocessed/crop200_align16/RAISE_r4dbba042t.png,-11.783723831176758,-3.6701345443725586,-3.963159322738647,-7.334312438964844,-0.044281005859375,RAISE
Artifact/cycle_gan/st/horse2zebra/img000596,data/fakes/images/Artifact_cycle_gan_st_horse2zebra_img000596.jpg,1,gan,2017-03-30,CycleGAN,data/preprocessed/crop200_align16/Artifact_cycle_gan_st_horse2zebra_img000596.png,-5.273303985595703,0.9716159105300904,-2.653120994567871,-16.734224319458008,-0.0570068359375,fake
Artifact/cycle_gan/st/horse2zebra/img001182,data/fakes/images/Artifact_cycle_gan_st_horse2zebra_img001182.jpg,1,gan,2017-03-30,CycleGAN,data/preprocessed/crop200_align16/Artifact_cycle_gan_st_horse2zebra_img001182.png,-10.158040046691896,-2.1251425743103027,-3.141296148300171,-17.072898864746094,-0.06304931640625,fake
Artifact/cycle_gan/st/horse2zebra/img001208,data/fakes/images/Artifact_cycle_gan_st_horse2zebra_img001208.jpg,1,gan,2017-03-30,CycleGAN,data/preprocessed/crop200_align16/Artifact_cycle_gan_st_horse2zebra_img001208.png,-4.046321392059326,-2.7795910835266113,-1.0955506563186646,-15.406087875366213,-0.049530029296875,fake
Artifact/cycle_gan/st/horse2zebra/img002272,data/fakes/images/Artifact_cycle_gan_st_horse2zebra_img002272.jpg,1,gan,2017-03-30,CycleGAN,data/preprocessed/crop200_align16/Artifact_cycle_gan_st_horse2zebra_img002272.png,-7.291901588439941,1.22406804561615,-0.5367404222488403,-16.94740867614746,-0.053497314453125,fake
Artifact/cycle_gan/st/horse2zebra/img002774,data/fakes/images/Artifact_cycle_gan_st_horse2zebra_img002774.jpg,1,gan,2017-03-30,CycleGAN,data/preprocessed/crop200_align16/Artifact_cycle_gan_st_horse2zebra_img002774.png,-5.986676216125488,-2.752342700958252,5.05339241027832,-12.072980880737305,-0.04010009765625,fake
Artifact/cycle_gan/st/horse2zebra/img004672,data/fakes/images/Artifact_cycle_gan_st_horse2zebra_img004672.jpg,1,gan,2017-03-30,CycleGAN,data/preprocessed/crop200_align16/Artifact_cycle_gan_st_horse2zebra_img004672.png,-5.065563201904297,-2.7126760482788086,0.1841592341661453,-3.625918388366699,-0.0236968994140625,fake
Artifact/cycle_gan/st/monet2photo/img008575,data/fakes/images/Artifact_cycle_gan_st_monet2photo_img008575.jpg,1,gan,2017-03-30,CycleGAN,data/preprocessed/crop200_align16/Artifact_cycle_gan_st_monet2photo_img008575.png,7.058354377746582,4.693164825439453,3.2104437351226807,-14.508806228637695,-0.052154541015625,fake
Artifact/cycle_gan/st/monet2photo/img009065,data/fakes/images/Artifact_cycle_gan_st_monet2photo_img009065.jpg,1,gan,2017-03-30,CycleGAN,data/preprocessed/crop200_align16/Artifact_cycle_gan_st_monet2photo_img009065.png,0.8559942841529846,0.5214347839355469,3.510239839553833,-17.438444137573242,-0.05328369140625,fake
Artifact/cycle_gan/st/monet2photo/img009695,data/fakes/images/Artifact_cycle_gan_st_monet2photo_img009695.jpg,1,gan,2017-03-30,CycleGAN,data/preprocessed/crop200_align16/Artifact_cycle_gan_st_monet2photo_img009695.png,-1.144097089767456,5.8971052169799805,3.58034610748291,-11.230094909667969,-0.0418701171875,fake
Artifact/cycle_gan/st/photo2monet/img012414,data/fakes/images/Artifact_cycle_gan_st_photo2monet_img012414.jpg,1,gan,2017-03-30,CycleGAN,data/preprocessed/crop200_align16/Artifact_cycle_gan_st_photo2monet_img012414.png,0.3648097217082977,2.663629055023194,-0.5641233921051025,-8.076992988586426,-0.046478271484375,fake
Artifact/cycle_gan/st/photo2monet/img012538,data/fakes/images/Artifact_cycle_gan_st_photo2monet_img012538.jpg,1,gan,2017-03-30,CycleGAN,data/preprocessed/crop200_align16/Artifact_cycle_gan_st_photo2monet_img012538.png,1.208117961883545,5.1163763999938965,-1.7612900733947754,-11.341361045837402,-0.058135986328125,fake
Artifact/cycle_gan/st/photo2monet/img014073,data/fakes/images/Artifact_cycle_gan_st_photo2monet_img014073.jpg,1,gan,2017-03-30,CycleGAN,data/preprocessed/crop200_align16/Artifact_cycle_gan_st_photo2monet_img014073.png,-4.180723190307617,2.418405055999756,-6.573502540588379,-16.10683822631836,-0.0538330078125,fake
Forensynths/test/cyclegan/apple/1_fake/n07749192_12721_fake,data/fakes/images/Forensynths_test_cyclegan_apple_1_fake_n07749192_12721_fake.jpg,1,gan,2017-03-30,CycleGAN,data/preprocessed/crop200_align16/Forensynths_test_cyclegan_apple_1_fake_n07749192_12721_fake.png,7.747467994689941,5.73731803894043,13.198105812072754,-12.415496826171877,-0.02740478515625,fake
Forensynths/test/cyclegan/apple/1_fake/n07749192_701_fake,data/fakes/images/Forensynths_test_cyclegan_apple_1_fake_n07749192_701_fake.jpg,1,gan,2017-03-30,CycleGAN,data/preprocessed/crop200_align16/Forensynths_test_cyclegan_apple_1_fake_n07749192_701_fake.png,18.270584106445312,5.624016761779785,17.925880432128906,-15.179729461669922,-0.0290679931640625,fake
Forensynths/test/cyclegan/apple/1_fake/n07749192_9841_fake,data/fakes/images/Forensynths_test_cyclegan_apple_1_fake_n07749192_9841_fake.jpg,1,gan,2017-03-30,CycleGAN,data/preprocessed/crop200_align16/Forensynths_test_cyclegan_apple_1_fake_n07749192_9841_fake.png,1.7188482284545898,9.367145538330078,9.449113845825195,-19.809785842895508,-0.039825439453125,fake
Forensynths/test/cyclegan/orange/1_fake/n07740461_12101_fake,data/fakes/images/Forensynths_test_cyclegan_orange_1_fake_n07740461_12101_fake.jpg,1,gan,2017-03-30,CycleGAN,data/preprocessed/crop200_align16/Forensynths_test_cyclegan_orange_1_fake_n07740461_12101_fake.png,-9.019603729248049,6.5371575355529785,-0.9193907976150512,-5.0035929679870605,-0.0211334228515625,fake
Forensynths/test/cyclegan/summer/1_fake/2016-05-10 15:33:51_fake,data/fakes/images/Forensynths_test_cyclegan_summer_1_fake_2016-05-10 15:33:51_fake.jpg,1,gan,2017-03-30,CycleGAN,data/preprocessed/crop200_align16/Forensynths_test_cyclegan_summer_1_fake_2016-05-10 15:33:51_fake.png,1.4398181438446045,5.651187896728516,6.6677422523498535,-20.533899307250977,-0.05401611328125,fake
Forensynths/test/crn/1_fake/100222_output,data/fakes/images/Forensynths_test_crn_1_fake_100222_output.jpg,1,other,2017-07-28,Cascaded Refinement Networks,data/preprocessed/crop200_align16/Forensynths_test_crn_1_fake_100222_output.png,-13.104867935180664,-8.593615531921387,-5.351745128631592,-8.258713722229004,-0.031158447265625,fake
Forensynths/test/crn/1_fake/100578_output,data/fakes/images/Forensynths_test_crn_1_fake_100578_output.jpg,1,other,2017-07-28,Cascaded Refinement Networks,data/preprocessed/crop200_align16/Forensynths_test_crn_1_fake_100578_output.png,11.051249504089355,-5.233453273773193,4.926385402679443,-5.689716339111328,-0.0285186767578125,fake
Forensynths/test/crn/1_fake/100860_output,data/fakes/images/Forensynths_test_crn_1_fake_100860_output.jpg,1,other,2017-07-28,Cascaded Refinement Networks,data/preprocessed/crop200_align16/Forensynths_test_crn_1_fake_100860_output.png,0.329881876707077,-3.3159356117248535,8.557641983032227,-5.256538391113281,-0.0282440185546875,fake
Forensynths/test/crn/1_fake/101561_output,data/fakes/images/Forensynths_test_crn_1_fake_101561_output.jpg,1,other,2017-07-28,Cascaded Refinement Networks,data/preprocessed/crop200_align16/Forensynths_test_crn_1_fake_101561_output.png,-14.33188247680664,-4.291593551635742,1.6756243705749512,-10.749862670898438,-0.028594970703125,fake
Forensynths/test/crn/1_fake/101729_output,data/fakes/images/Forensynths_test_crn_1_fake_101729_output.jpg,1,other,2017-07-28,Cascaded Refinement Networks,data/preprocessed/crop200_align16/Forensynths_test_crn_1_fake_101729_output.png,8.110095024108887,-7.467467308044434,1.8472169637680056,-9.649284362792969,-0.0307159423828125,fake
Forensynths/test/crn/1_fake/102380_output,data/fakes/images/Forensynths_test_crn_1_fake_102380_output.jpg,1,other,2017-07-28,Cascaded Refinement Networks,data/preprocessed/crop200_align16/Forensynths_test_crn_1_fake_102380_output.png,12.874430656433104,-1.5976698398590088,0.0221988279372453,-4.764960765838623,-0.03302001953125,fake
Forensynths/test/crn/1_fake/102688_output,data/fakes/images/Forensynths_test_crn_1_fake_102688_output.jpg,1,other,2017-07-28,Cascaded Refinement Networks,data/preprocessed/crop200_align16/Forensynths_test_crn_1_fake_102688_output.png,-6.21359920501709,-5.779737949371338,0.2563562393188476,-4.9937744140625,-0.0242919921875,fake
Forensynths/test/crn/1_fake/102738_output,data/fakes/images/Forensynths_test_crn_1_fake_102738_output.jpg,1,other,2017-07-28,Cascaded Refinement Networks,data/preprocessed/crop200_align16/Forensynths_test_crn_1_fake_102738_output.png,-11.068665504455566,-6.197693347930908,0.9293689727783204,-8.240466117858887,-0.031524658203125,fake
Forensynths/test/crn/1_fake/102781_output,data/fakes/images/Forensynths_test_crn_1_fake_102781_output.jpg,1,other,2017-07-28,Cascaded Refinement Networks,data/preprocessed/crop200_align16/Forensynths_test_crn_1_fake_102781_output.png,-2.667890787124634,-8.922548294067383,2.7011899948120117,-10.669687271118164,-0.030120849609375,fake
Forensynths/test/crn/1_fake/102836_output,data/fakes/images/Forensynths_test_crn_1_fake_102836_output.jpg,1,other,2017-07-28,Cascaded Refinement Networks,data/preprocessed/crop200_align16/Forensynths_test_crn_1_fake_102836_output.png,-10.111196517944336,-9.164473533630373,-7.518624782562256,-12.113767623901367,-0.031982421875,fake
Forensynths/test/crn/1_fake/103016_output,data/fakes/images/Forensynths_test_crn_1_fake_103016_output.jpg,1,other,2017-07-28,Cascaded Refinement Networks,data/preprocessed/crop200_align16/Forensynths_test_crn_1_fake_103016_output.png,-3.607496976852417,4.6916913986206055,7.51199197769165,-5.890318870544434,-0.032318115234375,fake
Forensynths/test/crn/1_fake/103024_output,data/fakes/images/Forensynths_test_crn_1_fake_103024_output.jpg,1,other,2017-07-28,Cascaded Refinement Networks,data/preprocessed/crop200_align16/Forensynths_test_crn_1_fake_103024_output.png,3.582918643951416,-4.615156173706055,2.3662712574005127,-5.586580276489258,-0.0218353271484375,fake
Forensynths/test/crn/1_fake/103054_output,data/fakes/images/Forensynths_test_crn_1_fake_103054_output.jpg,1,other,2017-07-28,Cascaded Refinement Networks,data/preprocessed/crop200_align16/Forensynths_test_crn_1_fake_103054_output.png,-6.342313766479492,-4.469057559967041,1.4690662622451782,-10.91490364074707,-0.0418701171875,fake
Forensynths/test/crn/1_fake/103448_output,data/fakes/images/Forensynths_test_crn_1_fake_103448_output.jpg,1,other,2017-07-28,Cascaded Refinement Networks,data/preprocessed/crop200_align16/Forensynths_test_crn_1_fake_103448_output.png,-1.3465029001235962,-4.527346134185791,5.9522480964660645,-12.202596664428713,-0.03607177734375,fake
Forensynths/test/crn/1_fake/103799_output,data/fakes/images/Forensynths_test_crn_1_fake_103799_output.jpg,1,other,2017-07-28,Cascaded Refinement Networks,data/preprocessed/crop200_align16/Forensynths_test_crn_1_fake_103799_output.png,-6.0976691246032715,-5.518802642822266,0.983395516872406,-5.932498455047607,-0.0268096923828125,fake
Forensynths/test/crn/1_fake/105904_output,data/fakes/images/Forensynths_test_crn_1_fake_105904_output.jpg,1,other,2017-07-28,Cascaded Refinement Networks,data/preprocessed/crop200_align16/Forensynths_test_crn_1_fake_105904_output.png,-5.126160144805908,-7.109328746795654,-1.2872809171676636,-7.49975061416626,-0.028778076171875,fake
Forensynths/test/crn/1_fake/106278_output,data/fakes/images/Forensynths_test_crn_1_fake_106278_output.jpg,1,other,2017-07-28,Cascaded Refinement Networks,data/preprocessed/crop200_align16/Forensynths_test_crn_1_fake_106278_output.png,9.72117519378662,-5.597395420074463,5.475858688354492,-9.948972702026367,-0.0301513671875,fake
Artifact/pro_gan/pro/cow/1_fake/img019822,data/fakes/images/Artifact_pro_gan_pro_cow_1_fake_img019822.jpg,1,gan,2017-10-27,ProGAN,data/preprocessed/crop200_align16/Artifact_pro_gan_pro_cow_1_fake_img019822.png,26.286720275878903,1.1341067552566528,15.39418601989746,-23.42473030090332,-0.049591064453125,fake
Artifact/pro_gan/pro/sofa/1_fake/img035421,data/fakes/images/Artifact_pro_gan_pro_sofa_1_fake_img035421.jpg,1,gan,2017-10-27,ProGAN,data/preprocessed/crop200_align16/Artifact_pro_gan_pro_sofa_1_fake_img035421.png,16.635366439819336,5.240581512451172,20.59387969970703,-7.328050136566162,-0.0278778076171875,fake
DDMD/diffusion_model_deepfakes_lsun_bedroom/test/ProGAN/002302,data/fakes/images/DDMD_diffusion_model_deepfakes_lsun_bedroom_test_ProGAN_002302.jpg,1,gan,2017-10-27,ProGAN,data/preprocessed/crop200_align16/DDMD_diffusion_model_deepfakes_lsun_bedroom_test_ProGAN_002302.png,12.74055004119873,-2.2133102416992188,9.514507293701172,0.190192773938179,-0.023712158203125,fake
DDMD/diffusion_model_deepfakes_lsun_bedroom/test/ProGAN/008164,data/fakes/images/DDMD_diffusion_model_deepfakes_lsun_bedroom_test_ProGAN_008164.jpg,1,gan,2017-10-27,ProGAN,data/preprocessed/crop200_align16/DDMD_diffusion_model_deepfakes_lsun_bedroom_test_ProGAN_008164.png,18.030689239501953,3.528641700744629,17.056188583374023,0.6594224572181702,-0.03948974609375,fake
DMimageDetection/test/progan_lsun/bus_13836,data/fakes/images/DMimageDetection_test_progan_lsun_bus_13836.jpg,1,gan,2017-10-27,ProGAN,data/preprocessed/crop200_align16/DMimageDetection_test_progan_lsun_bus_13836.png,17.049604415893555,1.8315497636795044,26.751386642456055,-11.756693840026855,-0.030487060546875,fake
DMimageDetection/test/progan_lsun/car_02617,data/fakes/images/DMimageDetection_test_progan_lsun_car_02617.jpg,1,gan,2017-10-27,ProGAN,data/preprocessed/crop200_align16/DMimageDetection_test_progan_lsun_car_02617.png,30.914527893066406,11.189581871032717,31.04289436340332,-2.506348133087158,-0.0255889892578125,fake
DMimageDetection/test/progan_lsun/cat_00642,data/fakes/images/DMimageDetection_test_progan_lsun_cat_00642.jpg,1,gan,2017-10-27,ProGAN,data/preprocessed/crop200_align16/DMimageDetection_test_progan_lsun_cat_00642.png,23.322784423828125,11.408732414245604,27.95390892028809,-12.17785930633545,-0.0306243896484375,fake
DMimageDetection/test/progan_lsun/cat_00807,data/fakes/images/DMimageDetection_test_progan_lsun_cat_00807.jpg,1,gan,2017-10-27,ProGAN,data/preprocessed/crop200_align16/DMimageDetection_test_progan_lsun_cat_00807.png,31.25756072998047,9.228352546691896,35.25495147705078,-19.81931495666504,-0.040191650390625,fake
DMimageDetection/test/progan_lsun/cow_00807,data/fakes/images/DMimageDetection_test_progan_lsun_cow_00807.jpg,1,gan,2017-10-27,ProGAN,data/preprocessed/crop200_align16/DMimageDetection_test_progan_lsun_cow_00807.png,26.78990364074707,13.467719078063965,30.8531436920166,-22.354333877563477,-0.04547119140625,fake
DMimageDetection/test/progan_lsun/diningtable_11308,data/fakes/images/DMimageDetection_test_progan_lsun_diningtable_11308.jpg,1,gan,2017-10-27,ProGAN,data/preprocessed/crop200_align16/DMimageDetection_test_progan_lsun_diningtable_11308.png,26.969411849975582,7.691718101501465,24.19251823425293,-14.18936538696289,-0.03369140625,fake
DMimageDetection/test/progan_lsun/tvmonitor_18267,data/fakes/images/DMimageDetection_test_progan_lsun_tvmonitor_18267.jpg,1,gan,2017-10-27,ProGAN,data/preprocessed/crop200_align16/DMimageDetection_test_progan_lsun_tvmonitor_18267.png,21.664560317993164,10.62158203125,25.14859390258789,-16.147361755371094,-0.03448486328125,fake
Forensynths/progan_valid/pottedplant/1_fake/00592,data/fakes/images/Forensynths_progan_valid_pottedplant_1_fake_00592.jpg,1,gan,2017-10-27,ProGAN,data/preprocessed/crop200_align16/Forensynths_progan_valid_pottedplant_1_fake_00592.png,7.484572410583496,9.53647804260254,12.17426872253418,-14.967787742614746,-0.049835205078125,fake
Forensynths/test/progan/chair/1_fake/17289,data/fakes/images/Forensynths_test_progan_chair_1_fake_17289.jpg,1,gan,2017-10-27,ProGAN,data/preprocessed/crop200_align16/Forensynths_test_progan_chair_1_fake_17289.png,28.347026824951172,8.54655933380127,30.56521797180176,-5.1973347663879395,-0.0186614990234375,fake
Forensynths/test/progan/cow/1_fake/15908,data/fakes/images/Forensynths_test_progan_cow_1_fake_15908.jpg,1,gan,2017-10-27,ProGAN,data/preprocessed/crop200_align16/Forensynths_test_progan_cow_1_fake_15908.png,22.63128662109375,12.408035278320312,19.04624366760254,-17.898035049438477,-0.060821533203125,fake
Forensynths/test/progan/horse/1_fake/06154,data/fakes/images/Forensynths_test_progan_horse_1_fake_06154.jpg,1,gan,2017-10-27,ProGAN,data/preprocessed/crop200_align16/Forensynths_test_progan_horse_1_fake_06154.png,40.759376525878906,11.47230625152588,30.99266242980957,-14.621088981628418,-0.04608154296875,fake
Forensynths/test/progan/horse/1_fake/13527,data/fakes/images/Forensynths_test_progan_horse_1_fake_13527.jpg,1,gan,2017-10-27,ProGAN,data/preprocessed/crop200_align16/Forensynths_test_progan_horse_1_fake_13527.png,19.7292423248291,5.075005531311035,21.660194396972656,-20.386240005493164,-0.054962158203125,fake
Forensynths/test/progan/sheep/1_fake/03527,data/fakes/images/Forensynths_test_progan_sheep_1_fake_03527.jpg,1,gan,2017-10-27,ProGAN,data/preprocessed/crop200_align16/Forensynths_test_progan_sheep_1_fake_03527.png,21.16269302368164,12.649354934692385,30.034387588500977,-16.07124900817871,-0.035919189453125,fake
Artifact/star_gan/star/stargan/Black_Hair/img000074,data/fakes/images/Artifact_star_gan_star_stargan_Black_Hair_img000074.jpg,1,gan,2017-11-24,StarGAN,data/preprocessed/crop200_align16/Artifact_star_gan_star_stargan_Black_Hair_img000074.png,0.6538084745407104,-0.5933281183242798,-0.1380439400672912,0.3708692491054535,-0.01629638671875,fake
Artifact/star_gan/star/stargan/Black_Hair/img000183,data/fakes/images/Artifact_star_gan_star_stargan_Black_Hair_img000183.jpg,1,gan,2017-11-24,StarGAN,data/preprocessed/crop200_align16/Artifact_star_gan_star_stargan_Black_Hair_img000183.png,-0.0857471451163292,-4.39410924911499,2.623140335083008,3.6556336879730225,-0.0200347900390625,fake
Artifact/star_gan/star/stargan/Black_Hair/img000572,data/fakes/images/Artifact_star_gan_star_stargan_Black_Hair_img000572.jpg,1,gan,2017-11-24,StarGAN,data/preprocessed/crop200_align16/Artifact_star_gan_star_stargan_Black_Hair_img000572.png,2.497075319290161,5.019216537475586,0.1345043033361435,-3.0583951473236084,-0.0291900634765625,fake
Artifact/star_gan/star/stargan/Black_Hair/img000597,data/fakes/images/Artifact_star_gan_star_stargan_Black_Hair_img000597.jpg,1,gan,2017-11-24,StarGAN,data/preprocessed/crop200_align16/Artifact_star_gan_star_stargan_Black_Hair_img000597.png,-4.323136329650879,6.128229141235352,-2.6430203914642334,-2.052639961242676,-0.0244598388671875,fake
Artifact/star_gan/star/stargan/Black_Hair/img001043,data/fakes/images/Artifact_star_gan_star_stargan_Black_Hair_img001043.jpg,1,gan,2017-11-24,StarGAN,data/preprocessed/crop200_align16/Artifact_star_gan_star_stargan_Black_Hair_img001043.png,3.447718381881714,4.881945610046387,2.1139914989471436,2.021767854690552,-0.019134521484375,fake
Artifact/star_gan/star/stargan/Blond_Hair/img003258,data/fakes/images/Artifact_star_gan_star_stargan_Blond_Hair_img003258.jpg,1,gan,2017-11-24,StarGAN,data/preprocessed/crop200_align16/Artifact_star_gan_star_stargan_Blond_Hair_img003258.png,-0.786411464214325,0.6209648847579956,4.66550874710083,-1.542436957359314,-0.025482177734375,fake
Artifact/star_gan/star/stargan/Brown_Hair/img004499,data/fakes/images/Artifact_star_gan_star_stargan_Brown_Hair_img004499.jpg,1,gan,2017-11-24,StarGAN,data/preprocessed/crop200_align16/Artifact_star_gan_star_stargan_Brown_Hair_img004499.png,4.506093978881836,2.616389274597168,3.802003860473633,-0.4782756865024566,-0.0209808349609375,fake
Artifact/star_gan/star/stargan/Brown_Hair/img005078,data/fakes/images/Artifact_star_gan_star_stargan_Brown_Hair_img005078.jpg,1,gan,2017-11-24,StarGAN,data/preprocessed/crop200_align16/Artifact_star_gan_star_stargan_Brown_Hair_img005078.png,-6.441409111022949,2.694796562194824,2.3092405796051025,1.7083277702331543,-0.023468017578125,fake
Artifact/star_gan/star/stargan/Male/img006697,data/fakes/images/Artifact_star_gan_star_stargan_Male_img006697.jpg,1,gan,2017-11-24,StarGAN,data/preprocessed/crop200_align16/Artifact_star_gan_star_stargan_Male_img006697.png,-1.4945517778396606,9.185712814331056,0.4012158215045929,-3.1506731510162354,-0.022796630859375,fake
Artifact/star_gan/star/stargan/Male/img007155,data/fakes/images/Artifact_star_gan_star_stargan_Male_img007155.jpg,1,gan,2017-11-24,StarGAN,data/preprocessed/crop200_align16/Artifact_star_gan_star_stargan_Male_img007155.png,-8.113465309143066,1.3817895650863647,-0.8393600583076477,-1.4596530199050903,-0.03326416015625,fake
Artifact/star_gan/star/stargan/Male/img007993,data/fakes/images/Artifact_star_gan_star_stargan_Male_img007993.jpg,1,gan,2017-11-24,StarGAN,data/preprocessed/crop200_align16/Artifact_star_gan_star_stargan_Male_img007993.png,-2.108006715774536,3.3107118606567383,-1.0388240814208984,-1.0137144327163696,-0.026336669921875,fake
Artifact/star_gan/star/stargan/Young/img008040,data/fakes/images/Artifact_star_gan_star_stargan_Young_img008040.jpg,1,gan,2017-11-24,StarGAN,data/preprocessed/crop200_align16/Artifact_star_gan_star_stargan_Young_img008040.png,-4.557629108428955,3.248716354370117,-5.426777362823486,-3.8332905769348145,-0.0293121337890625,fake
Artifact/star_gan/star/stargan/Young/img008330,data/fakes/images/Artifact_star_gan_star_stargan_Young_img008330.jpg,1,gan,2017-11-24,StarGAN,data/preprocessed/crop200_align16/Artifact_star_gan_star_stargan_Young_img008330.png,-5.215065002441406,5.928300380706787,0.1271650344133377,1.1955171823501587,-0.023834228515625,fake
Forensynths/test/stargan/1_fake/0970,data/fakes/images/Forensynths_test_stargan_1_fake_0970.jpg,1,gan,2017-11-24,StarGAN,data/preprocessed/crop200_align16/Forensynths_test_stargan_1_fake_0970.png,0.0287881419062614,1.9621244668960571,4.317895412445068,1.1098361015319824,-0.0289306640625,fake
Forensynths/test/stargan/1_fake/1133,data/fakes/images/Forensynths_test_stargan_1_fake_1133.jpg,1,gan,2017-11-24,StarGAN,data/preprocessed/crop200_align16/Forensynths_test_stargan_1_fake_1133.png,-5.3177947998046875,1.638957381248474,4.727285385131836,2.3047385215759277,-0.0198211669921875,fake
Forensynths/test/stargan/1_fake/1674,data/fakes/images/Forensynths_test_stargan_1_fake_1674.jpg,1,gan,2017-11-24,StarGAN,data/preprocessed/crop200_align16/Forensynths_test_stargan_1_fake_1674.png,7.081644058227539,1.9816097021102903,1.016176700592041,-4.119457244873047,-0.034088134765625,fake
Forensynths/test/stargan/1_fake/1807,data/fakes/images/Forensynths_test_stargan_1_fake_1807.jpg,1,gan,2017-11-24,StarGAN,data/preprocessed/crop200_align16/Forensynths_test_stargan_1_fake_1807.png,2.0024518966674805,3.7413058280944824,5.059292316436768,-5.372054100036621,-0.0297698974609375,fake
Artifact/generative_inpainting/gc-in/gcinpaint-cutout-data/img000925,data/fakes/images/Artifact_generative_inpainting_gc-in_gcinpaint-cutout-data_img000925.jpg,1,inpainting,2018-06-10,SN-PatchGAN,data/preprocessed/crop200_align16/Artifact_generative_inpainting_gc-in_gcinpaint-cutout-data_img000925.png,-9.379542350769045,-0.9079797267913818,-5.397349834442139,-7.628615856170654,-0.040252685546875,fake
Artifact/generative_inpainting/gc-in/gcinpaint-cutout-data/img002370,data/fakes/images/Artifact_generative_inpainting_gc-in_gcinpaint-cutout-data_img002370.jpg,1,inpainting,2018-06-10,SN-PatchGAN,data/preprocessed/crop200_align16/Artifact_generative_inpainting_gc-in_gcinpaint-cutout-data_img002370.png,-10.736391067504885,-4.19760274887085,-7.515953063964844,-6.988845348358154,-0.050994873046875,fake
Artifact/generative_inpainting/gc-in/gcinpaint-cutout-data/img002885,data/fakes/images/Artifact_generative_inpainting_gc-in_gcinpaint-cutout-data_img002885.jpg,1,inpainting,2018-06-10,SN-PatchGAN,data/preprocessed/crop200_align16/Artifact_generative_inpainting_gc-in_gcinpaint-cutout-data_img002885.png,-15.929301261901855,-10.124899864196776,-4.599640846252441,-19.093097686767575,-0.050201416015625,fake
Artifact/generative_inpainting/gc-in/gcinpaint-cutout-data/img003733,data/fakes/images/Artifact_generative_inpainting_gc-in_gcinpaint-cutout-data_img003733.jpg,1,inpainting,2018-06-10,SN-PatchGAN,data/preprocessed/crop200_align16/Artifact_generative_inpainting_gc-in_gcinpaint-cutout-data_img003733.png,-16.632518768310547,-5.36433744430542,-15.86674976348877,-3.085827112197876,-0.056365966796875,fake
Artifact/generative_inpainting/gc-in/gcinpaint-cutout-data/img004614,data/fakes/images/Artifact_generative_inpainting_gc-in_gcinpaint-cutout-data_img004614.jpg,1,inpainting,2018-06-10,SN-PatchGAN,data/preprocessed/crop200_align16/Artifact_generative_inpainting_gc-in_gcinpaint-cutout-data_img004614.png,-25.01512908935547,-2.4032678604125977,-10.022796630859377,-12.330702781677246,-0.0479736328125,fake
Artifact/generative_inpainting/gc-in/gcinpaint-cutout-data/img006377,data/fakes/images/Artifact_generative_inpainting_gc-in_gcinpaint-cutout-data_img006377.jpg,1,inpainting,2018-06-10,SN-PatchGAN,data/preprocessed/crop200_align16/Artifact_generative_inpainting_gc-in_gcinpaint-cutout-data_img006377.png,-2.757638931274414,-5.594782829284668,-5.304306983947754,-18.824291229248047,-0.064453125,fake
Artifact/generative_inpainting/gc-in/gcinpaint-cutout-data/img006963,data/fakes/images/Artifact_generative_inpainting_gc-in_gcinpaint-cutout-data_img006963.jpg,1,inpainting,2018-06-10,SN-PatchGAN,data/preprocessed/crop200_align16/Artifact_generative_inpainting_gc-in_gcinpaint-cutout-data_img006963.png,-25.34649658203125,-7.678126335144043,-15.794084548950195,-16.01503562927246,-0.048309326171875,fake
Artifact/generative_inpainting/gc-in/gcinpaint-cutout-data/img007005,data/fakes/images/Artifact_generative_inpainting_gc-in_gcinpaint-cutout-data_img007005.jpg,1,inpainting,2018-06-10,SN-PatchGAN,data/preprocessed/crop200_align16/Artifact_generative_inpainting_gc-in_gcinpaint-cutout-data_img007005.png,-24.566139221191406,-6.685497283935547,-23.805112838745117,-1.5719060897827148,-0.03973388671875,fake
Artifact/generative_inpainting/gc-in/gcinpaint-cutout-data/img007159,data/fakes/images/Artifact_generative_inpainting_gc-in_gcinpaint-cutout-data_img007159.jpg,1,inpainting,2018-06-10,SN-PatchGAN,data/preprocessed/crop200_align16/Artifact_generative_inpainting_gc-in_gcinpaint-cutout-data_img007159.png,-24.377750396728516,-4.502050876617432,-18.845043182373047,-12.548030853271484,-0.034698486328125,fake
Artifact/generative_inpainting/gc-in/gcinpaint-cutout-data/img008439,data/fakes/images/Artifact_generative_inpainting_gc-in_gcinpaint-cutout-data_img008439.jpg,1,inpainting,2018-06-10,SN-PatchGAN,data/preprocessed/crop200_align16/Artifact_generative_inpainting_gc-in_gcinpaint-cutout-data_img008439.png,-20.312808990478516,-0.8421119451522827,-11.702106475830078,-8.83159065246582,-0.04486083984375,fake
Artifact/generative_inpainting/gc-in/gcinpaint-cutout-data/img012121,data/fakes/images/Artifact_generative_inpainting_gc-in_gcinpaint-cutout-data_img012121.jpg,1,inpainting,2018-06-10,SN-PatchGAN,data/preprocessed/crop200_align16/Artifact_generative_inpainting_gc-in_gcinpaint-cutout-data_img012121.png,-20.73365592956543,-2.5240063667297363,-4.82607364654541,-10.854864120483398,-0.053192138671875,fake
Artifact/generative_inpainting/gc-in/gcinpaint-cutout-data/img014858,data/fakes/images/Artifact_generative_inpainting_gc-in_gcinpaint-cutout-data_img014858.jpg,1,inpainting,2018-06-10,SN-PatchGAN,data/preprocessed/crop200_align16/Artifact_generative_inpainting_gc-in_gcinpaint-cutout-data_img014858.png,-22.229415893554688,-5.72449254989624,-17.978416442871094,-15.16797924041748,-0.03521728515625,fake
Artifact/generative_inpainting/gc-in/gcinpaint-cutout-data/img015054,data/fakes/images/Artifact_generative_inpainting_gc-in_gcinpaint-cutout-data_img015054.jpg,1,inpainting,2018-06-10,SN-PatchGAN,data/preprocessed/crop200_align16/Artifact_generative_inpainting_gc-in_gcinpaint-cutout-data_img015054.png,-14.907374382019045,-5.269812107086182,-9.217690467834473,-4.642477035522461,-0.031768798828125,fake
Artifact/generative_inpainting/gc-in/gcinpaint-cutout-data/img015966,data/fakes/images/Artifact_generative_inpainting_gc-in_gcinpaint-cutout-data_img015966.jpg,1,inpainting,2018-06-10,SN-PatchGAN,data/preprocessed/crop200_align16/Artifact_generative_inpainting_gc-in_gcinpaint-cutout-data_img015966.png,-23.356592178344727,-3.647141456604004,-18.694684982299805,-17.22018051147461,-0.0389404296875,fake
Artifact/generative_inpainting/gc-in/gcinpaint-cutout-data/img016377,data/fakes/images/Artifact_generative_inpainting_gc-in_gcinpaint-cutout-data_img016377.jpg,1,inpainting,2018-06-10,SN-PatchGAN,data/preprocessed/crop200_align16/Artifact_generative_inpainting_gc-in_gcinpaint-cutout-data_img016377.png,-22.666812896728516,-5.369810581207275,-7.954801559448242,-4.574481964111328,-0.04620361328125,fake
Artifact/generative_inpainting/gc-in/gcinpaint-cutout-data/img017976,data/fakes/images/Artifact_generative_inpainting_gc-in_gcinpaint-cutout-data_img017976.jpg,1,inpainting,2018-06-10,SN-PatchGAN,data/preprocessed/crop200_align16/Artifact_generative_inpainting_gc-in_gcinpaint-cutout-data_img017976.png,-17.7600040435791,-4.51996374130249,-22.26763343811035,-15.129131317138672,-0.0254974365234375,fake
Artifact/generative_inpainting/gc-in/gcinpaint-cutout-data/img018301,data/fakes/images/Artifact_generative_inpainting_gc-in_gcinpaint-cutout-data_img018301.jpg,1,inpainting,2018-06-10,SN-PatchGAN,data/preprocessed/crop200_align16/Artifact_generative_inpainting_gc-in_gcinpaint-cutout-data_img018301.png,-13.56521987915039,-4.9137396812438965,-8.796537399291992,-9.27725315093994,-0.03778076171875,fake
Artifact/big_gan/big/biggan-data/126/img000314,data/fakes/images/Artifact_big_gan_big_biggan-data_126_img000314.jpg,1,gan,2018-09-28,BigGAN,data/preprocessed/crop200_align16/Artifact_big_gan_big_biggan-data_126_img000314.png,-6.077032089233398,-1.03124737739563,2.7744944095611572,0.3696373105049133,-0.0222320556640625,fake
Artifact/big_gan/big/biggan-data/199/img001114,data/fakes/images/Artifact_big_gan_big_biggan-data_199_img001114.jpg,1,gan,2018-09-28,BigGAN,data/preprocessed/crop200_align16/Artifact_big_gan_big_biggan-data_199_img001114.png,0.8194910883903503,-5.815013408660889,1.290385127067566,-9.171319961547852,-0.036865234375,fake
Artifact/big_gan/big/biggan-data/326/img002531,data/fakes/images/Artifact_big_gan_big_biggan-data_326_img002531.jpg,1,gan,2018-09-28,BigGAN,data/preprocessed/crop200_align16/Artifact_big_gan_big_biggan-data_326_img002531.png,3.327049493789673,-2.0204310417175293,5.700422763824463,-1.1816693544387815,-0.024627685546875,fake
Artifact/big_gan/big/biggan-data/342/img002714,data/fakes/images/Artifact_big_gan_big_biggan-data_342_img002714.jpg,1,gan,2018-09-28,BigGAN,data/preprocessed/crop200_align16/Artifact_big_gan_big_biggan-data_342_img002714.png,-6.636923789978027,-2.925652503967285,-1.653431415557861,-8.859856605529785,-0.04705810546875,fake
Artifact/big_gan/big/biggan-data/407/img003432,data/fakes/images/Artifact_big_gan_big_biggan-data_407_img003432.jpg,1,gan,2018-09-28,BigGAN,data/preprocessed/crop200_align16/Artifact_big_gan_big_biggan-data_407_img003432.png,-16.567947387695312,-2.940573215484619,-1.368929743766785,-0.4939578175544739,-0.0267181396484375,fake
Artifact/big_gan/big/biggan-data/542/img004935,data/fakes/images/Artifact_big_gan_big_biggan-data_542_img004935.jpg,1,gan,2018-09-28,BigGAN,data/preprocessed/crop200_align16/Artifact_big_gan_big_biggan-data_542_img004935.png,-6.437040328979492,4.178509712219238,0.647878110408783,-4.266482830047607,-0.0277252197265625,fake
Artifact/big_gan/big/biggan-data/609/img005673,data/fakes/images/Artifact_big_gan_big_biggan-data_609_img005673.jpg,1,gan,2018-09-28,BigGAN,data/preprocessed/crop200_align16/Artifact_big_gan_big_biggan-data_609_img005673.png,-1.9063466787338257,-4.616677284240723,1.451077938079834,-3.691460132598877,-0.03216552734375,fake
Artifact/big_gan/big/biggan-data/618/img005779,data/fakes/images/Artifact_big_gan_big_biggan-data_618_img005779.jpg,1,gan,2018-09-28,BigGAN,data/preprocessed/crop200_align16/Artifact_big_gan_big_biggan-data_618_img005779.png,7.676748275756836,3.499149799346924,3.345837116241455,1.1697609424591064,-0.0219573974609375,fake
Artifact/big_gan/big/biggan-data/64/img006012,data/fakes/images/Artifact_big_gan_big_biggan-data_64_img006012.jpg,1,gan,2018-09-28,BigGAN,data/preprocessed/crop200_align16/Artifact_big_gan_big_biggan-data_64_img006012.png,-2.988987922668457,1.5661455392837524,-1.234389305114746,-0.4383108019828796,-0.03033447265625,fake
Artifact/big_gan/big/biggan-data/894/img008838,data/fakes/images/Artifact_big_gan_big_biggan-data_894_img008838.jpg,1,gan,2018-09-28,BigGAN,data/preprocessed/crop200_align16/Artifact_big_gan_big_biggan-data_894_img008838.png,7.18168830871582,1.1097508668899536,0.7559590935707092,-2.6151959896087646,-0.0212249755859375,fake
DMimageDetection/test/biggan_256/biggan_441_950765,data/fakes/images/DMimageDetection_test_biggan_256_biggan_441_950765.jpg,1,gan,2018-09-28,BigGAN,data/preprocessed/crop200_align16/DMimageDetection_test_biggan_256_biggan_441_950765.png,-16.217971801757812,-0.9653735756874084,2.809903621673584,-5.450739860534668,-0.028076171875,fake
DMimageDetection/test/biggan_512/biggan_173_832347,data/fakes/images/DMimageDetection_test_biggan_512_biggan_173_832347.jpg,1,gan,2018-09-28,BigGAN,data/preprocessed/crop200_align16/DMimageDetection_test_biggan_512_biggan_173_832347.png,12.55048656463623,4.564719200134277,10.89536476135254,-11.659789085388184,-0.049896240234375,fake
DMimageDetection/test/biggan_512/biggan_221_561098,data/fakes/images/DMimageDetection_test_biggan_512_biggan_221_561098.jpg,1,gan,2018-09-28,BigGAN,data/preprocessed/crop200_align16/DMimageDetection_test_biggan_512_biggan_221_561098.png,-6.4636759757995605,0.194264531135559,-6.714777946472168,-7.503268718719482,-0.03179931640625,fake
Forensynths/test/biggan/1_fake/00087914,data/fakes/images/Forensynths_test_biggan_1_fake_00087914.jpg,1,gan,2018-09-28,BigGAN,data/preprocessed/crop200_align16/Forensynths_test_biggan_1_fake_00087914.png,-9.94770336151123,7.299295425415039,8.708468437194824,-6.985395431518555,-0.036956787109375,fake
Forensynths/test/biggan/1_fake/00168052,data/fakes/images/Forensynths_test_biggan_1_fake_00168052.jpg,1,gan,2018-09-28,BigGAN,data/preprocessed/crop200_align16/Forensynths_test_biggan_1_fake_00168052.png,-1.406878113746643,7.840648651123047,6.811486721038818,-14.388017654418944,-0.054718017578125,fake
Forensynths/test/biggan/1_fake/00206642,data/fakes/images/Forensynths_test_biggan_1_fake_00206642.jpg,1,gan,2018-09-28,BigGAN,data/preprocessed/crop200_align16/Forensynths_test_biggan_1_fake_00206642.png,3.997581720352173,4.36814546585083,8.509224891662598,-4.852432727813721,-0.032745361328125,fake
Forensynths/test/biggan/1_fake/00470373,data/fakes/images/Forensynths_test_biggan_1_fake_00470373.jpg,1,gan,2018-09-28,BigGAN,data/preprocessed/crop200_align16/Forensynths_test_biggan_1_fake_00470373.png,-7.1380462646484375,6.241235733032227,10.315526962280272,-7.094951629638672,-0.049468994140625,fake
Forensynths/test/imle/1_fake/00100064,data/fakes/images/Forensynths_test_imle_1_fake_00100064.jpg,1,other,2018-11-29,IMLE,data/preprocessed/crop200_align16/Forensynths_test_imle_1_fake_00100064.png,8.33073902130127,-1.6105819940567017,0.1093654260039329,-11.653068542480469,-0.032684326171875,fake
Forensynths/test/imle/1_fake/00100076,data/fakes/images/Forensynths_test_imle_1_fake_00100076.jpg,1,other,2018-11-29,IMLE,data/preprocessed/crop200_align16/Forensynths_test_imle_1_fake_00100076.png,-5.220243453979492,1.883306622505188,0.3950328230857849,-9.169718742370604,-0.0269927978515625,fake
Forensynths/test/imle/1_fake/00100173,data/fakes/images/Forensynths_test_imle_1_fake_00100173.jpg,1,other,2018-11-29,IMLE,data/preprocessed/crop200_align16/Forensynths_test_imle_1_fake_00100173.png,11.173285484313965,-6.388378620147705,0.6755910515785217,-7.406433582305908,-0.03521728515625,fake
Forensynths/test/imle/1_fake/00100356,data/fakes/images/Forensynths_test_imle_1_fake_00100356.jpg,1,other,2018-11-29,IMLE,data/preprocessed/crop200_align16/Forensynths_test_imle_1_fake_00100356.png,-0.625786542892456,-1.5429414510726929,3.0586984157562256,-7.466524124145508,-0.02520751953125,fake
Forensynths/test/imle/1_fake/00100930,data/fakes/images/Forensynths_test_imle_1_fake_00100930.jpg,1,other,2018-11-29,IMLE,data/preprocessed/crop200_align16/Forensynths_test_imle_1_fake_00100930.png,3.3045358657836914,-7.520711898803711,1.0384637117385864,-8.573036193847656,-0.033172607421875,fake
Forensynths/test/imle/1_fake/00101070,data/fakes/images/Forensynths_test_imle_1_fake_00101070.jpg,1,other,2018-11-29,IMLE,data/preprocessed/crop200_align16/Forensynths_test_imle_1_fake_00101070.png,3.46303129196167,1.8174365758895872,4.3235955238342285,-2.598750352859497,-0.0265655517578125,fake
Forensynths/test/imle/1_fake/00102302,data/fakes/images/Forensynths_test_imle_1_fake_00102302.jpg,1,other,2018-11-29,IMLE,data/preprocessed/crop200_align16/Forensynths_test_imle_1_fake_00102302.png,11.073529243469238,-1.505434274673462,2.6821749210357666,-4.0536580085754395,-0.024139404296875,fake
Forensynths/test/imle/1_fake/00102689,data/fakes/images/Forensynths_test_imle_1_fake_00102689.jpg,1,other,2018-11-29,IMLE,data/preprocessed/crop200_align16/Forensynths_test_imle_1_fake_00102689.png,-13.725518226623535,-8.820301055908203,-0.4224103391170501,-4.6144609451293945,-0.03216552734375,fake
Forensynths/test/imle/1_fake/00103009,data/fakes/images/Forensynths_test_imle_1_fake_00103009.jpg,1,other,2018-11-29,IMLE,data/preprocessed/crop200_align16/Forensynths_test_imle_1_fake_00103009.png,6.463684558868408,6.3057050704956055,4.224222660064697,-6.333974838256836,-0.0274200439453125,fake
Forensynths/test/imle/1_fake/00103534,data/fakes/images/Forensynths_test_imle_1_fake_00103534.jpg,1,other,2018-11-29,IMLE,data/preprocessed/crop200_align16/Forensynths_test_imle_1_fake_00103534.png,7.327352046966553,1.347803235054016,-2.381073474884033,-9.722075462341309,-0.029327392578125,fake
Forensynths/test/imle/1_fake/00103895,data/fakes/images/Forensynths_test_imle_1_fake_00103895.jpg,1,other,2018-11-29,IMLE,data/preprocessed/crop200_align16/Forensynths_test_imle_1_fake_00103895.png,2.2722630500793457,-5.545692443847656,-0.4039539694786072,-5.326754093170166,-0.032623291015625,fake
Forensynths/test/imle/1_fake/00104840,data/fakes/images/Forensynths_test_imle_1_fake_00104840.jpg,1,other,2018-11-29,IMLE,data/preprocessed/crop200_align16/Forensynths_test_imle_1_fake_00104840.png,-7.560190200805664,-6.159719944000244,-3.583582878112793,-3.518364429473877,-0.0262603759765625,fake
Forensynths/test/imle/1_fake/00105112,data/fakes/images/Forensynths_test_imle_1_fake_00105112.jpg,1,other,2018-11-29,IMLE,data/preprocessed/crop200_align16/Forensynths_test_imle_1_fake_00105112.png,6.349489688873291,-1.1967806816101074,0.5725908279418945,-6.950299263000488,-0.0304412841796875,fake
Forensynths/test/imle/1_fake/00105135,data/fakes/images/Forensynths_test_imle_1_fake_00105135.jpg,1,other,2018-11-29,IMLE,data/preprocessed/crop200_align16/Forensynths_test_imle_1_fake_00105135.png,-1.4271025657653809,-2.585566520690918,0.6111996173858643,-7.303408622741699,-0.0263824462890625,fake
Forensynths/test/imle/1_fake/00105283,data/fakes/images/Forensynths_test_imle_1_fake_00105283.jpg,1,other,2018-11-29,IMLE,data/preprocessed/crop200_align16/Forensynths_test_imle_1_fake_00105283.png,12.37754726409912,-2.9931764602661133,3.717890977859497,-7.5602803230285645,-0.0343017578125,fake
Forensynths/test/imle/1_fake/00105760,data/fakes/images/Forensynths_test_imle_1_fake_00105760.jpg,1,other,2018-11-29,IMLE,data/preprocessed/crop200_align16/Forensynths_test_imle_1_fake_00105760.png,-13.235321044921877,-8.860130310058594,-5.049139976501465,-6.0116167068481445,-0.0271453857421875,fake
Forensynths/test/imle/1_fake/00106358,data/fakes/images/Forensynths_test_imle_1_fake_00106358.jpg,1,other,2018-11-29,IMLE,data/preprocessed/crop200_align16/Forensynths_test_imle_1_fake_00106358.png,15.57797908782959,5.222620487213135,4.347912788391113,-4.703668117523193,-0.0283050537109375,fake
Artifact/stylegan1/sg1/1-million-fake-faces-2/1m_faces_24_35_26_27_28_29_30/1m_faces_24_35_26_27_28_29_30/1m_faces_30/img001481,data/fakes/images/Artifact_stylegan1_sg1_1-million-fake-faces-2_1m_faces_24_35_26_27_28_29_30_1m_faces_24_35_26_27_28_29_30_1m_faces_30_img001481.jpg,1,gan,2018-12-12,StyleGAN1,data/preprocessed/crop200_align16/Artifact_stylegan1_sg1_1-million-fake-faces-2_1m_faces_24_35_26_27_28_29_30_1m_faces_24_35_26_27_28_29_30_1m_faces_30_img001481.png,2.6031076908111572,-3.9754228591918945,-4.347134590148926,0.0324695296585559,-0.02374267578125,fake
Artifact/stylegan1/sg1/1-million-fake-faces-3/1m_faces_31__45/1m_faces_39/img002346,data/fakes/images/Artifact_stylegan1_sg1_1-million-fake-faces-3_1m_faces_31__45_1m_faces_39_img002346.jpg,1,gan,2018-12-12,StyleGAN1,data/preprocessed/crop200_align16/Artifact_stylegan1_sg1_1-million-fake-faces-3_1m_faces_31__45_1m_faces_39_img002346.png,-13.194025039672852,-4.302918434143066,-5.71163272857666,-4.873968124389648,-0.032135009765625,fake
Artifact/stylegan1/sg1/1-million-fake-faces-3/1m_faces_31__45/1m_faces_40/img002477,data/fakes/images/Artifact_stylegan1_sg1_1-million-fake-faces-3_1m_faces_31__45_1m_faces_40_img002477.jpg,1,gan,2018-12-12,StyleGAN1,data/preprocessed/crop200_align16/Artifact_stylegan1_sg1_1-million-fake-faces-3_1m_faces_31__45_1m_faces_40_img002477.png,-21.48130989074707,-6.618126392364502,-6.015397071838379,-10.229095458984377,-0.03814697265625,fake
Artifact/stylegan1/sg1/1-million-fake-faces-3/1m_faces_31__45/1m_faces_42/img002634,data/fakes/images/Artifact_stylegan1_sg1_1-million-fake-faces-3_1m_faces_31__45_1m_faces_42_img002634.jpg,1,gan,2018-12-12,StyleGAN1,data/preprocessed/crop200_align16/Artifact_stylegan1_sg1_1-million-fake-faces-3_1m_faces_31__45_1m_faces_42_img002634.png,-14.070717811584473,-2.4854846000671387,-2.005549430847168,-4.6728515625,-0.04241943359375,fake
Artifact/stylegan1/sg1/1-million-fake-faces-4/1m_faces_46__60/1m_faces_48/img003205,data/fakes/images/Artifact_stylegan1_sg1_1-million-fake-faces-4_1m_faces_46__60_1m_faces_48_img003205.jpg,1,gan,2018-12-12,StyleGAN1,data/preprocessed/crop200_align16/Artifact_stylegan1_sg1_1-million-fake-faces-4_1m_faces_46__60_1m_faces_48_img003205.png,-22.41434669494629,-6.6736063957214355,-6.878645420074463,0.1106994152069091,-0.03802490234375,fake
Artifact/stylegan1/sg1/1-million-fake-faces-4/1m_faces_46__60/1m_faces_51/img003580,data/fakes/images/Artifact_stylegan1_sg1_1-million-fake-faces-4_1m_faces_46__60_1m_faces_51_img003580.jpg,1,gan,2018-12-12,StyleGAN1,data/preprocessed/crop200_align16/Artifact_stylegan1_sg1_1-million-fake-faces-4_1m_faces_46__60_1m_faces_51_img003580.png,-18.375408172607425,-7.436713218688965,-5.093791484832764,-0.6944969892501831,-0.0282440185546875,fake
Artifact/stylegan1/sg1/1-million-fake-faces-4/1m_faces_46__60/1m_faces_60/img004424,data/fakes/images/Artifact_stylegan1_sg1_1-million-fake-faces-4_1m_faces_46__60_1m_faces_60_img004424.jpg,1,gan,2018-12-12,StyleGAN1,data/preprocessed/crop200_align16/Artifact_stylegan1_sg1_1-million-fake-faces-4_1m_faces_46__60_1m_faces_60_img004424.png,-9.47243881225586,-4.605685710906982,-4.033097267150879,5.562746047973633,-0.0286712646484375,fake
Artifact/stylegan1/sg1/1-million-fake-faces-5/1m_faces_61__75/1m_faces_75/img005941,data/fakes/images/Artifact_stylegan1_sg1_1-million-fake-faces-5_1m_faces_61__75_1m_faces_75_img005941.jpg,1,gan,2018-12-12,StyleGAN1,data/preprocessed/crop200_align16/Artifact_stylegan1_sg1_1-million-fake-faces-5_1m_faces_61__75_1m_faces_75_img005941.png,-17.641616821289062,-5.196659564971924,-8.352259635925293,-1.7622294425964355,-0.0264739990234375,fake
Artifact/stylegan1/sg1/1-million-fake-faces-6/1m_faces_76__90/1m_faces_79/img006389,data/fakes/images/Artifact_stylegan1_sg1_1-million-fake-faces-6_1m_faces_76__90_1m_faces_79_img006389.jpg,1,gan,2018-12-12,StyleGAN1,data/preprocessed/crop200_align16/Artifact_stylegan1_sg1_1-million-fake-faces-6_1m_faces_76__90_1m_faces_79_img006389.png,-21.71666145324707,-5.4229960441589355,-5.806199550628662,0.5233684778213501,-0.043853759765625,fake
Artifact/stylegan1/sg1/1-million-fake-faces-6/1m_faces_76__90/1m_faces_87/img007108,data/fakes/images/Artifact_stylegan1_sg1_1-million-fake-faces-6_1m_faces_76__90_1m_faces_87_img007108.jpg,1,gan,2018-12-12,StyleGAN1,data/preprocessed/crop200_align16/Artifact_stylegan1_sg1_1-million-fake-faces-6_1m_faces_76__90_1m_faces_87_img007108.png,-5.444500923156738,-3.2538070678710938,-3.150504350662231,-6.018757343292236,-0.032958984375,fake
Artifact/stylegan1/sg1/1-million-fake-faces-7/1m_faces_91__99/1m_faces_95/img007980,data/fakes/images/Artifact_stylegan1_sg1_1-million-fake-faces-7_1m_faces_91__99_1m_faces_95_img007980.jpg,1,gan,2018-12-12,StyleGAN1,data/preprocessed/crop200_align16/Artifact_stylegan1_sg1_1-million-fake-faces-7_1m_faces_91__99_1m_faces_95_img007980.png,-4.005981922149658,-4.633299350738525,1.6905951499938965,-0.6156701445579529,-0.0360107421875,fake
Artifact/stylegan1/sg1/1-million-fake-faces/1m_faces_00_01_02_03/1m_faces_00_01_02_03/1m_faces_02/img008676,data/fakes/images/Artifact_stylegan1_sg1_1-million-fake-faces_1m_faces_00_01_02_03_1m_faces_00_01_02_03_1m_faces_02_img008676.jpg,1,gan,2018-12-12,StyleGAN1,data/preprocessed/crop200_align16/Artifact_stylegan1_sg1_1-million-fake-faces_1m_faces_00_01_02_03_1m_faces_00_01_02_03_1m_faces_02_img008676.png,-2.933032512664795,-3.0155177116394043,1.8368090391159055,-5.361444473266602,-0.02960205078125,fake
Forensynths/test/stylegan/bedroom/1_fake/011412,data/fakes/images/Forensynths_test_stylegan_bedroom_1_fake_011412.jpg,1,gan,2018-12-12,StyleGAN1,data/preprocessed/crop200_align16/Forensynths_test_stylegan_bedroom_1_fake_011412.png,-12.46472454071045,-7.178333759307861,4.791254043579102,1.038540601730347,-0.0312347412109375,fake
Forensynths/test/stylegan/bedroom/1_fake/023287,data/fakes/images/Forensynths_test_stylegan_bedroom_1_fake_023287.jpg,1,gan,2018-12-12,StyleGAN1,data/preprocessed/crop200_align16/Forensynths_test_stylegan_bedroom_1_fake_023287.png,11.925447463989258,-4.4937520027160645,9.653905868530272,4.090730667114258,-0.041259765625,fake
Forensynths/test/stylegan/bedroom/1_fake/090572,data/fakes/images/Forensynths_test_stylegan_bedroom_1_fake_090572.jpg,1,gan,2018-12-12,StyleGAN1,data/preprocessed/crop200_align16/Forensynths_test_stylegan_bedroom_1_fake_090572.png,-3.637592077255249,-3.444027900695801,4.52699613571167,3.295640707015991,-0.0285797119140625,fake
Forensynths/test/stylegan/car/1_fake/018366,data/fakes/images/Forensynths_test_stylegan_car_1_fake_018366.jpg,1,gan,2018-12-12,StyleGAN1,data/preprocessed/crop200_align16/Forensynths_test_stylegan_car_1_fake_018366.png,4.033458709716797,-0.2692477703094482,16.12785530090332,-7.09179162979126,-0.0311431884765625,fake
Forensynths/test/stylegan/car/1_fake/052643,data/fakes/images/Forensynths_test_stylegan_car_1_fake_052643.jpg,1,gan,2018-12-12,StyleGAN1,data/preprocessed/crop200_align16/Forensynths_test_stylegan_car_1_fake_052643.png,3.539489984512329,-2.603348731994629,18.745018005371097,-5.782707214355469,-0.034637451171875,fake
Artifact/gau_gan/gau/gaugan-ade/img001292,data/fakes/images/Artifact_gau_gan_gau_gaugan-ade_img001292.jpg,1,gan,2019-03-18,GauGAN,data/preprocessed/crop200_align16/Artifact_gau_gan_gau_gaugan-ade_img001292.png,6.326428413391113,9.6614351272583,6.257309436798096,-12.263886451721191,-0.0533447265625,fake
Artifact/gau_gan/gau/gaugan-coco/img000097,data/fakes/images/Artifact_gau_gan_gau_gaugan-coco_img000097.jpg,1,gan,2019-03-18,GauGAN,data/preprocessed/crop200_align16/Artifact_gau_gan_gau_gaugan-coco_img000097.png,6.812393665313721,-0.0910850763320922,5.631950378417969,-19.70987892150879,-0.0509033203125,fake
Artifact/gau_gan/gau/gaugan-coco/img000432,data/fakes/images/Artifact_gau_gan_gau_gaugan-coco_img000432.jpg,1,gan,2019-03-18,GauGAN,data/preprocessed/crop200_align16/Artifact_gau_gan_gau_gaugan-coco_img000432.png,-2.591755628585815,4.288811683654785,2.7960965633392334,-8.99189281463623,-0.052337646484375,fake
Artifact/gau_gan/gau/gaugan-coco/img001889,data/fakes/images/Artifact_gau_gan_gau_gaugan-coco_img001889.jpg,1,gan,2019-03-18,GauGAN,data/preprocessed/crop200_align16/Artifact_gau_gan_gau_gaugan-coco_img001889.png,-13.197979927062988,7.744197845458984,0.2491172850131988,-6.98630952835083,-0.036376953125,fake
Artifact/gau_gan/gau/gaugan-coco/img002230,data/fakes/images/Artifact_gau_gan_gau_gaugan-coco_img002230.jpg,1,gan,2019-03-18,GauGAN,data/preprocessed/crop200_align16/Artifact_gau_gan_gau_gaugan-coco_img002230.png,1.2022161483764648,1.2035919427871704,-0.0231318362057209,-18.305543899536133,-0.056243896484375,fake
Artifact/gau_gan/gau/gaugan-coco/img002443,data/fakes/images/Artifact_gau_gan_gau_gaugan-coco_img002443.jpg,1,gan,2019-03-18,GauGAN,data/preprocessed/crop200_align16/Artifact_gau_gan_gau_gaugan-coco_img002443.png,-3.0365793704986572,9.201969146728516,7.1261186599731445,-8.063850402832031,-0.044647216796875,fake
Artifact/gau_gan/gau/gaugan-coco/img003018,data/fakes/images/Artifact_gau_gan_gau_gaugan-coco_img003018.jpg,1,gan,2019-03-18,GauGAN,data/preprocessed/crop200_align16/Artifact_gau_gan_gau_gaugan-coco_img003018.png,3.204841375350952,8.174591064453125,6.9224748611450195,4.5841288566589355,-0.0279388427734375,fake
Artifact/gau_gan/gau/gaugan-coco/img003221,data/fakes/images/Artifact_gau_gan_gau_gaugan-coco_img003221.jpg,1,gan,2019-03-18,GauGAN,data/preprocessed/crop200_align16/Artifact_gau_gan_gau_gaugan-coco_img003221.png,3.1462461948394775,-0.1251009106636047,11.589489936828612,1.516259789466858,-0.038055419921875,fake
Artifact/gau_gan/gau/gaugan-coco/img003953,data/fakes/images/Artifact_gau_gan_gau_gaugan-coco_img003953.jpg,1,gan,2019-03-18,GauGAN,data/preprocessed/crop200_align16/Artifact_gau_gan_gau_gaugan-coco_img003953.png,6.372844219207764,8.26407527923584,3.2958695888519287,-18.748722076416016,-0.06488037109375,fake
Forensynths/test/gaugan/1_fake/000000014038,data/fakes/images/Forensynths_test_gaugan_1_fake_000000014038.jpg,1,gan,2019-03-18,GauGAN,data/preprocessed/crop200_align16/Forensynths_test_gaugan_1_fake_000000014038.png,4.295624256134033,6.135599613189697,11.544254302978516,-7.322977542877197,-0.036529541015625,fake
Forensynths/test/gaugan/1_fake/000000020247,data/fakes/images/Forensynths_test_gaugan_1_fake_000000020247.jpg,1,gan,2019-03-18,GauGAN,data/preprocessed/crop200_align16/Forensynths_test_gaugan_1_fake_000000020247.png,7.277414798736572,10.332472801208496,2.195197820663452,-22.106595993041992,-0.06378173828125,fake
Forensynths/test/gaugan/1_fake/000000049091,data/fakes/images/Forensynths_test_gaugan_1_fake_000000049091.jpg,1,gan,2019-03-18,GauGAN,data/preprocessed/crop200_align16/Forensynths_test_gaugan_1_fake_000000049091.png,2.5383946895599365,10.746546745300291,14.081090927124023,-11.65849494934082,-0.0482177734375,fake
Forensynths/test/gaugan/1_fake/000000066817,data/fakes/images/Forensynths_test_gaugan_1_fake_000000066817.jpg,1,gan,2019-03-18,GauGAN,data/preprocessed/crop200_align16/Forensynths_test_gaugan_1_fake_000000066817.png,6.499919891357422,10.531781196594238,6.71032190322876,-4.613592147827148,-0.03131103515625,fake
Forensynths/test/gaugan/1_fake/000000334399,data/fakes/images/Forensynths_test_gaugan_1_fake_000000334399.jpg,1,gan,2019-03-18,GauGAN,data/preprocessed/crop200_align16/Forensynths_test_gaugan_1_fake_000000334399.png,6.487253189086914,5.470210075378418,7.000286102294922,-8.386484146118164,-0.03424072265625,fake
Forensynths/test/gaugan/1_fake/000000459634,data/fakes/images/Forensynths_test_gaugan_1_fake_000000459634.jpg,1,gan,2019-03-18,GauGAN,data/preprocessed/crop200_align16/Forensynths_test_gaugan_1_fake_000000459634.png,3.577477216720581,11.925363540649414,1.26881742477417,-13.71922206878662,-0.044342041015625,fake
Forensynths/test/gaugan/1_fake/000000555012,data/fakes/images/Forensynths_test_gaugan_1_fake_000000555012.jpg,1,gan,2019-03-18,GauGAN,data/preprocessed/crop200_align16/Forensynths_test_gaugan_1_fake_000000555012.png,3.2400193214416504,6.726469039916992,7.497374057769775,-7.970456123352051,-0.0384521484375,fake
Forensynths/test/gaugan/1_fake/000000580757,data/fakes/images/Forensynths_test_gaugan_1_fake_000000580757.jpg,1,gan,2019-03-18,GauGAN,data/preprocessed/crop200_align16/Forensynths_test_gaugan_1_fake_000000580757.png,-4.776415824890137,11.113959312438965,4.447771072387695,-20.027053833007812,-0.0582275390625,fake
Artifact/stylegan2/cat-part1/cat-256x256/stylegan2-config-f-psi-0.5/054000/img054325,data/fakes/images/Artifact_stylegan2_cat-part1_cat-256x256_stylegan2-config-f-psi-0.5_054000_img054325.jpg,1,gan,2019-12-03,StyleGAN2,data/preprocessed/crop200_align16/Artifact_stylegan2_cat-part1_cat-256x256_stylegan2-config-f-psi-0.5_054000_img054325.png,-21.695056915283203,-5.369658470153809,-3.424082040786743,-3.375854969024658,-0.04254150390625,fake
Artifact/stylegan2/cat-part2/cat-256x256/stylegan2-config-f-psi-1.0/020000/img020740,data/fakes/images/Artifact_stylegan2_cat-part2_cat-256x256_stylegan2-config-f-psi-1.0_020000_img020740.jpg,1,gan,2019-12-03,StyleGAN2,data/preprocessed/crop200_align16/Artifact_stylegan2_cat-part2_cat-256x256_stylegan2-config-f-psi-1.0_020000_img020740.png,-0.3908967971801758,-2.6648025512695312,0.240288645029068,-0.7437195777893066,-0.02215576171875,fake
Artifact/stylegan2/church-part1/church-256x256/stylegan2-config-f-psi-0.5/059000/img059502,data/fakes/images/Artifact_stylegan2_church-part1_church-256x256_stylegan2-config-f-psi-0.5_059000_img059502.jpg,1,gan,2019-12-03,StyleGAN2,data/preprocessed/crop200_align16/Artifact_stylegan2_church-part1_church-256x256_stylegan2-config-f-psi-0.5_059000_img059502.png,-5.485027313232422,-12.298335075378418,0.7361924052238464,-6.385326862335205,-0.035614013671875,fake
Artifact/stylegan2/church-part2/church-256x256/stylegan2-config-f-psi-1.0/025000/img025116,data/fakes/images/Artifact_stylegan2_church-part2_church-256x256_stylegan2-config-f-psi-1.0_025000_img025116.jpg,1,gan,2019-12-03,StyleGAN2,data/preprocessed/crop200_align16/Artifact_stylegan2_church-part2_church-256x256_stylegan2-config-f-psi-1.0_025000_img025116.png,-3.133551836013794,3.4841556549072266,10.58283233642578,-1.558212161064148,-0.0257110595703125,fake
Artifact/stylegan2/church-part2/church-256x256/stylegan2-config-f-psi-1.0/031000/img031011,data/fakes/images/Artifact_stylegan2_church-part2_church-256x256_stylegan2-config-f-psi-1.0_031000_img031011.jpg,1,gan,2019-12-03,StyleGAN2,data/preprocessed/crop200_align16/Artifact_stylegan2_church-part2_church-256x256_stylegan2-config-f-psi-1.0_031000_img031011.png,-7.160955905914307,-0.0840489268302917,1.3577699661254885,-7.507615566253662,-0.05450439453125,fake
Artifact/stylegan2/ffhq-part1/ffhq-1024x1024/stylegan2-config-f-psi-0.5/054000/img054244,data/fakes/images/Artifact_stylegan2_ffhq-part1_ffhq-1024x1024_stylegan2-config-f-psi-0.5_054000_img054244.jpg,1,gan,2019-12-03,StyleGAN2,data/preprocessed/crop200_align16/Artifact_stylegan2_ffhq-part1_ffhq-1024x1024_stylegan2-config-f-psi-0.5_054000_img054244.png,-1.1643061637878418,-2.505354881286621,-4.0161943435668945,4.19140100479126,-0.0299072265625,fake
Artifact/stylegan2/horse-part1/horse-256x256/stylegan2-config-f-psi-0.5/091000/img091728,data/fakes/images/Artifact_stylegan2_horse-part1_horse-256x256_stylegan2-config-f-psi-0.5_091000_img091728.jpg,1,gan,2019-12-03,StyleGAN2,data/preprocessed/crop200_align16/Artifact_stylegan2_horse-part1_horse-256x256_stylegan2-config-f-psi-0.5_091000_img091728.png,-15.458284378051758,0.1210993528366088,-5.563875198364258,-30.15027236938477,-0.054443359375,fake
Artifact/stylegan2/horse-part2/horse-256x256/stylegan2-config-f-psi-1.0/058000/img058162,data/fakes/images/Artifact_stylegan2_horse-part2_horse-256x256_stylegan2-config-f-psi-1.0_058000_img058162.jpg,1,gan,2019-12-03,StyleGAN2,data/preprocessed/crop200_align16/Artifact_stylegan2_horse-part2_horse-256x256_stylegan2-config-f-psi-1.0_058000_img058162.png,7.388181686401367,3.065406322479248,5.956225872039795,-2.760399103164673,-0.037139892578125,fake
DMimageDetection/test/stylegan2_ffhq_1024x1024/seed57443126,data/fakes/images/DMimageDetection_test_stylegan2_ffhq_1024x1024_seed57443126.jpg,1,gan,2019-12-03,StyleGAN2,data/preprocessed/crop200_align16/DMimageDetection_test_stylegan2_ffhq_1024x1024_seed57443126.png,-2.5080134868621826,-1.8472083806991575,1.6164394617080688,-6.350189208984375,-0.03424072265625,fake
DMimageDetection/test/stylegan2_lsundog_256x256/seed27345400,data/fakes/images/DMimageDetection_test_stylegan2_lsundog_256x256_seed27345400.jpg,1,gan,2019-12-03,StyleGAN2,data/preprocessed/crop200_align16/DMimageDetection_test_stylegan2_lsundog_256x256_seed27345400.png,-14.184130668640137,4.903334617614746,1.449426531791687,-4.2857890129089355,-0.0309600830078125,fake
Forensynths/test/stylegan2/car/1_fake/000183,data/fakes/images/Forensynths_test_stylegan2_car_1_fake_000183.jpg,1,gan,2019-12-03,StyleGAN2,data/preprocessed/crop200_align16/Forensynths_test_stylegan2_car_1_fake_000183.png,8.102906227111816,0.8083316087722778,10.992803573608398,-9.59878158569336,-0.03448486328125,fake
Forensynths/test/stylegan2/car/1_fake/000286,data/fakes/images/Forensynths_test_stylegan2_car_1_fake_000286.jpg,1,gan,2019-12-03,StyleGAN2,data/preprocessed/crop200_align16/Forensynths_test_stylegan2_car_1_fake_000286.png,15.232483863830566,0.2408971190452575,8.974287033081055,-12.298419952392578,-0.02935791015625,fake
Forensynths/test/stylegan2/cat/1_fake/000190,data/fakes/images/Forensynths_test_stylegan2_cat_1_fake_000190.jpg,1,gan,2019-12-03,StyleGAN2,data/preprocessed/crop200_align16/Forensynths_test_stylegan2_cat_1_fake_000190.png,-9.780259132385254,2.6810264587402344,-6.140753746032715,-14.653694152832031,-0.0418701171875,fake
Forensynths/test/stylegan2/cat/1_fake/000878,data/fakes/images/Forensynths_test_stylegan2_cat_1_fake_000878.jpg,1,gan,2019-12-03,StyleGAN2,data/preprocessed/crop200_align16/Forensynths_test_stylegan2_cat_1_fake_000878.png,-12.310463905334473,-0.5512580871582031,-0.5571523308753967,-6.193322658538818,-0.0260162353515625,fake
Forensynths/test/stylegan2/cat/1_fake/001357,data/fakes/images/Forensynths_test_stylegan2_cat_1_fake_001357.jpg,1,gan,2019-12-03,StyleGAN2,data/preprocessed/crop200_align16/Forensynths_test_stylegan2_cat_1_fake_001357.png,-5.173499584197998,-1.788474678993225,1.6592659950256348,-17.13343620300293,-0.051666259765625,fake
Forensynths/test/stylegan2/cat/1_fake/001374,data/fakes/images/Forensynths_test_stylegan2_cat_1_fake_001374.jpg,1,gan,2019-12-03,StyleGAN2,data/preprocessed/crop200_align16/Forensynths_test_stylegan2_cat_1_fake_001374.png,-10.754155158996582,-2.0695483684539795,-1.184924840927124,-11.09195327758789,-0.044403076171875,fake
Forensynths/test/stylegan2/horse/1_fake/000231,data/fakes/images/Forensynths_test_stylegan2_horse_1_fake_000231.jpg,1,gan,2019-12-03,StyleGAN2,data/preprocessed/crop200_align16/Forensynths_test_stylegan2_horse_1_fake_000231.png,-11.016420364379885,3.779047966003418,2.698800563812256,-14.978285789489746,-0.03680419921875,fake
Artifact/ddpm/ddpm/bedroom/img000503,data/fakes/images/Artifact_ddpm_ddpm_bedroom_img000503.jpg,1,diffusion,2020-06-19,DDPM,data/preprocessed/crop200_align16/Artifact_ddpm_ddpm_bedroom_img000503.png,-20.028396606445312,-0.0746534466743469,-10.700193405151367,-10.521438598632812,-0.035491943359375,fake
Artifact/ddpm/ddpm/bedroom/img000743,data/fakes/images/Artifact_ddpm_ddpm_bedroom_img000743.jpg,1,diffusion,2020-06-19,DDPM,data/preprocessed/crop200_align16/Artifact_ddpm_ddpm_bedroom_img000743.png,-9.57124137878418,-4.0567946434021,-5.46126651763916,-3.1335248947143555,-0.0335693359375,fake
DDMD/diffusion_model_deepfakes_lsun_bedroom/test/DDPM/000803,data/fakes/images/DDMD_diffusion_model_deepfakes_lsun_bedroom_test_DDPM_000803.jpg,1,diffusion,2020-06-19,DDPM,data/preprocessed/crop200_align16/DDMD_diffusion_model_deepfakes_lsun_bedroom_test_DDPM_000803.png,-21.299121856689453,2.362231731414795,-7.385537624359131,-3.444782018661499,-0.0276031494140625,fake
DDMD/diffusion_model_deepfakes_lsun_bedroom/test/DDPM/002978,data/fakes/images/DDMD_diffusion_model_deepfakes_lsun_bedroom_test_DDPM_002978.jpg,1,diffusion,2020-06-19,DDPM,data/preprocessed/crop200_align16/DDMD_diffusion_model_deepfakes_lsun_bedroom_test_DDPM_002978.png,-14.5441255569458,-5.940036773681641,-7.56907320022583,1.0004851818084717,-0.0308837890625,fake
DDMD/diffusion_model_deepfakes_lsun_bedroom/test/DDPM/003277,data/fakes/images/DDMD_diffusion_model_deepfakes_lsun_bedroom_test_DDPM_003277.jpg,1,diffusion,2020-06-19,DDPM,data/preprocessed/crop200_align16/DDMD_diffusion_model_deepfakes_lsun_bedroom_test_DDPM_003277.png,-12.249457359313965,-3.0214834213256836,-6.795843601226807,-1.2984352111816406,-0.0294342041015625,fake
DDMD/diffusion_model_deepfakes_lsun_bedroom/test/DDPM/003314,data/fakes/images/DDMD_diffusion_model_deepfakes_lsun_bedroom_test_DDPM_003314.jpg,1,diffusion,2020-06-19,DDPM,data/preprocessed/crop200_align16/DDMD_diffusion_model_deepfakes_lsun_bedroom_test_DDPM_003314.png,-16.19455909729004,0.2928496599197387,-6.452166557312012,0.9036037921905518,-0.0204010009765625,fake
DDMD/diffusion_model_deepfakes_lsun_bedroom/test/DDPM/004374,data/fakes/images/DDMD_diffusion_model_deepfakes_lsun_bedroom_test_DDPM_004374.jpg,1,diffusion,2020-06-19,DDPM,data/preprocessed/crop200_align16/DDMD_diffusion_model_deepfakes_lsun_bedroom_test_DDPM_004374.png,-0.3996410965919494,3.08443021774292,-1.3743189573287964,-6.669930458068848,-0.0443115234375,fake
DDMD/diffusion_model_deepfakes_lsun_bedroom/test/DDPM/005098,data/fakes/images/DDMD_diffusion_model_deepfakes_lsun_bedroom_test_DDPM_005098.jpg,1,diffusion,2020-06-19,DDPM,data/preprocessed/crop200_align16/DDMD_diffusion_model_deepfakes_lsun_bedroom_test_DDPM_005098.png,-8.106224060058594,0.7219741344451904,-7.606207847595215,-3.5924553871154785,-0.035247802734375,fake
DDMD/diffusion_model_deepfakes_lsun_bedroom/test/DDPM/005254,data/fakes/images/DDMD_diffusion_model_deepfakes_lsun_bedroom_test_DDPM_005254.jpg,1,diffusion,2020-06-19,DDPM,data/preprocessed/crop200_align16/DDMD_diffusion_model_deepfakes_lsun_bedroom_test_DDPM_005254.png,-9.705889701843262,-1.6723904609680176,-9.241326332092283,0.9637725353240968,-0.0276641845703125,fake
DDMD/diffusion_model_deepfakes_lsun_bedroom/test/DDPM/005476,data/fakes/images/DDMD_diffusion_model_deepfakes_lsun_bedroom_test_DDPM_005476.jpg,1,diffusion,2020-06-19,DDPM,data/preprocessed/crop200_align16/DDMD_diffusion_model_deepfakes_lsun_bedroom_test_DDPM_005476.png,-12.193389892578123,-6.514875411987305,-4.651339054107666,-0.8716620802879333,-0.023223876953125,fake
DDMD/diffusion_model_deepfakes_lsun_bedroom/test/DDPM/005753,data/fakes/images/DDMD_diffusion_model_deepfakes_lsun_bedroom_test_DDPM_005753.jpg,1,diffusion,2020-06-19,DDPM,data/preprocessed/crop200_align16/DDMD_diffusion_model_deepfakes_lsun_bedroom_test_DDPM_005753.png,-15.212373733520508,-7.507565975189209,-4.541071891784668,4.426276206970215,-0.0289306640625,fake
DDMD/diffusion_model_deepfakes_lsun_bedroom/test/DDPM/006938,data/fakes/images/DDMD_diffusion_model_deepfakes_lsun_bedroom_test_DDPM_006938.jpg,1,diffusion,2020-06-19,DDPM,data/preprocessed/crop200_align16/DDMD_diffusion_model_deepfakes_lsun_bedroom_test_DDPM_006938.png,-5.709897994995117,-0.8875501155853271,-6.415317058563232,3.0403590202331543,-0.0225982666015625,fake
DDMD/diffusion_model_deepfakes_lsun_bedroom/test/DDPM/007424,data/fakes/images/DDMD_diffusion_model_deepfakes_lsun_bedroom_test_DDPM_007424.jpg,1,diffusion,2020-06-19,DDPM,data/preprocessed/crop200_align16/DDMD_diffusion_model_deepfakes_lsun_bedroom_test_DDPM_007424.png,-17.634719848632812,-3.717531681060791,-5.7022705078125,-1.3218960762023926,-0.0279388427734375,fake
DDMD/diffusion_model_deepfakes_lsun_bedroom/test/DDPM/007642,data/fakes/images/DDMD_diffusion_model_deepfakes_lsun_bedroom_test_DDPM_007642.jpg,1,diffusion,2020-06-19,DDPM,data/preprocessed/crop200_align16/DDMD_diffusion_model_deepfakes_lsun_bedroom_test_DDPM_007642.png,-14.41634464263916,-3.338493824005127,-8.692190170288086,-2.24478530883789,-0.032470703125,fake
DDMD/diffusion_model_deepfakes_lsun_bedroom/test/DDPM/007806,data/fakes/images/DDMD_diffusion_model_deepfakes_lsun_bedroom_test_DDPM_007806.jpg,1,diffusion,2020-06-19,DDPM,data/preprocessed/crop200_align16/DDMD_diffusion_model_deepfakes_lsun_bedroom_test_DDPM_007806.png,-11.471921920776367,-6.614577293395996,-7.988447666168213,3.8718786239624023,-0.025177001953125,fake
DDMD/diffusion_model_deepfakes_lsun_bedroom/test/DDPM/008244,data/fakes/images/DDMD_diffusion_model_deepfakes_lsun_bedroom_test_DDPM_008244.jpg,1,diffusion,2020-06-19,DDPM,data/preprocessed/crop200_align16/DDMD_diffusion_model_deepfakes_lsun_bedroom_test_DDPM_008244.png,-23.297040939331055,-4.477290630340576,-8.424983024597168,-0.2648996710777282,-0.0182952880859375,fake
DDMD/diffusion_model_deepfakes_lsun_bedroom/test/DDPM/009935,data/fakes/images/DDMD_diffusion_model_deepfakes_lsun_bedroom_test_DDPM_009935.jpg,1,diffusion,2020-06-19,DDPM,data/preprocessed/crop200_align16/DDMD_diffusion_model_deepfakes_lsun_bedroom_test_DDPM_009935.png,-22.03533935546875,-0.7399513721466064,-15.559762954711914,-0.4455151259899139,-0.042724609375,fake
Artifact/cips/cips/cips-churces/img000521,data/fakes/images/Artifact_cips_cips_cips-churces_img000521.jpg,1,gan,2020-11-27,CIPS,data/preprocessed/crop200_align16/Artifact_cips_cips_cips-churces_img000521.png,-18.62177848815918,0.1164685487747192,-6.552001953125,-7.320493698120117,-0.039703369140625,fake
Artifact/cips/cips/cips-churces/img002776,data/fakes/images/Artifact_cips_cips_cips-churces_img002776.jpg,1,gan,2020-11-27,CIPS,data/preprocessed/crop200_align16/Artifact_cips_cips_cips-churces_img002776.png,-15.05890655517578,-4.266644477844238,-2.503965139389038,-5.916371822357178,-0.04290771484375,fake
Artifact/cips/cips/cips-ffhq/img000048,data/fakes/images/Artifact_cips_cips_cips-ffhq_img000048.jpg,1,gan,2020-11-27,CIPS,data/preprocessed/crop200_align16/Artifact_cips_cips_cips-ffhq_img000048.png,-16.588024139404297,-4.112737655639648,-4.432644367218018,0.946226954460144,-0.0255889892578125,fake
Artifact/cips/cips/cips-ffhq/img000720,data/fakes/images/Artifact_cips_cips_cips-ffhq_img000720.jpg,1,gan,2020-11-27,CIPS,data/preprocessed/crop200_align16/Artifact_cips_cips_cips-ffhq_img000720.png,-18.712177276611328,-4.608170986175537,-4.9890217781066895,-1.7537779808044434,-0.0273590087890625,fake
Artifact/cips/cips/cips-ffhq/img000920,data/fakes/images/Artifact_cips_cips_cips-ffhq_img000920.jpg,1,gan,2020-11-27,CIPS,data/preprocessed/crop200_align16/Artifact_cips_cips_cips-ffhq_img000920.png,-18.8588809967041,0.8606202602386475,-6.352768898010254,-0.3994256258010864,-0.0286712646484375,fake
Artifact/cips/cips/cips-ffhq/img001849,data/fakes/images/Artifact_cips_cips_cips-ffhq_img001849.jpg,1,gan,2020-11-27,CIPS,data/preprocessed/crop200_align16/Artifact_cips_cips_cips-ffhq_img001849.png,-8.306487083435059,-2.5198049545288086,-6.1952223777771,-1.29079270362854,-0.031890869140625,fake
Artifact/cips/cips/cips-ffhq/img002015,data/fakes/images/Artifact_cips_cips_cips-ffhq_img002015.jpg,1,gan,2020-11-27,CIPS,data/preprocessed/crop200_align16/Artifact_cips_cips_cips-ffhq_img002015.png,-26.302356719970703,-4.421154022216797,-5.038592338562012,0.8964492082595825,-0.02911376953125,fake
Artifact/cips/cips/cips-ffhq/img002262,data/fakes/images/Artifact_cips_cips_cips-ffhq_img002262.jpg,1,gan,2020-11-27,CIPS,data/preprocessed/crop200_align16/Artifact_cips_cips_cips-ffhq_img002262.png,-16.671573638916016,-0.6230779886245728,-5.926581382751465,0.3528791964054107,-0.0245819091796875,fake
Artifact/cips/cips/cips-ffhq/img002938,data/fakes/images/Artifact_cips_cips_cips-ffhq_img002938.jpg,1,gan,2020-11-27,CIPS,data/preprocessed/crop200_align16/Artifact_cips_cips_cips-ffhq_img002938.png,-8.754283905029297,-3.052499294281006,-10.400848388671877,-7.379412651062012,-0.019012451171875,fake
Artifact/cips/cips/cips-ffhq/img003974,data/fakes/images/Artifact_cips_cips_cips-ffhq_img003974.jpg,1,gan,2020-11-27,CIPS,data/preprocessed/crop200_align16/Artifact_cips_cips_cips-ffhq_img003974.png,-6.188002109527588,-5.627133846282959,-6.727642059326172,0.7118236422538757,-0.0213165283203125,fake
Artifact/cips/cips/cips-ffhq/img003997,data/fakes/images/Artifact_cips_cips_cips-ffhq_img003997.jpg,1,gan,2020-11-27,CIPS,data/preprocessed/crop200_align16/Artifact_cips_cips_cips-ffhq_img003997.png,-12.16487979888916,-2.84957218170166,-7.987361907958984,-4.046621799468994,-0.0284271240234375,fake
Artifact/cips/cips/cips-ffhq/img004084,data/fakes/images/Artifact_cips_cips_cips-ffhq_img004084.jpg,1,gan,2020-11-27,CIPS,data/preprocessed/crop200_align16/Artifact_cips_cips_cips-ffhq_img004084.png,-12.014384269714355,-4.273453235626221,-3.266002655029297,-4.518336772918701,-0.0202178955078125,fake
Artifact/cips/cips/cips-ffhq/img004171,data/fakes/images/Artifact_cips_cips_cips-ffhq_img004171.jpg,1,gan,2020-11-27,CIPS,data/preprocessed/crop200_align16/Artifact_cips_cips_cips-ffhq_img004171.png,-16.760295867919922,-7.842798233032227,-10.671120643615724,-2.1398229598999023,-0.027008056640625,fake
Artifact/cips/cips/cips-landscape/img001189,data/fakes/images/Artifact_cips_cips_cips-landscape_img001189.jpg,1,gan,2020-11-27,CIPS,data/preprocessed/crop200_align16/Artifact_cips_cips_cips-landscape_img001189.png,-30.700225830078125,-7.246377468109131,-8.017338752746582,-6.490735054016113,-0.0404052734375,fake
Artifact/cips/cips/cips-landscape/img001772,data/fakes/images/Artifact_cips_cips_cips-landscape_img001772.jpg,1,gan,2020-11-27,CIPS,data/preprocessed/crop200_align16/Artifact_cips_cips_cips-landscape_img001772.png,-6.888616561889648,-2.5145435333251953,-2.1146843433380127,-2.830211639404297,-0.03228759765625,fake
Artifact/cips/cips/cips-landscape/img001934,data/fakes/images/Artifact_cips_cips_cips-landscape_img001934.jpg,1,gan,2020-11-27,CIPS,data/preprocessed/crop200_align16/Artifact_cips_cips_cips-landscape_img001934.png,-9.428743362426758,-1.9817842245101929,1.9024970531463623,-5.383105754852295,-0.0285491943359375,fake
Artifact/cips/cips/cips-landscape/img002236,data/fakes/images/Artifact_cips_cips_cips-landscape_img002236.jpg,1,gan,2020-11-27,CIPS,data/preprocessed/crop200_align16/Artifact_cips_cips_cips-landscape_img002236.png,-10.793831825256348,-2.9230222702026367,0.9775529503822328,-4.796058177947998,-0.0291748046875,fake
Artifact/taming_transformer/tt-cc/cin_k600_p1.0_a0.05_fid5.20/17/img003986,data/fakes/images/Artifact_taming_transformer_tt-cc_cin_k600_p1.0_a0.05_fid5.20_17_img003986.jpg,1,autoregressive,2020-12-17,VQGAN,data/preprocessed/crop200_align16/Artifact_taming_transformer_tt-cc_cin_k600_p1.0_a0.05_fid5.20_17_img003986.png,-13.781611442565918,-2.708116054534912,-2.537510871887207,-10.486581802368164,-0.033660888671875,fake
Artifact/taming_transformer/tt-cc/cin_k600_p1.0_a0.05_fid5.20/182/img004696,data/fakes/images/Artifact_taming_transformer_tt-cc_cin_k600_p1.0_a0.05_fid5.20_182_img004696.jpg,1,autoregressive,2020-12-17,VQGAN,data/preprocessed/crop200_align16/Artifact_taming_transformer_tt-cc_cin_k600_p1.0_a0.05_fid5.20_182_img004696.png,-14.199868202209473,0.0461653470993042,-3.689270257949829,-1.8003851175308228,-0.05462646484375,fake
Artifact/taming_transformer/tt-cc/cin_k600_p1.0_a0.05_fid5.20/375/img015391,data/fakes/images/Artifact_taming_transformer_tt-cc_cin_k600_p1.0_a0.05_fid5.20_375_img015391.jpg,1,autoregressive,2020-12-17,VQGAN,data/preprocessed/crop200_align16/Artifact_taming_transformer_tt-cc_cin_k600_p1.0_a0.05_fid5.20_375_img015391.png,-22.43576431274414,-2.2281129360198975,-6.185222625732422,-10.851866722106934,-0.045318603515625,fake
Artifact/taming_transformer/tt-cc/cin_k600_p1.0_a0.05_fid5.20/64/img030082,data/fakes/images/Artifact_taming_transformer_tt-cc_cin_k600_p1.0_a0.05_fid5.20_64_img030082.jpg,1,autoregressive,2020-12-17,VQGAN,data/preprocessed/crop200_align16/Artifact_taming_transformer_tt-cc_cin_k600_p1.0_a0.05_fid5.20_64_img030082.png,-12.86925983428955,-7.625100135803223,-4.667917251586914,1.21505606174469,-0.01983642578125,fake
Artifact/taming_transformer/tt-cc/cin_k600_p1.0_a0.05_fid5.20/661/img031276,data/fakes/images/Artifact_taming_transformer_tt-cc_cin_k600_p1.0_a0.05_fid5.20_661_img031276.jpg,1,autoregressive,2020-12-17,VQGAN,data/preprocessed/crop200_align16/Artifact_taming_transformer_tt-cc_cin_k600_p1.0_a0.05_fid5.20_661_img031276.png,-21.86909866333008,-0.4986188411712646,-3.654097557067871,-10.784624099731444,-0.05145263671875,fake
Artifact/taming_transformer/tt-cc/cin_k600_p1.0_a0.05_fid5.20/773/img037499,data/fakes/images/Artifact_taming_transformer_tt-cc_cin_k600_p1.0_a0.05_fid5.20_773_img037499.jpg,1,autoregressive,2020-12-17,VQGAN,data/preprocessed/crop200_align16/Artifact_taming_transformer_tt-cc_cin_k600_p1.0_a0.05_fid5.20_773_img037499.png,-28.391637802124023,-4.844356536865234,-9.003650665283203,3.181901216506958,-0.0206756591796875,fake
Artifact/taming_transformer/tt-cc/cin_k600_p1.0_a0.05_fid5.20/81/img039540,data/fakes/images/Artifact_taming_transformer_tt-cc_cin_k600_p1.0_a0.05_fid5.20_81_img039540.jpg,1,autoregressive,2020-12-17,VQGAN,data/preprocessed/crop200_align16/Artifact_taming_transformer_tt-cc_cin_k600_p1.0_a0.05_fid5.20_81_img039540.png,-9.91747760772705,-5.682397842407227,-4.721076488494873,-3.093662977218628,-0.040557861328125,fake
Artifact/taming_transformer/tt-cc/cin_k600_p1.0_a0.05_fid5.20/868/img042706,data/fakes/images/Artifact_taming_transformer_tt-cc_cin_k600_p1.0_a0.05_fid5.20_868_img042706.jpg,1,autoregressive,2020-12-17,VQGAN,data/preprocessed/crop200_align16/Artifact_taming_transformer_tt-cc_cin_k600_p1.0_a0.05_fid5.20_868_img042706.png,-13.626948356628418,2.034605026245117,-10.734546661376951,-10.352253913879396,-0.034454345703125,fake
Artifact/taming_transformer/tt-cc/cin_k600_p1.0_a0.05_fid5.20/965/img048139,data/fakes/images/Artifact_taming_transformer_tt-cc_cin_k600_p1.0_a0.05_fid5.20_965_img048139.jpg,1,autoregressive,2020-12-17,VQGAN,data/preprocessed/crop200_align16/Artifact_taming_transformer_tt-cc_cin_k600_p1.0_a0.05_fid5.20_965_img048139.png,-27.197826385498047,3.4597058296203613,-5.503824234008789,-3.946224212646485,-0.046234130859375,fake
Artifact/taming_transformer/tt-cc/cin_k600_p1.0_a0.05_fid5.20/987/img049336,data/fakes/images/Artifact_taming_transformer_tt-cc_cin_k600_p1.0_a0.05_fid5.20_987_img049336.jpg,1,autoregressive,2020-12-17,VQGAN,data/preprocessed/crop200_align16/Artifact_taming_transformer_tt-cc_cin_k600_p1.0_a0.05_fid5.20_987_img049336.png,-15.994145393371582,-0.5290080308914185,-16.47381019592285,-11.718635559082031,-0.018829345703125,fake
Artifact/taming_transformer/tt-ffhq/ffhq_k300_p1.0_fid9.6/img003450,data/fakes/images/Artifact_taming_transformer_tt-ffhq_ffhq_k300_p1.0_fid9.6_img003450.jpg,1,autoregressive,2020-12-17,VQGAN,data/preprocessed/crop200_align16/Artifact_taming_transformer_tt-ffhq_ffhq_k300_p1.0_fid9.6_img003450.png,-11.771203994750977,1.023827075958252,-6.484459400177002,0.4389051795005798,-0.02825927734375,fake
Artifact/taming_transformer/tt-ffhq/ffhq_k300_p1.0_fid9.6/img007979,data/fakes/images/Artifact_taming_transformer_tt-ffhq_ffhq_k300_p1.0_fid9.6_img007979.jpg,1,autoregressive,2020-12-17,VQGAN,data/preprocessed/crop200_align16/Artifact_taming_transformer_tt-ffhq_ffhq_k300_p1.0_fid9.6_img007979.png,-10.563977241516112,-1.73869788646698,-5.7941718101501465,0.8955544233322144,-0.0249176025390625,fake
Artifact/taming_transformer/tt-ffhq/ffhq_k300_p1.0_fid9.6/img026386,data/fakes/images/Artifact_taming_transformer_tt-ffhq_ffhq_k300_p1.0_fid9.6_img026386.jpg,1,autoregressive,2020-12-17,VQGAN,data/preprocessed/crop200_align16/Artifact_taming_transformer_tt-ffhq_ffhq_k300_p1.0_fid9.6_img026386.png,-15.787251472473145,-5.493202209472656,-6.70097017288208,0.3906266093254089,-0.02288818359375,fake
Artifact/taming_transformer/tt-ffhq/ffhq_k300_p1.0_fid9.6/img027756,data/fakes/images/Artifact_taming_transformer_tt-ffhq_ffhq_k300_p1.0_fid9.6_img027756.jpg,1,autoregressive,2020-12-17,VQGAN,data/preprocessed/crop200_align16/Artifact_taming_transformer_tt-ffhq_ffhq_k300_p1.0_fid9.6_img027756.png,-27.256561279296875,-3.2651281356811523,-7.0080718994140625,4.646933078765869,-0.037811279296875,fake
Artifact/taming_transformer/tt-ffhq/ffhq_k300_p1.0_fid9.6/img031179,data/fakes/images/Artifact_taming_transformer_tt-ffhq_ffhq_k300_p1.0_fid9.6_img031179.jpg,1,autoregressive,2020-12-17,VQGAN,data/preprocessed/crop200_align16/Artifact_taming_transformer_tt-ffhq_ffhq_k300_p1.0_fid9.6_img031179.png,-22.909408569335938,3.2315878868103027,1.6034812927246094,-0.7821183800697327,-0.0285491943359375,fake
DMimageDetection/test/taming-transformers_class2image_ImageNet/138_000003,data/fakes/images/DMimageDetection_test_taming-transformers_class2image_ImageNet_138_000003.jpg,1,autoregressive,2020-12-17,VQGAN,data/preprocessed/crop200_align16/DMimageDetection_test_taming-transformers_class2image_ImageNet_138_000003.png,-21.66869354248047,-3.081066131591797,-3.93024230003357,-5.729421138763428,-0.06427001953125,fake
DMimageDetection/test/taming-transformers_noise2image_FFHQ/taming-transformers_noise2img-ffhq256_000433,data/fakes/images/DMimageDetection_test_taming-transformers_noise2image_FFHQ_taming-transformers_noise2img-ffhq256_000433.jpg,1,autoregressive,2020-12-17,VQGAN,data/preprocessed/crop200_align16/DMimageDetection_test_taming-transformers_noise2image_FFHQ_taming-transformers_noise2img-ffhq256_000433.png,-15.667122840881348,6.515929222106934,-4.580050945281982,7.057685852050781,-0.0350341796875,fake
Artifact/gansformer/gf/bedrooms_images/img000159,data/fakes/images/Artifact_gansformer_gf_bedrooms_images_img000159.jpg,1,gan,2021-03-01,GANformer,data/preprocessed/crop200_align16/Artifact_gansformer_gf_bedrooms_images_img000159.png,2.9838545322418213,-2.8405818939208984,1.9402437210083008,-0.014036962762475,-0.033172607421875,fake
Artifact/gansformer/gf/bedrooms_images/img000651,data/fakes/images/Artifact_gansformer_gf_bedrooms_images_img000651.jpg,1,gan,2021-03-01,GANformer,data/preprocessed/crop200_align16/Artifact_gansformer_gf_bedrooms_images_img000651.png,-10.113750457763672,-6.1451239585876465,2.829479694366455,2.8548812866210938,-0.029022216796875,fake
Artifact/gansformer/gf/bedrooms_images/img001932,data/fakes/images/Artifact_gansformer_gf_bedrooms_images_img001932.jpg,1,gan,2021-03-01,GANformer,data/preprocessed/crop200_align16/Artifact_gansformer_gf_bedrooms_images_img001932.png,1.848604202270508,-4.944581031799316,5.729799270629883,-3.0660319328308105,-0.0295562744140625,fake
Artifact/gansformer/gf/bedrooms_images/img003063,data/fakes/images/Artifact_gansformer_gf_bedrooms_images_img003063.jpg,1,gan,2021-03-01,GANformer,data/preprocessed/crop200_align16/Artifact_gansformer_gf_bedrooms_images_img003063.png,0.2853056192398071,-3.0842361450195312,3.4114553928375244,2.18821120262146,-0.025054931640625,fake
Artifact/gansformer/gf/bedrooms_images/img003553,data/fakes/images/Artifact_gansformer_gf_bedrooms_images_img003553.jpg,1,gan,2021-03-01,GANformer,data/preprocessed/crop200_align16/Artifact_gansformer_gf_bedrooms_images_img003553.png,9.581028938293455,-6.880963325500488,11.309907913208008,-3.4118940830230713,-0.03350830078125,fake
Artifact/gansformer/gf/bedrooms_images/img003959,data/fakes/images/Artifact_gansformer_gf_bedrooms_images_img003959.jpg,1,gan,2021-03-01,GANformer,data/preprocessed/crop200_align16/Artifact_gansformer_gf_bedrooms_images_img003959.png,-14.863008499145508,-5.624851226806641,0.9323610067367554,-0.5898348689079285,-0.0279541015625,fake
Artifact/gansformer/gf/bedrooms_images/img004027,data/fakes/images/Artifact_gansformer_gf_bedrooms_images_img004027.jpg,1,gan,2021-03-01,GANformer,data/preprocessed/crop200_align16/Artifact_gansformer_gf_bedrooms_images_img004027.png,7.912479877471924,-3.560476779937744,3.4842758178710938,0.5672333240509033,-0.02630615234375,fake
Artifact/gansformer/gf/bedrooms_images/img004184,data/fakes/images/Artifact_gansformer_gf_bedrooms_images_img004184.jpg,1,gan,2021-03-01,GANformer,data/preprocessed/crop200_align16/Artifact_gansformer_gf_bedrooms_images_img004184.png,9.94374656677246,-5.200596332550049,11.099843978881836,-5.615616321563721,-0.037445068359375,fake
Artifact/gansformer/gf/bedrooms_images/img004659,data/fakes/images/Artifact_gansformer_gf_bedrooms_images_img004659.jpg,1,gan,2021-03-01,GANformer,data/preprocessed/crop200_align16/Artifact_gansformer_gf_bedrooms_images_img004659.png,14.547037124633787,-3.4667305946350098,5.675060749053955,0.7028724551200867,-0.0211181640625,fake
Artifact/gansformer/gf/bedrooms_images/img004749,data/fakes/images/Artifact_gansformer_gf_bedrooms_images_img004749.jpg,1,gan,2021-03-01,GANformer,data/preprocessed/crop200_align16/Artifact_gansformer_gf_bedrooms_images_img004749.png,-5.200014114379883,-3.307680606842041,3.8337788581848145,-5.543667316436768,-0.0252227783203125,fake
Artifact/gansformer/gf/ffhq_images/img005066,data/fakes/images/Artifact_gansformer_gf_ffhq_images_img005066.jpg,1,gan,2021-03-01,GANformer,data/preprocessed/crop200_align16/Artifact_gansformer_gf_ffhq_images_img005066.png,-0.4512825310230255,1.7728816270828247,0.9879823327064514,-0.8746801018714905,-0.025482177734375,fake
Artifact/gansformer/gf/ffhq_images/img005381,data/fakes/images/Artifact_gansformer_gf_ffhq_images_img005381.jpg,1,gan,2021-03-01,GANformer,data/preprocessed/crop200_align16/Artifact_gansformer_gf_ffhq_images_img005381.png,-21.343425750732425,-3.304482936859131,-7.010670185089111,2.4269957542419434,-0.0307464599609375,fake
Artifact/gansformer/gf/ffhq_images/img006325,data/fakes/images/Artifact_gansformer_gf_ffhq_images_img006325.jpg,1,gan,2021-03-01,GANformer,data/preprocessed/crop200_align16/Artifact_gansformer_gf_ffhq_images_img006325.png,-1.6649177074432373,0.4617878198623657,-0.884726345539093,4.620941638946533,-0.029541015625,fake
Artifact/gansformer/gf/ffhq_images/img006401,data/fakes/images/Artifact_gansformer_gf_ffhq_images_img006401.jpg,1,gan,2021-03-01,GANformer,data/preprocessed/crop200_align16/Artifact_gansformer_gf_ffhq_images_img006401.png,-2.6860909461975098,3.1817994117736816,-1.095451831817627,3.6117618083953857,-0.032012939453125,fake
Artifact/gansformer/gf/ffhq_images/img006590,data/fakes/images/Artifact_gansformer_gf_ffhq_images_img006590.jpg,1,gan,2021-03-01,GANformer,data/preprocessed/crop200_align16/Artifact_gansformer_gf_ffhq_images_img006590.png,-3.174988031387329,-1.967206358909607,0.9085484147071838,-4.18271017074585,-0.027679443359375,fake
Artifact/gansformer/gf/ffhq_images/img007217,data/fakes/images/Artifact_gansformer_gf_ffhq_images_img007217.jpg,1,gan,2021-03-01,GANformer,data/preprocessed/crop200_align16/Artifact_gansformer_gf_ffhq_images_img007217.png,-1.5761325359344482,-3.465402603149414,4.793182373046875,-5.0061564445495605,-0.0308990478515625,fake
Artifact/gansformer/gf/ffhq_images/img008944,data/fakes/images/Artifact_gansformer_gf_ffhq_images_img008944.jpg,1,gan,2021-03-01,GANformer,data/preprocessed/crop200_align16/Artifact_gansformer_gf_ffhq_images_img008944.png,-9.661898612976074,3.208998203277588,3.1327223777770996,0.4769670069217682,-0.023681640625,fake
DDMD/diffusion_model_deepfakes_lsun_bedroom/test/ADM/001196,data/fakes/images/DDMD_diffusion_model_deepfakes_lsun_bedroom_test_ADM_001196.jpg,1,diffusion,2021-05-11,ADM,data/preprocessed/crop200_align16/DDMD_diffusion_model_deepfakes_lsun_bedroom_test_ADM_001196.png,-5.330197811126709,-2.040592670440674,-10.820112228393556,-6.524157524108887,-0.03973388671875,fake
DDMD/diffusion_model_deepfakes_lsun_bedroom/test/ADM/004688,data/fakes/images/DDMD_diffusion_model_deepfakes_lsun_bedroom_test_ADM_004688.jpg,1,diffusion,2021-05-11,ADM,data/preprocessed/crop200_align16/DDMD_diffusion_model_deepfakes_lsun_bedroom_test_ADM_004688.png,-23.7735595703125,-1.142277479171753,-8.566182136535645,-1.755387306213379,-0.035614013671875,fake
DDMD/diffusion_model_deepfakes_lsun_bedroom/test/ADM/006548,data/fakes/images/DDMD_diffusion_model_deepfakes_lsun_bedroom_test_ADM_006548.jpg,1,diffusion,2021-05-11,ADM,data/preprocessed/crop200_align16/DDMD_diffusion_model_deepfakes_lsun_bedroom_test_ADM_006548.png,-13.879396438598633,-2.8734092712402344,-11.829662322998049,4.675499439239502,-0.03240966796875,fake
DMimageDetection/test/guided-diffusion_noise2image_LSUNhorses/guided-diffusion_noise2img-lsunhorses-nodropout_221,data/fakes/images/DMimageDetection_test_guided-diffusion_noise2image_LSUNhorses_guided-diffusion_noise2img-lsunhorses-nodropout_221.jpg,1,diffusion,2021-05-11,ADM,data/preprocessed/crop200_align16/DMimageDetection_test_guided-diffusion_noise2image_LSUNhorses_guided-diffusion_noise2img-lsunhorses-nodropout_221.png,-29.008060455322266,1.5728651285171509,-15.038281440734863,-10.856245040893556,-0.029998779296875,fake
DMimageDetection/test/guided-diffusion_noise2image_LSUNhorses/guided-diffusion_noise2img-lsunhorses-nodropout_47,data/fakes/images/DMimageDetection_test_guided-diffusion_noise2image_LSUNhorses_guided-diffusion_noise2img-lsunhorses-nodropout_47.jpg,1,diffusion,2021-05-11,ADM,data/preprocessed/crop200_align16/DMimageDetection_test_guided-diffusion_noise2image_LSUNhorses_guided-diffusion_noise2img-lsunhorses-nodropout_47.png,-24.262845993041992,-3.452577590942383,-15.280348777770996,-18.97253799438477,-0.04315185546875,fake
GenImage/ADM/train/ai/175_adm_24,data/fakes/images/GenImage_ADM_train_ai_175_adm_24.jpg,1,diffusion,2021-05-11,ADM,data/preprocessed/crop200_align16/GenImage_ADM_train_ai_175_adm_24.png,-18.08361434936523,-5.084072113037109,-4.609862327575684,-1.3557233810424805,-0.0169830322265625,fake
GenImage/ADM/train/ai/313_adm_126,data/fakes/images/GenImage_ADM_train_ai_313_adm_126.jpg,1,diffusion,2021-05-11,ADM,data/preprocessed/crop200_align16/GenImage_ADM_train_ai_313_adm_126.png,-24.132308959960938,-2.13938570022583,-14.34793758392334,-3.3994879722595215,-0.0119171142578125,fake
GenImage/ADM/train/ai/444_adm_189,data/fakes/images/GenImage_ADM_train_ai_444_adm_189.jpg,1,diffusion,2021-05-11,ADM,data/preprocessed/crop200_align16/GenImage_ADM_train_ai_444_adm_189.png,-17.893718719482422,-0.2980061769485473,-17.76897430419922,-20.371702194213867,-0.038665771484375,fake
GenImage/ADM/train/ai/623_adm_184,data/fakes/images/GenImage_ADM_train_ai_623_adm_184.jpg,1,diffusion,2021-05-11,ADM,data/preprocessed/crop200_align16/GenImage_ADM_train_ai_623_adm_184.png,-22.940414428710938,-4.1066389083862305,-7.188071250915527,-0.272854745388031,-0.0065765380859375,fake
GenImage/ADM/train/ai/683_adm_16,data/fakes/images/GenImage_ADM_train_ai_683_adm_16.jpg,1,diffusion,2021-05-11,ADM,data/preprocessed/crop200_align16/GenImage_ADM_train_ai_683_adm_16.png,-9.368735313415527,1.9866212606430056,-4.502579212188721,-6.351337909698486,-0.038665771484375,fake
GenImage/ADM/train/ai/68_adm_15,data/fakes/images/GenImage_ADM_train_ai_68_adm_15.jpg,1,diffusion,2021-05-11,ADM,data/preprocessed/crop200_align16/GenImage_ADM_train_ai_68_adm_15.png,-3.76566219329834,-7.935604572296143,-0.5710148215293884,-14.18721866607666,-0.047119140625,fake
GenImage/ADM/train/ai/794_adm_156,data/fakes/images/GenImage_ADM_train_ai_794_adm_156.jpg,1,diffusion,2021-05-11,ADM,data/preprocessed/crop200_align16/GenImage_ADM_train_ai_794_adm_156.png,-11.863869667053224,-2.3302178382873535,-11.243365287780762,-10.490682601928713,-0.020843505859375,fake
GenImage/ADM/train/ai/819_adm_60,data/fakes/images/GenImage_ADM_train_ai_819_adm_60.jpg,1,diffusion,2021-05-11,ADM,data/preprocessed/crop200_align16/GenImage_ADM_train_ai_819_adm_60.png,-26.5183162689209,6.672239780426025,-18.316219329833984,-12.733430862426758,-0.031646728515625,fake
GenImage/ADM/train/ai/82_adm_13,data/fakes/images/GenImage_ADM_train_ai_82_adm_13.jpg,1,diffusion,2021-05-11,ADM,data/preprocessed/crop200_align16/GenImage_ADM_train_ai_82_adm_13.png,-14.45457935333252,-3.285922050476074,-6.770351409912109,-16.456518173217773,-0.044952392578125,fake
GenImage/ADM/train/ai/857_adm_190,data/fakes/images/GenImage_ADM_train_ai_857_adm_190.jpg,1,diffusion,2021-05-11,ADM,data/preprocessed/crop200_align16/GenImage_ADM_train_ai_857_adm_190.png,-5.481060981750488,2.6615567207336426,-3.1862099170684814,-4.55872106552124,-0.031982421875,fake
GenImage/ADM/train/ai/917_adm_87,data/fakes/images/GenImage_ADM_train_ai_917_adm_87.jpg,1,diffusion,2021-05-11,ADM,data/preprocessed/crop200_align16/GenImage_ADM_train_ai_917_adm_87.png,-10.667248725891112,1.1169239282608032,-13.574954986572266,-15.049532890319824,-0.03997802734375,fake
GenImage/ADM/val/ai/718_adm_34,data/fakes/images/GenImage_ADM_val_ai_718_adm_34.jpg,1,diffusion,2021-05-11,ADM,data/preprocessed/crop200_align16/GenImage_ADM_val_ai_718_adm_34.png,-13.71998119354248,-6.63984489440918,-5.194018840789795,-12.538710594177246,-0.03192138671875,fake
Artifact/stylegan3/sg3/stylegan3-r-afhqv2-512x512/img001989,data/fakes/images/Artifact_stylegan3_sg3_stylegan3-r-afhqv2-512x512_img001989.jpg,1,gan,2021-06-23,StyleGAN3,data/preprocessed/crop200_align16/Artifact_stylegan3_sg3_stylegan3-r-afhqv2-512x512_img001989.png,-8.1152982711792,-4.425317287445068,-0.8417804837226868,-2.4262261390686035,-0.03448486328125,fake
Artifact/stylegan3/sg3/stylegan3-r-ffhq-1024x1024/img003554,data/fakes/images/Artifact_stylegan3_sg3_stylegan3-r-ffhq-1024x1024_img003554.jpg,1,gan,2021-06-23,StyleGAN3,data/preprocessed/crop200_align16/Artifact_stylegan3_sg3_stylegan3-r-ffhq-1024x1024_img003554.png,-5.1924543380737305,0.5388370752334595,-5.356300354003906,-6.228613376617432,-0.0290679931640625,fake
Artifact/stylegan3/sg3/stylegan3-r-ffhqu-1024x1024/img005941,data/fakes/images/Artifact_stylegan3_sg3_stylegan3-r-ffhqu-1024x1024_img005941.jpg,1,gan,2021-06-23,StyleGAN3,data/preprocessed/crop200_align16/Artifact_stylegan3_sg3_stylegan3-r-ffhqu-1024x1024_img005941.png,-2.9871957302093506,-3.095457077026367,1.788409948348999,-4.935977935791016,-0.022674560546875,fake
Artifact/stylegan3/sg3/stylegan3-r-ffhqu-256x256/img001362,data/fakes/images/Artifact_stylegan3_sg3_stylegan3-r-ffhqu-256x256_img001362.jpg,1,gan,2021-06-23,StyleGAN3,data/preprocessed/crop200_align16/Artifact_stylegan3_sg3_stylegan3-r-ffhqu-256x256_img001362.png,-7.633166313171387,-8.931066513061523,-7.4885029792785645,0.0399574227631092,-0.033447265625,fake
Artifact/stylegan3/sg3/stylegan3-r-metfacesu-1024x1024/img001053,data/fakes/images/Artifact_stylegan3_sg3_stylegan3-r-metfacesu-1024x1024_img001053.jpg,1,gan,2021-06-23,StyleGAN3,data/preprocessed/crop200_align16/Artifact_stylegan3_sg3_stylegan3-r-metfacesu-1024x1024_img001053.png,3.113621234893799,-9.449420928955078,1.0404125452041626,-7.382458686828613,-0.0511474609375,fake
Artifact/stylegan3/sg3/stylegan3-t-afhqv2-512x512/img000359,data/fakes/images/Artifact_stylegan3_sg3_stylegan3-t-afhqv2-512x512_img000359.jpg,1,gan,2021-06-23,StyleGAN3,data/preprocessed/crop200_align16/Artifact_stylegan3_sg3_stylegan3-t-afhqv2-512x512_img000359.png,-8.028754234313965,-2.0002713203430176,-2.5811972618103027,-1.9644148349761963,-0.03424072265625,fake
Artifact/stylegan3/sg3/stylegan3-t-afhqv2-512x512/img000768,data/fakes/images/Artifact_stylegan3_sg3_stylegan3-t-afhqv2-512x512_img000768.jpg,1,gan,2021-06-23,StyleGAN3,data/preprocessed/crop200_align16/Artifact_stylegan3_sg3_stylegan3-t-afhqv2-512x512_img000768.png,-11.12062931060791,-3.3458714485168457,-7.221852302551269,-16.738834381103516,-0.038970947265625,fake
Artifact/stylegan3/sg3/stylegan3-t-afhqv2-512x512/img002124,data/fakes/images/Artifact_stylegan3_sg3_stylegan3-t-afhqv2-512x512_img002124.jpg,1,gan,2021-06-23,StyleGAN3,data/preprocessed/crop200_align16/Artifact_stylegan3_sg3_stylegan3-t-afhqv2-512x512_img002124.png,-7.934669971466064,-1.6212776899337769,-8.629340171813965,-22.75441551208496,-0.045257568359375,fake
Artifact/stylegan3/sg3/stylegan3-t-ffhq-1024x1024/img002710,data/fakes/images/Artifact_stylegan3_sg3_stylegan3-t-ffhq-1024x1024_img002710.jpg,1,gan,2021-06-23,StyleGAN3,data/preprocessed/crop200_align16/Artifact_stylegan3_sg3_stylegan3-t-ffhq-1024x1024_img002710.png,-19.901744842529297,-2.411485195159912,-5.970058441162109,-8.784170150756836,-0.033477783203125,fake
Artifact/stylegan3/sg3/stylegan3-t-ffhq-1024x1024/img004514,data/fakes/images/Artifact_stylegan3_sg3_stylegan3-t-ffhq-1024x1024_img004514.jpg,1,gan,2021-06-23,StyleGAN3,data/preprocessed/crop200_align16/Artifact_stylegan3_sg3_stylegan3-t-ffhq-1024x1024_img004514.png,-19.70515251159668,-0.908090591430664,-12.77985668182373,-6.081848621368408,-0.029541015625,fake
Artifact/stylegan3/sg3/stylegan3-t-ffhqu-1024x1024/img004459,data/fakes/images/Artifact_stylegan3_sg3_stylegan3-t-ffhqu-1024x1024_img004459.jpg,1,gan,2021-06-23,StyleGAN3,data/preprocessed/crop200_align16/Artifact_stylegan3_sg3_stylegan3-t-ffhqu-1024x1024_img004459.png,-11.415666580200195,-3.2001633644104004,-4.778770446777344,-1.8671612739562988,-0.032562255859375,fake
Artifact/stylegan3/sg3/stylegan3-t-ffhqu-1024x1024/img007100,data/fakes/images/Artifact_stylegan3_sg3_stylegan3-t-ffhqu-1024x1024_img007100.jpg,1,gan,2021-06-23,StyleGAN3,data/preprocessed/crop200_align16/Artifact_stylegan3_sg3_stylegan3-t-ffhqu-1024x1024_img007100.png,-10.113825798034668,-1.8945151567459104,0.7766814231872559,-4.1859211921691895,-0.031494140625,fake
Artifact/stylegan3/sg3/stylegan3-t-ffhqu-256x256/img001025,data/fakes/images/Artifact_stylegan3_sg3_stylegan3-t-ffhqu-256x256_img001025.jpg,1,gan,2021-06-23,StyleGAN3,data/preprocessed/crop200_align16/Artifact_stylegan3_sg3_stylegan3-t-ffhqu-256x256_img001025.png,-17.551706314086914,1.1858376264572144,-2.720125913619995,0.9372878074645996,-0.023284912109375,fake
Artifact/stylegan3/sg3/stylegan3-t-ffhqu-256x256/img003179,data/fakes/images/Artifact_stylegan3_sg3_stylegan3-t-ffhqu-256x256_img003179.jpg,1,gan,2021-06-23,StyleGAN3,data/preprocessed/crop200_align16/Artifact_stylegan3_sg3_stylegan3-t-ffhqu-256x256_img003179.png,-4.949629306793213,2.6900100708007812,-4.520211696624756,1.9303230047225952,-0.0301666259765625,fake
Artifact/stylegan3/sg3/stylegan3-t-ffhqu-256x256/img007822,data/fakes/images/Artifact_stylegan3_sg3_stylegan3-t-ffhqu-256x256_img007822.jpg,1,gan,2021-06-23,StyleGAN3,data/preprocessed/crop200_align16/Artifact_stylegan3_sg3_stylegan3-t-ffhqu-256x256_img007822.png,-10.66039752960205,-4.238005638122559,-1.8737730979919431,-1.1674894094467163,-0.035552978515625,fake
Artifact/stylegan3/sg3/stylegan3-t-metfaces-1024x1024/img003032,data/fakes/images/Artifact_stylegan3_sg3_stylegan3-t-metfaces-1024x1024_img003032.jpg,1,gan,2021-06-23,StyleGAN3,data/preprocessed/crop200_align16/Artifact_stylegan3_sg3_stylegan3-t-metfaces-1024x1024_img003032.png,-17.755943298339844,-9.900017738342283,-5.102507591247559,-3.8216347694396977,-0.029296875,fake
DMimageDetection/test/stylegan3_t_ffhqu_1024x1024/seed12678157,data/fakes/images/DMimageDetection_test_stylegan3_t_ffhqu_1024x1024_seed12678157.jpg,1,gan,2021-06-23,StyleGAN3,data/preprocessed/crop200_align16/DMimageDetection_test_stylegan3_t_ffhqu_1024x1024_seed12678157.png,-4.429142951965332,0.1656265258789062,-1.9239476919174192,-4.139476299285889,-0.035736083984375,fake
Artifact/lama/lama/lama-dataset/celeb/lamaDeep/img001290,data/fakes/images/Artifact_lama_lama_lama-dataset_celeb_lamaDeep_img001290.jpg,1,inpainting,2021-09-15,LaMa,data/preprocessed/crop200_align16/Artifact_lama_lama_lama-dataset_celeb_lamaDeep_img001290.png,-3.523267984390259,-1.6525150537490845,-1.3693302869796753,0.4256252944469452,-0.0237579345703125,fake
Artifact/lama/lama/lama-dataset/celeb/lamaDeep/img001546,data/fakes/images/Artifact_lama_lama_lama-dataset_celeb_lamaDeep_img001546.jpg,1,inpainting,2021-09-15,LaMa,data/preprocessed/crop200_align16/Artifact_lama_lama_lama-dataset_celeb_lamaDeep_img001546.png,-9.68087673187256,-2.520869731903076,-6.80035924911499,-2.255023717880249,-0.0233917236328125,fake
Artifact/lama/lama/lama-dataset/celeb/lamaDeep/img001993,data/fakes/images/Artifact_lama_lama_lama-dataset_celeb_lamaDeep_img001993.jpg,1,inpainting,2021-09-15,LaMa,data/preprocessed/crop200_align16/Artifact_lama_lama_lama-dataset_celeb_lamaDeep_img001993.png,-21.33925437927246,-2.1971235275268555,-6.300069332122803,-3.95388126373291,-0.032196044921875,fake
Artifact/lama/lama/lama-dataset/celeb/lamaDeep/img002808,data/fakes/images/Artifact_lama_lama_lama-dataset_celeb_lamaDeep_img002808.jpg,1,inpainting,2021-09-15,LaMa,data/preprocessed/crop200_align16/Artifact_lama_lama_lama-dataset_celeb_lamaDeep_img002808.png,-6.480325698852539,1.630029320716858,0.2504967153072357,-0.2627185583114624,-0.0269317626953125,fake
Artifact/lama/lama/lama-dataset/celeb/lamaDilated/img005493,data/fakes/images/Artifact_lama_lama_lama-dataset_celeb_lamaDilated_img005493.jpg,1,inpainting,2021-09-15,LaMa,data/preprocessed/crop200_align16/Artifact_lama_lama_lama-dataset_celeb_lamaDilated_img005493.png,-23.83312606811523,-5.659844875335693,-10.016096115112305,-5.6190900802612305,-0.0297393798828125,fake
Artifact/lama/lama/lama-dataset/celeb/lamaDilated/img005928,data/fakes/images/Artifact_lama_lama_lama-dataset_celeb_lamaDilated_img005928.jpg,1,inpainting,2021-09-15,LaMa,data/preprocessed/crop200_align16/Artifact_lama_lama_lama-dataset_celeb_lamaDilated_img005928.png,-8.599215507507324,-9.75305461883545,-4.740893840789795,-0.0885936990380287,-0.0247344970703125,fake
Artifact/lama/lama/lama-dataset/celeb/lamaFourier/img009907,data/fakes/images/Artifact_lama_lama_lama-dataset_celeb_lamaFourier_img009907.jpg,1,inpainting,2021-09-15,LaMa,data/preprocessed/crop200_align16/Artifact_lama_lama_lama-dataset_celeb_lamaFourier_img009907.png,-10.51838207244873,-5.423187255859375,-6.245778560638428,-1.894484043121338,-0.0264739990234375,fake
Artifact/lama/lama/lama-dataset/places/bigLama/img011015,data/fakes/images/Artifact_lama_lama_lama-dataset_places_bigLama_img011015.jpg,1,inpainting,2021-09-15,LaMa,data/preprocessed/crop200_align16/Artifact_lama_lama_lama-dataset_places_bigLama_img011015.png,-10.769055366516112,-5.204071998596191,-2.2479798793792725,-9.539721488952637,-0.06146240234375,fake
Artifact/lama/lama/lama-dataset/places/bigLama/img012657,data/fakes/images/Artifact_lama_lama_lama-dataset_places_bigLama_img012657.jpg,1,inpainting,2021-09-15,LaMa,data/preprocessed/crop200_align16/Artifact_lama_lama_lama-dataset_places_bigLama_img012657.png,-15.376452445983888,-8.88000202178955,-6.867572784423828,-10.17595100402832,-0.03765869140625,fake
Artifact/lama/lama/lama-dataset/places/lamaDilated/img014220,data/fakes/images/Artifact_lama_lama_lama-dataset_places_lamaDilated_img014220.jpg,1,inpainting,2021-09-15,LaMa,data/preprocessed/crop200_align16/Artifact_lama_lama_lama-dataset_places_lamaDilated_img014220.png,-31.675064086914062,-9.620640754699709,-19.059558868408203,-14.685532569885254,-0.0498046875,fake
Artifact/lama/lama/lama-dataset/places/lamaFourier/img018174,data/fakes/images/Artifact_lama_lama_lama-dataset_places_lamaFourier_img018174.jpg,1,inpainting,2021-09-15,LaMa,data/preprocessed/crop200_align16/Artifact_lama_lama_lama-dataset_places_lamaFourier_img018174.png,-17.87779998779297,-1.3692936897277832,-9.487668991088867,-17.440032958984375,-0.0254364013671875,fake
Artifact/lama/lama/lama-dataset/places/lamaFourier/img018500,data/fakes/images/Artifact_lama_lama_lama-dataset_places_lamaFourier_img018500.jpg,1,inpainting,2021-09-15,LaMa,data/preprocessed/crop200_align16/Artifact_lama_lama_lama-dataset_places_lamaFourier_img018500.png,-27.55902099609375,-11.87071132659912,-13.927857398986816,-8.221921920776367,-0.016632080078125,fake
Artifact/lama/lama/lama-dataset/places/lamaFourier/img018530,data/fakes/images/Artifact_lama_lama_lama-dataset_places_lamaFourier_img018530.jpg,1,inpainting,2021-09-15,LaMa,data/preprocessed/crop200_align16/Artifact_lama_lama_lama-dataset_places_lamaFourier_img018530.png,-7.9421539306640625,-4.895759105682373,-7.040781021118164,-2.256273031234741,-0.02166748046875,fake
Artifact/lama/lama/lama-dataset/places/lamaFourier/img018571,data/fakes/images/Artifact_lama_lama_lama-dataset_places_lamaFourier_img018571.jpg,1,inpainting,2021-09-15,LaMa,data/preprocessed/crop200_align16/Artifact_lama_lama_lama-dataset_places_lamaFourier_img018571.png,2.019190549850464,-4.6621294021606445,-1.82644784450531,-20.168682098388672,-0.0643310546875,fake
Artifact/lama/lama/lama-dataset/places/lamaFourier/img020779,data/fakes/images/Artifact_lama_lama_lama-dataset_places_lamaFourier_img020779.jpg,1,inpainting,2021-09-15,LaMa,data/preprocessed/crop200_align16/Artifact_lama_lama_lama-dataset_places_lamaFourier_img020779.png,-6.661004066467285,-7.009427070617676,-10.605775833129885,-16.395687103271484,-0.0243988037109375,fake
Artifact/lama/lama/lama-dataset/places/lamaRegular/img021538,data/fakes/images/Artifact_lama_lama_lama-dataset_places_lamaRegular_img021538.jpg,1,inpainting,2021-09-15,LaMa,data/preprocessed/crop200_align16/Artifact_lama_lama_lama-dataset_places_lamaRegular_img021538.png,-16.0876407623291,-0.3875254392623901,-8.506982803344727,-20.864099502563477,-0.039154052734375,fake
Artifact/lama/lama/lama-dataset/places/lamaRegular/img023446,data/fakes/images/Artifact_lama_lama_lama-dataset_places_lamaRegular_img023446.jpg,1,inpainting,2021-09-15,LaMa,data/preprocessed/crop200_align16/Artifact_lama_lama_lama-dataset_places_lamaRegular_img023446.png,-13.134881973266602,-6.176046371459961,-6.320979118347168,-12.141263961791992,-0.036895751953125,fake
Artifact/face_synthetics/facesyn/images/img000134,data/fakes/images/Artifact_face_synthetics_facesyn_images_img000134.jpg,1,graphics,2021-09-30,FaceSynthetics,data/preprocessed/crop200_align16/Artifact_face_synthetics_facesyn_images_img000134.png,-26.72802734375,-4.928651332855225,-15.19906234741211,-10.21308422088623,-0.029541015625,fake
Artifact/face_synthetics/facesyn/images/img000958,data/fakes/images/Artifact_face_synthetics_facesyn_images_img000958.jpg,1,graphics,2021-09-30,FaceSynthetics,data/preprocessed/crop200_align16/Artifact_face_synthetics_facesyn_images_img000958.png,-27.898271560668945,-4.4106059074401855,-11.214898109436035,-8.520142555236816,-0.036834716796875,fake
Artifact/face_synthetics/facesyn/images/img001571,data/fakes/images/Artifact_face_synthetics_facesyn_images_img001571.jpg,1,graphics,2021-09-30,FaceSynthetics,data/preprocessed/crop200_align16/Artifact_face_synthetics_facesyn_images_img001571.png,-26.298267364501953,-4.657291412353516,-9.215961456298828,-9.55844020843506,-0.0251922607421875,fake
Artifact/face_synthetics/facesyn/images/img001657,data/fakes/images/Artifact_face_synthetics_facesyn_images_img001657.jpg,1,graphics,2021-09-30,FaceSynthetics,data/preprocessed/crop200_align16/Artifact_face_synthetics_facesyn_images_img001657.png,-12.597823143005373,-6.001873016357422,-18.26839828491211,-18.96855926513672,-0.03289794921875,fake
Artifact/face_synthetics/facesyn/images/img001728,data/fakes/images/Artifact_face_synthetics_facesyn_images_img001728.jpg,1,graphics,2021-09-30,FaceSynthetics,data/preprocessed/crop200_align16/Artifact_face_synthetics_facesyn_images_img001728.png,-24.175460815429688,-5.418526649475098,-4.5337982177734375,-6.7615156173706055,-0.0182647705078125,fake
Artifact/face_synthetics/facesyn/images/img002232,data/fakes/images/Artifact_face_synthetics_facesyn_images_img002232.jpg,1,graphics,2021-09-30,FaceSynthetics,data/preprocessed/crop200_align16/Artifact_face_synthetics_facesyn_images_img002232.png,-28.94263458251953,-8.741917610168457,-25.715288162231445,-19.16681480407715,-0.03619384765625,fake
Artifact/face_synthetics/facesyn/images/img003709,data/fakes/images/Artifact_face_synthetics_facesyn_images_img003709.jpg,1,graphics,2021-09-30,FaceSynthetics,data/preprocessed/crop200_align16/Artifact_face_synthetics_facesyn_images_img003709.png,-26.247806549072266,-6.481021404266357,-9.829864501953123,-0.4308754801750183,-0.0205841064453125,fake
Artifact/face_synthetics/facesyn/images/img006355,data/fakes/images/Artifact_face_synthetics_facesyn_images_img006355.jpg,1,graphics,2021-09-30,FaceSynthetics,data/preprocessed/crop200_align16/Artifact_face_synthetics_facesyn_images_img006355.png,-22.04201316833496,-10.62043571472168,-7.583175659179688,-3.0122227668762207,-0.0129852294921875,fake
Artifact/face_synthetics/facesyn/images/img006393,data/fakes/images/Artifact_face_synthetics_facesyn_images_img006393.jpg,1,graphics,2021-09-30,FaceSynthetics,data/preprocessed/crop200_align16/Artifact_face_synthetics_facesyn_images_img006393.png,-31.103843688964844,-8.172012329101562,-9.572826385498049,-2.344363212585449,-0.0173492431640625,fake
Artifact/face_synthetics/facesyn/images/img006952,data/fakes/images/Artifact_face_synthetics_facesyn_images_img006952.jpg,1,graphics,2021-09-30,FaceSynthetics,data/preprocessed/crop200_align16/Artifact_face_synthetics_facesyn_images_img006952.png,-22.114187240600582,-6.281035900115967,-20.63812828063965,-16.783601760864258,-0.045654296875,fake
Artifact/face_synthetics/facesyn/images/img007170,data/fakes/images/Artifact_face_synthetics_facesyn_images_img007170.jpg,1,graphics,2021-09-30,FaceSynthetics,data/preprocessed/crop200_align16/Artifact_face_synthetics_facesyn_images_img007170.png,-26.82986640930176,-8.551177978515625,-3.824334383010864,-6.84653902053833,-0.02764892578125,fake
Artifact/face_synthetics/facesyn/images/img007431,data/fakes/images/Artifact_face_synthetics_facesyn_images_img007431.jpg,1,graphics,2021-09-30,FaceSynthetics,data/preprocessed/crop200_align16/Artifact_face_synthetics_facesyn_images_img007431.png,-19.995586395263672,-6.233371734619141,-16.17395782470703,-14.45901870727539,-0.0293731689453125,fake
Artifact/face_synthetics/facesyn/images/img007596,data/fakes/images/Artifact_face_synthetics_facesyn_images_img007596.jpg,1,graphics,2021-09-30,FaceSynthetics,data/preprocessed/crop200_align16/Artifact_face_synthetics_facesyn_images_img007596.png,-18.262723922729492,-11.3754243850708,-12.251230239868164,-6.721960067749023,-0.031829833984375,fake
Artifact/face_synthetics/facesyn/images/img007602,data/fakes/images/Artifact_face_synthetics_facesyn_images_img007602.jpg,1,graphics,2021-09-30,FaceSynthetics,data/preprocessed/crop200_align16/Artifact_face_synthetics_facesyn_images_img007602.png,-33.02864456176758,-8.801858901977539,-28.72552490234375,-11.579434394836426,-0.0194549560546875,fake
Artifact/face_synthetics/facesyn/images/img007907,data/fakes/images/Artifact_face_synthetics_facesyn_images_img007907.jpg,1,graphics,2021-09-30,FaceSynthetics,data/preprocessed/crop200_align16/Artifact_face_synthetics_facesyn_images_img007907.png,-12.718440055847168,-5.358360290527344,-2.9514949321746826,-1.3549752235412598,-0.02398681640625,fake
Artifact/face_synthetics/facesyn/images/img008557,data/fakes/images/Artifact_face_synthetics_facesyn_images_img008557.jpg,1,graphics,2021-09-30,FaceSynthetics,data/preprocessed/crop200_align16/Artifact_face_synthetics_facesyn_images_img008557.png,-26.07919692993164,-9.791054725646973,-8.8355131149292,-8.795387268066406,-0.0204925537109375,fake
Artifact/face_synthetics/facesyn/images/img008748,data/fakes/images/Artifact_face_synthetics_facesyn_images_img008748.jpg,1,graphics,2021-09-30,FaceSynthetics,data/preprocessed/crop200_align16/Artifact_face_synthetics_facesyn_images_img008748.png,-35.374881744384766,-10.209826469421388,-13.427780151367188,-3.7123446464538574,-0.021026611328125,fake
Artifact/projected_gan/proj/art_painting/img000077,data/fakes/images/Artifact_projected_gan_proj_art_painting_img000077.jpg,1,gan,2021-11-01,ProjectedGAN,data/preprocessed/crop200_align16/Artifact_projected_gan_proj_art_painting_img000077.png,4.210392475128174,-1.7589706182479858,7.036416530609131,-20.77134132385254,-0.055877685546875,fake
Artifact/projected_gan/proj/art_painting/img000639,data/fakes/images/Artifact_projected_gan_proj_art_painting_img000639.jpg,1,gan,2021-11-01,ProjectedGAN,data/preprocessed/crop200_align16/Artifact_projected_gan_proj_art_painting_img000639.png,-4.462923049926758,2.3565096855163574,0.4905661046504974,-18.14289093017578,-0.06475830078125,fake
Artifact/projected_gan/proj/art_painting/img001983,data/fakes/images/Artifact_projected_gan_proj_art_painting_img001983.jpg,1,gan,2021-11-01,ProjectedGAN,data/preprocessed/crop200_align16/Artifact_projected_gan_proj_art_painting_img001983.png,0.3095942437648773,-2.5995020866394043,1.0654457807540894,-6.735512733459473,-0.054443359375,fake
Artifact/projected_gan/proj/bedroom/img002572,data/fakes/images/Artifact_projected_gan_proj_bedroom_img002572.jpg,1,gan,2021-11-01,ProjectedGAN,data/preprocessed/crop200_align16/Artifact_projected_gan_proj_bedroom_img002572.png,0.7131596803665161,-7.461004257202148,5.999996185302734,1.4858379364013672,-0.03533935546875,fake
Artifact/projected_gan/proj/bedroom/img003244,data/fakes/images/Artifact_projected_gan_proj_bedroom_img003244.jpg,1,gan,2021-11-01,ProjectedGAN,data/preprocessed/crop200_align16/Artifact_projected_gan_proj_bedroom_img003244.png,-6.3107428550720215,-2.9532217979431152,3.410484313964844,0.3730561435222626,-0.0205230712890625,fake
Artifact/projected_gan/proj/ffhq/img008126,data/fakes/images/Artifact_projected_gan_proj_ffhq_img008126.jpg,1,gan,2021-11-01,ProjectedGAN,data/preprocessed/crop200_align16/Artifact_projected_gan_proj_ffhq_img008126.png,-34.602474212646484,-1.7172335386276243,-1.8359408378601072,-8.687179565429688,-0.0260009765625,fake
Artifact/projected_gan/proj/landscape/img010396,data/fakes/images/Artifact_projected_gan_proj_landscape_img010396.jpg,1,gan,2021-11-01,ProjectedGAN,data/preprocessed/crop200_align16/Artifact_projected_gan_proj_landscape_img010396.png,-2.585085153579712,-1.2814452648162842,-0.1522647589445114,-7.765129089355469,-0.040679931640625,fake
DDMD/diffusion_model_deepfakes_lsun_bedroom/test/ProjectedGAN/seed1042,data/fakes/images/DDMD_diffusion_model_deepfakes_lsun_bedroom_test_ProjectedGAN_seed1042.jpg,1,gan,2021-11-01,ProjectedGAN,data/preprocessed/crop200_align16/DDMD_diffusion_model_deepfakes_lsun_bedroom_test_ProjectedGAN_seed1042.png,-5.784064292907715,10.488513946533203,5.556684494018555,-4.806319713592529,-0.045806884765625,fake
DDMD/diffusion_model_deepfakes_lsun_bedroom/test/ProjectedGAN/seed1690,data/fakes/images/DDMD_diffusion_model_deepfakes_lsun_bedroom_test_ProjectedGAN_seed1690.jpg,1,gan,2021-11-01,ProjectedGAN,data/preprocessed/crop200_align16/DDMD_diffusion_model_deepfakes_lsun_bedroom_test_ProjectedGAN_seed1690.png,-5.787464141845703,0.1058325767517089,-2.09436297416687,-4.557810306549072,-0.046875,fake
DDMD/diffusion_model_deepfakes_lsun_bedroom/test/ProjectedGAN/seed3297,data/fakes/images/DDMD_diffusion_model_deepfakes_lsun_bedroom_test_ProjectedGAN_seed3297.jpg,1,gan,2021-11-01,ProjectedGAN,data/preprocessed/crop200_align16/DDMD_diffusion_model_deepfakes_lsun_bedroom_test_ProjectedGAN_seed3297.png,-6.145593166351318,-5.536850452423096,5.165234565734863,6.451901912689209,-0.03228759765625,fake
DDMD/diffusion_model_deepfakes_lsun_bedroom/test/ProjectedGAN/seed3908,data/fakes/images/DDMD_diffusion_model_deepfakes_lsun_bedroom_test_ProjectedGAN_seed3908.jpg,1,gan,2021-11-01,ProjectedGAN,data/preprocessed/crop200_align16/DDMD_diffusion_model_deepfakes_lsun_bedroom_test_ProjectedGAN_seed3908.png,12.039472579956056,2.740601062774658,9.580570220947266,1.469082236289978,-0.03271484375,fake
DDMD/diffusion_model_deepfakes_lsun_bedroom/test/ProjectedGAN/seed4778,data/fakes/images/DDMD_diffusion_model_deepfakes_lsun_bedroom_test_ProjectedGAN_seed4778.jpg,1,gan,2021-11-01,ProjectedGAN,data/preprocessed/crop200_align16/DDMD_diffusion_model_deepfakes_lsun_bedroom_test_ProjectedGAN_seed4778.png,-16.384925842285156,2.9451422691345215,5.120866298675537,3.031179666519165,-0.0227508544921875,fake
DDMD/diffusion_model_deepfakes_lsun_bedroom/test/ProjectedGAN/seed5026,data/fakes/images/DDMD_diffusion_model_deepfakes_lsun_bedroom_test_ProjectedGAN_seed5026.jpg,1,gan,2021-11-01,ProjectedGAN,data/preprocessed/crop200_align16/DDMD_diffusion_model_deepfakes_lsun_bedroom_test_ProjectedGAN_seed5026.png,-15.346013069152832,6.424898624420166,-1.2018893957138062,-2.8548543453216553,-0.02325439453125,fake
DDMD/diffusion_model_deepfakes_lsun_bedroom/test/ProjectedGAN/seed6369,data/fakes/images/DDMD_diffusion_model_deepfakes_lsun_bedroom_test_ProjectedGAN_seed6369.jpg,1,gan,2021-11-01,ProjectedGAN,data/preprocessed/crop200_align16/DDMD_diffusion_model_deepfakes_lsun_bedroom_test_ProjectedGAN_seed6369.png,-9.36413860321045,-2.2185025215148926,-1.4427984952926636,1.1060707569122314,-0.042388916015625,fake
DDMD/diffusion_model_deepfakes_lsun_bedroom/test/ProjectedGAN/seed6416,data/fakes/images/DDMD_diffusion_model_deepfakes_lsun_bedroom_test_ProjectedGAN_seed6416.jpg,1,gan,2021-11-01,ProjectedGAN,data/preprocessed/crop200_align16/DDMD_diffusion_model_deepfakes_lsun_bedroom_test_ProjectedGAN_seed6416.png,-6.647956848144531,-0.8126357793807983,5.265924453735352,1.3982012271881104,-0.028717041015625,fake
DDMD/diffusion_model_deepfakes_lsun_bedroom/test/ProjectedGAN/seed7238,data/fakes/images/DDMD_diffusion_model_deepfakes_lsun_bedroom_test_ProjectedGAN_seed7238.jpg,1,gan,2021-11-01,ProjectedGAN,data/preprocessed/crop200_align16/DDMD_diffusion_model_deepfakes_lsun_bedroom_test_ProjectedGAN_seed7238.png,-11.927838325500488,-0.3505876064300537,-0.7743410468101501,1.0816123485565186,-0.0259552001953125,fake
DDMD/diffusion_model_deepfakes_lsun_bedroom/test/ProjectedGAN/seed8729,data/fakes/images/DDMD_diffusion_model_deepfakes_lsun_bedroom_test_ProjectedGAN_seed8729.jpg,1,gan,2021-11-01,ProjectedGAN,data/preprocessed/crop200_align16/DDMD_diffusion_model_deepfakes_lsun_bedroom_test_ProjectedGAN_seed8729.png,-12.785765647888184,8.271001815795898,2.4566903114318848,-12.059218406677246,-0.05010986328125,fake
Artifact/palette/palette/images/img001005,data/fakes/images/Artifact_palette_palette_images_img001005.jpg,1,diffusion,2021-11-10,Palette,data/preprocessed/crop200_align16/Artifact_palette_palette_images_img001005.png,-0.1531422734260559,1.8171824216842651,-6.7013115882873535,-5.247929573059082,-0.03302001953125,fake
Artifact/palette/palette/images/img001236,data/fakes/images/Artifact_palette_palette_images_img001236.jpg,1,diffusion,2021-11-10,Palette,data/preprocessed/crop200_align16/Artifact_palette_palette_images_img001236.png,-19.34347915649414,-4.552797794342041,-6.2557902336120605,-5.942599296569824,-0.0241851806640625,fake
Artifact/palette/palette/images/img001306,data/fakes/images/Artifact_palette_palette_images_img001306.jpg,1,diffusion,2021-11-10,Palette,data/preprocessed/crop200_align16/Artifact_palette_palette_images_img001306.png,-9.454818725585938,1.1445412635803225,-5.450771331787109,-0.442352831363678,-0.0226593017578125,fake
Artifact/palette/palette/images/img001720,data/fakes/images/Artifact_palette_palette_images_img001720.jpg,1,diffusion,2021-11-10,Palette,data/preprocessed/crop200_align16/Artifact_palette_palette_images_img001720.png,-7.97799015045166,-3.184560775756836,-5.040069103240967,-0.5072419047355652,-0.0263824462890625,fake
Artifact/palette/palette/images/img001961,data/fakes/images/Artifact_palette_palette_images_img001961.jpg,1,diffusion,2021-11-10,Palette,data/preprocessed/crop200_align16/Artifact_palette_palette_images_img001961.png,-24.796480178833008,-0.6959513425827026,-9.057069778442385,-4.707418441772461,-0.0303192138671875,fake
Artifact/palette/palette/images/img002090,data/fakes/images/Artifact_palette_palette_images_img002090.jpg,1,diffusion,2021-11-10,Palette,data/preprocessed/crop200_align16/Artifact_palette_palette_images_img002090.png,-11.075838088989258,-5.874191761016846,-5.352964401245117,-3.4225761890411377,-0.0265655517578125,fake
Artifact/palette/palette/images/img002463,data/fakes/images/Artifact_palette_palette_images_img002463.jpg,1,diffusion,2021-11-10,Palette,data/preprocessed/crop200_align16/Artifact_palette_palette_images_img002463.png,-9.128375053405762,-4.694603443145752,-3.693115711212158,-7.862442016601563,-0.02984619140625,fake
Artifact/palette/palette/images/img002821,data/fakes/images/Artifact_palette_palette_images_img002821.jpg,1,diffusion,2021-11-10,Palette,data/preprocessed/crop200_align16/Artifact_palette_palette_images_img002821.png,-3.053086042404175,-3.5853052139282227,-3.186903238296509,2.0963900089263916,-0.02557373046875,fake
Artifact/palette/palette/images/img003285,data/fakes/images/Artifact_palette_palette_images_img003285.jpg,1,diffusion,2021-11-10,Palette,data/preprocessed/crop200_align16/Artifact_palette_palette_images_img003285.png,-12.934731483459473,-1.5801376104354858,-1.7579339742660522,1.2533475160598757,-0.0285186767578125,fake
Artifact/palette/palette/images/img003931,data/fakes/images/Artifact_palette_palette_images_img003931.jpg,1,diffusion,2021-11-10,Palette,data/preprocessed/crop200_align16/Artifact_palette_palette_images_img003931.png,-19.706024169921875,-2.2573909759521484,-8.989095687866211,-1.1910130977630615,-0.0221405029296875,fake
Artifact/palette/palette/images/img004013,data/fakes/images/Artifact_palette_palette_images_img004013.jpg,1,diffusion,2021-11-10,Palette,data/preprocessed/crop200_align16/Artifact_palette_palette_images_img004013.png,-20.497947692871097,-0.8121825456619263,-11.053479194641112,-2.420536994934082,-0.03472900390625,fake
Artifact/palette/palette/images/img004317,data/fakes/images/Artifact_palette_palette_images_img004317.jpg,1,diffusion,2021-11-10,Palette,data/preprocessed/crop200_align16/Artifact_palette_palette_images_img004317.png,-16.685256958007812,-3.1061253547668457,-6.299261569976807,-0.5757558345794678,-0.03192138671875,fake
Artifact/palette/palette/images/img004810,data/fakes/images/Artifact_palette_palette_images_img004810.jpg,1,diffusion,2021-11-10,Palette,data/preprocessed/crop200_align16/Artifact_palette_palette_images_img004810.png,-16.92863655090332,-2.854738235473633,-10.632367134094238,-2.4298253059387207,-0.0302886962890625,fake
Artifact/palette/palette/images/img004969,data/fakes/images/Artifact_palette_palette_images_img004969.jpg,1,diffusion,2021-11-10,Palette,data/preprocessed/crop200_align16/Artifact_palette_palette_images_img004969.png,-12.53554344177246,-0.9470208883285522,-10.89548397064209,-5.760047435760498,-0.0296783447265625,fake
Artifact/palette/palette/images/img005143,data/fakes/images/Artifact_palette_palette_images_img005143.jpg,1,diffusion,2021-11-10,Palette,data/preprocessed/crop200_align16/Artifact_palette_palette_images_img005143.png,-17.850627899169922,-3.84080171585083,-4.881763458251953,0.4245245158672333,-0.02520751953125,fake
Artifact/palette/palette/images/img005607,data/fakes/images/Artifact_palette_palette_images_img005607.jpg,1,diffusion,2021-11-10,Palette,data/preprocessed/crop200_align16/Artifact_palette_palette_images_img005607.png,-13.296329498291016,-2.3789596557617188,-7.667202949523926,-7.12479305267334,-0.0272064208984375,fake
Artifact/palette/palette/images/img005781,data/fakes/images/Artifact_palette_palette_images_img005781.jpg,1,diffusion,2021-11-10,Palette,data/preprocessed/crop200_align16/Artifact_palette_palette_images_img005781.png,-21.113889694213867,-4.578390598297119,-12.405656814575195,-4.769192695617676,-0.0222930908203125,fake
Artifact/vq_diffusion/vqdiff-imgnet/148/img000550,data/fakes/images/Artifact_vq_diffusion_vqdiff-imgnet_148_img000550.jpg,1,diffusion,2021-11-29,VQ-Diffusion,data/preprocessed/crop200_align16/Artifact_vq_diffusion_vqdiff-imgnet_148_img000550.png,-9.853014945983888,-3.900579929351806,-5.102540016174316,1.30782151222229,-0.04925537109375,fake
Artifact/vq_diffusion/vqdiff-imgnet/219/img001342,data/fakes/images/Artifact_vq_diffusion_vqdiff-imgnet_219_img001342.jpg,1,diffusion,2021-11-29,VQ-Diffusion,data/preprocessed/crop200_align16/Artifact_vq_diffusion_vqdiff-imgnet_219_img001342.png,-18.81063461303711,-2.312592029571533,-4.574029922485352,-4.515644550323486,-0.0341796875,fake
Artifact/vq_diffusion/vqdiff-imgnet/243/img001611,data/fakes/images/Artifact_vq_diffusion_vqdiff-imgnet_243_img001611.jpg,1,diffusion,2021-11-29,VQ-Diffusion,data/preprocessed/crop200_align16/Artifact_vq_diffusion_vqdiff-imgnet_243_img001611.png,-10.944910049438477,1.775666117668152,-4.816852569580078,-1.528830885887146,-0.034088134765625,fake
Artifact/vq_diffusion/vqdiff-imgnet/253/img001727,data/fakes/images/Artifact_vq_diffusion_vqdiff-imgnet_253_img001727.jpg,1,diffusion,2021-11-29,VQ-Diffusion,data/preprocessed/crop200_align16/Artifact_vq_diffusion_vqdiff-imgnet_253_img001727.png,-15.284735679626465,-3.555474758148194,-6.432555675506592,-4.725452899932861,-0.03399658203125,fake
Artifact/vq_diffusion/vqdiff-imgnet/261/img001816,data/fakes/images/Artifact_vq_diffusion_vqdiff-imgnet_261_img001816.jpg,1,diffusion,2021-11-29,VQ-Diffusion,data/preprocessed/crop200_align16/Artifact_vq_diffusion_vqdiff-imgnet_261_img001816.png,-18.03412628173828,-7.754518985748291,-5.838077545166016,-0.9331949949264526,-0.045745849609375,fake
Artifact/vq_diffusion/vqdiff-imgnet/412/img003497,data/fakes/images/Artifact_vq_diffusion_vqdiff-imgnet_412_img003497.jpg,1,diffusion,2021-11-29,VQ-Diffusion,data/preprocessed/crop200_align16/Artifact_vq_diffusion_vqdiff-imgnet_412_img003497.png,-24.37677001953125,-1.0015099048614502,-7.083924293518066,2.487196207046509,-0.034637451171875,fake
Artifact/vq_diffusion/vqdiff-imgnet/492/img004371,data/fakes/images/Artifact_vq_diffusion_vqdiff-imgnet_492_img004371.jpg,1,diffusion,2021-11-29,VQ-Diffusion,data/preprocessed/crop200_align16/Artifact_vq_diffusion_vqdiff-imgnet_492_img004371.png,-19.036563873291016,-5.670657634735107,-5.699394702911377,-2.2925219535827637,-0.047637939453125,fake
Artifact/vq_diffusion/vqdiff-imgnet/540/img004918,data/fakes/images/Artifact_vq_diffusion_vqdiff-imgnet_540_img004918.jpg,1,diffusion,2021-11-29,VQ-Diffusion,data/preprocessed/crop200_align16/Artifact_vq_diffusion_vqdiff-imgnet_540_img004918.png,-21.449308395385746,-4.78305196762085,-2.309837579727173,-2.147768020629883,-0.04315185546875,fake
Artifact/vq_diffusion/vqdiff-imgnet/717/img006878,data/fakes/images/Artifact_vq_diffusion_vqdiff-imgnet_717_img006878.jpg,1,diffusion,2021-11-29,VQ-Diffusion,data/preprocessed/crop200_align16/Artifact_vq_diffusion_vqdiff-imgnet_717_img006878.png,-7.6152729988098145,-4.109109401702881,-0.0301115959882736,-6.592883586883545,-0.0426025390625,fake
Artifact/vq_diffusion/vqdiff-imgnet/877/img008645,data/fakes/images/Artifact_vq_diffusion_vqdiff-imgnet_877_img008645.jpg,1,diffusion,2021-11-29,VQ-Diffusion,data/preprocessed/crop200_align16/Artifact_vq_diffusion_vqdiff-imgnet_877_img008645.png,-11.247492790222168,2.1198344230651855,-11.144644737243652,7.9816460609436035,-0.0244903564453125,fake
GenImage/VQ-Diffusion/train/ai/VQDM_1000_200_05_544_vqdm_00179,data/fakes/images/GenImage_VQ-Diffusion_train_ai_VQDM_1000_200_05_544_vqdm_00179.jpg,1,diffusion,2021-11-29,VQ-Diffusion,data/preprocessed/crop200_align16/GenImage_VQ-Diffusion_train_ai_VQDM_1000_200_05_544_vqdm_00179.png,-11.543536186218262,1.862059950828552,-6.826201438903809,-0.9160208702087402,-0.046112060546875,fake
GenImage/VQ-Diffusion/train/ai/VQDM_1000_200_05_565_vqdm_00105,data/fakes/images/GenImage_VQ-Diffusion_train_ai_VQDM_1000_200_05_565_vqdm_00105.jpg,1,diffusion,2021-11-29,VQ-Diffusion,data/preprocessed/crop200_align16/GenImage_VQ-Diffusion_train_ai_VQDM_1000_200_05_565_vqdm_00105.png,-7.483320713043213,4.695798873901367,3.944457054138184,3.495284080505371,-0.03717041015625,fake
GenImage/VQ-Diffusion/train/ai/VQDM_1000_200_05_578_vqdm_00150,data/fakes/images/GenImage_VQ-Diffusion_train_ai_VQDM_1000_200_05_578_vqdm_00150.jpg,1,diffusion,2021-11-29,VQ-Diffusion,data/preprocessed/crop200_align16/GenImage_VQ-Diffusion_train_ai_VQDM_1000_200_05_578_vqdm_00150.png,-6.259483337402344,5.5672197341918945,-0.3989744484424591,-0.6776841878890991,-0.0124893188476562,fake
GenImage/VQ-Diffusion/train/ai/VQDM_1000_200_07_705_vqdm_00106,data/fakes/images/GenImage_VQ-Diffusion_train_ai_VQDM_1000_200_07_705_vqdm_00106.jpg,1,diffusion,2021-11-29,VQ-Diffusion,data/preprocessed/crop200_align16/GenImage_VQ-Diffusion_train_ai_VQDM_1000_200_07_705_vqdm_00106.png,-1.6094720363616943,1.1454203128814695,1.1131396293640137,5.116878986358643,-0.02447509765625,fake
GenImage/VQ-Diffusion/train/ai/VQDM_1000_200_07_741_vqdm_00034,data/fakes/images/GenImage_VQ-Diffusion_train_ai_VQDM_1000_200_07_741_vqdm_00034.jpg,1,diffusion,2021-11-29,VQ-Diffusion,data/preprocessed/crop200_align16/GenImage_VQ-Diffusion_train_ai_VQDM_1000_200_07_741_vqdm_00034.png,-18.632333755493164,-2.0607972145080566,-1.8248865604400637,2.368661642074585,-0.0260467529296875,fake
GenImage/VQ-Diffusion/train/ai/VQDM_1000_200_09_960_vqdm_00113,data/fakes/images/GenImage_VQ-Diffusion_train_ai_VQDM_1000_200_09_960_vqdm_00113.jpg,1,diffusion,2021-11-29,VQ-Diffusion,data/preprocessed/crop200_align16/GenImage_VQ-Diffusion_train_ai_VQDM_1000_200_09_960_vqdm_00113.png,-6.80387020111084,-1.6582399606704712,1.0636144876480105,-0.5069695115089417,-0.0259246826171875,fake
GenImage/VQ-Diffusion/val/ai/VQDM_1000_200_04_403_vqdm_00143,data/fakes/images/GenImage_VQ-Diffusion_val_ai_VQDM_1000_200_04_403_vqdm_00143.jpg,1,diffusion,2021-11-29,VQ-Diffusion,data/preprocessed/crop200_align16/GenImage_VQ-Diffusion_val_ai_VQDM_1000_200_04_403_vqdm_00143.png,-19.744361877441406,-1.3077986240386963,-3.723408937454224,2.415781021118164,-0.036590576171875,fake
Artifact/denoising_diffusion_gan/dgd/denoising-diffusion-gan-data/img000313,data/fakes/images/Artifact_denoising_diffusion_gan_dgd_denoising-diffusion-gan-data_img000313.jpg,1,diffusion,2021-12-16,Denoising Diffusion GAN,data/preprocessed/crop200_align16/Artifact_denoising_diffusion_gan_dgd_denoising-diffusion-gan-data_img000313.png,-10.320687294006348,0.8385587930679321,-5.813180446624756,-7.223849296569824,-0.03411865234375,fake
Artifact/denoising_diffusion_gan/dgd/denoising-diffusion-gan-data/img000367,data/fakes/images/Artifact_denoising_diffusion_gan_dgd_denoising-diffusion-gan-data_img000367.jpg,1,diffusion,2021-12-16,Denoising Diffusion GAN,data/preprocessed/crop200_align16/Artifact_denoising_diffusion_gan_dgd_denoising-diffusion-gan-data_img000367.png,-1.3551524877548218,1.137054204940796,-3.556745767593384,2.757305383682251,-0.02471923828125,fake
Artifact/denoising_diffusion_gan/dgd/denoising-diffusion-gan-data/img000794,data/fakes/images/Artifact_denoising_diffusion_gan_dgd_denoising-diffusion-gan-data_img000794.jpg,1,diffusion,2021-12-16,Denoising Diffusion GAN,data/preprocessed/crop200_align16/Artifact_denoising_diffusion_gan_dgd_denoising-diffusion-gan-data_img000794.png,-5.256804466247559,1.6780532598495483,-4.292505264282227,-0.6897163391113281,-0.035858154296875,fake
Artifact/denoising_diffusion_gan/dgd/denoising-diffusion-gan-data/img001030,data/fakes/images/Artifact_denoising_diffusion_gan_dgd_denoising-diffusion-gan-data_img001030.jpg,1,diffusion,2021-12-16,Denoising Diffusion GAN,data/preprocessed/crop200_align16/Artifact_denoising_diffusion_gan_dgd_denoising-diffusion-gan-data_img001030.png,-3.55228590965271,-1.5426048040390017,1.3529022932052612,-0.4613700211048126,-0.032135009765625,fake
Artifact/denoising_diffusion_gan/dgd/denoising-diffusion-gan-data/img001536,data/fakes/images/Artifact_denoising_diffusion_gan_dgd_denoising-diffusion-gan-data_img001536.jpg,1,diffusion,2021-12-16,Denoising Diffusion GAN,data/preprocessed/crop200_align16/Artifact_denoising_diffusion_gan_dgd_denoising-diffusion-gan-data_img001536.png,-14.92824935913086,-4.084345817565918,-7.1867828369140625,-0.3717992305755615,-0.0252227783203125,fake
Artifact/denoising_diffusion_gan/dgd/denoising-diffusion-gan-data/img002384,data/fakes/images/Artifact_denoising_diffusion_gan_dgd_denoising-diffusion-gan-data_img002384.jpg,1,diffusion,2021-12-16,Denoising Diffusion GAN,data/preprocessed/crop200_align16/Artifact_denoising_diffusion_gan_dgd_denoising-diffusion-gan-data_img002384.png,-4.948901653289795,-4.770656585693359,-0.7658697962760925,-3.0211472511291504,-0.037384033203125,fake
Artifact/denoising_diffusion_gan/dgd/denoising-diffusion-gan-data/img002640,data/fakes/images/Artifact_denoising_diffusion_gan_dgd_denoising-diffusion-gan-data_img002640.jpg,1,diffusion,2021-12-16,Denoising Diffusion GAN,data/preprocessed/crop200_align16/Artifact_denoising_diffusion_gan_dgd_denoising-diffusion-gan-data_img002640.png,-7.428020477294922,-4.543684959411621,-0.7942928671836853,-1.069002389907837,-0.031585693359375,fake
Artifact/denoising_diffusion_gan/dgd/denoising-diffusion-gan-data/img004877,data/fakes/images/Artifact_denoising_diffusion_gan_dgd_denoising-diffusion-gan-data_img004877.jpg,1,diffusion,2021-12-16,Denoising Diffusion GAN,data/preprocessed/crop200_align16/Artifact_denoising_diffusion_gan_dgd_denoising-diffusion-gan-data_img004877.png,-0.3878199756145477,-3.134143829345703,-0.821463406085968,-4.6686272621154785,-0.03472900390625,fake
Artifact/denoising_diffusion_gan/dgd/denoising-diffusion-gan-data/img005632,data/fakes/images/Artifact_denoising_diffusion_gan_dgd_denoising-diffusion-gan-data_img005632.jpg,1,diffusion,2021-12-16,Denoising Diffusion GAN,data/preprocessed/crop200_align16/Artifact_denoising_diffusion_gan_dgd_denoising-diffusion-gan-data_img005632.png,-18.53293228149414,-7.036426067352295,-3.3007147312164307,1.8117480278015137,-0.02557373046875,fake
Artifact/denoising_diffusion_gan/dgd/denoising-diffusion-gan-data/img006137,data/fakes/images/Artifact_denoising_diffusion_gan_dgd_denoising-diffusion-gan-data_img006137.jpg,1,diffusion,2021-12-16,Denoising Diffusion GAN,data/preprocessed/crop200_align16/Artifact_denoising_diffusion_gan_dgd_denoising-diffusion-gan-data_img006137.png,-17.315427780151367,-6.020684242248535,-4.160776615142822,-1.7983355522155762,-0.0302886962890625,fake
Artifact/denoising_diffusion_gan/dgd/denoising-diffusion-gan-data/img006155,data/fakes/images/Artifact_denoising_diffusion_gan_dgd_denoising-diffusion-gan-data_img006155.jpg,1,diffusion,2021-12-16,Denoising Diffusion GAN,data/preprocessed/crop200_align16/Artifact_denoising_diffusion_gan_dgd_denoising-diffusion-gan-data_img006155.png,-16.993865966796875,0.5260350704193115,-4.174100399017334,-0.2747578024864197,-0.0289764404296875,fake
Artifact/denoising_diffusion_gan/dgd/denoising-diffusion-gan-data/img006166,data/fakes/images/Artifact_denoising_diffusion_gan_dgd_denoising-diffusion-gan-data_img006166.jpg,1,diffusion,2021-12-16,Denoising Diffusion GAN,data/preprocessed/crop200_align16/Artifact_denoising_diffusion_gan_dgd_denoising-diffusion-gan-data_img006166.png,-12.290800094604492,-3.832778453826904,0.041421677917242,-2.6760878562927246,-0.03240966796875,fake
Artifact/denoising_diffusion_gan/dgd/denoising-diffusion-gan-data/img006907,data/fakes/images/Artifact_denoising_diffusion_gan_dgd_denoising-diffusion-gan-data_img006907.jpg,1,diffusion,2021-12-16,Denoising Diffusion GAN,data/preprocessed/crop200_align16/Artifact_denoising_diffusion_gan_dgd_denoising-diffusion-gan-data_img006907.png,-1.224214792251587,-2.9055986404418945,0.3656684458255768,1.938324213027954,-0.022125244140625,fake
Artifact/denoising_diffusion_gan/dgd/denoising-diffusion-gan-data/img007033,data/fakes/images/Artifact_denoising_diffusion_gan_dgd_denoising-diffusion-gan-data_img007033.jpg,1,diffusion,2021-12-16,Denoising Diffusion GAN,data/preprocessed/crop200_align16/Artifact_denoising_diffusion_gan_dgd_denoising-diffusion-gan-data_img007033.png,-6.04456090927124,0.6189379692077637,-0.5275164246559143,-4.842245101928711,-0.03863525390625,fake
Artifact/denoising_diffusion_gan/dgd/denoising-diffusion-gan-data/img007203,data/fakes/images/Artifact_denoising_diffusion_gan_dgd_denoising-diffusion-gan-data_img007203.jpg,1,diffusion,2021-12-16,Denoising Diffusion GAN,data/preprocessed/crop200_align16/Artifact_denoising_diffusion_gan_dgd_denoising-diffusion-gan-data_img007203.png,-15.57327365875244,-3.766937732696533,-6.274388313293457,-0.4503521919250488,-0.038848876953125,fake
Artifact/denoising_diffusion_gan/dgd/denoising-diffusion-gan-data/img007671,data/fakes/images/Artifact_denoising_diffusion_gan_dgd_denoising-diffusion-gan-data_img007671.jpg,1,diffusion,2021-12-16,Denoising Diffusion GAN,data/preprocessed/crop200_align16/Artifact_denoising_diffusion_gan_dgd_denoising-diffusion-gan-data_img007671.png,-4.41793155670166,-4.575258731842041,0.6550083756446838,-0.4682857990264892,-0.03155517578125,fake
Artifact/denoising_diffusion_gan/dgd/denoising-diffusion-gan-data/img008212,data/fakes/images/Artifact_denoising_diffusion_gan_dgd_denoising-diffusion-gan-data_img008212.jpg,1,diffusion,2021-12-16,Denoising Diffusion GAN,data/preprocessed/crop200_align16/Artifact_denoising_diffusion_gan_dgd_denoising-diffusion-gan-data_img008212.png,-23.970233917236328,-1.0138407945632937,-8.064690589904785,-1.2596652507781982,-0.03070068359375,fake
Artifact/glide/glide-in/images/img005520,data/fakes/images/Artifact_glide_glide-in_images_img005520.jpg,1,diffusion,2021-12-20,Glide,data/preprocessed/crop200_align16/Artifact_glide_glide-in_images_img005520.png,-36.26935958862305,-2.345611572265625,-24.938411712646484,-22.527935028076172,-0.03375244140625,fake
Artifact/glide/glide-in/images/img008267,data/fakes/images/Artifact_glide_glide-in_images_img008267.jpg,1,diffusion,2021-12-20,Glide,data/preprocessed/crop200_align16/Artifact_glide_glide-in_images_img008267.png,-23.673677444458008,3.503702163696289,-12.182868003845217,-8.390231132507324,-0.0269012451171875,fake
Artifact/glide/glide-t2i/images/img004688,data/fakes/images/Artifact_glide_glide-t2i_images_img004688.jpg,1,diffusion,2021-12-20,Glide,data/preprocessed/crop200_align16/Artifact_glide_glide-t2i_images_img004688.png,-17.537601470947266,-1.202059030532837,-2.972076892852783,-2.4712188243865967,-0.0201416015625,fake
Artifact/glide/glide-t2i/images/img005269,data/fakes/images/Artifact_glide_glide-t2i_images_img005269.jpg,1,diffusion,2021-12-20,Glide,data/preprocessed/crop200_align16/Artifact_glide_glide-t2i_images_img005269.png,-13.29356861114502,-1.758998990058899,-3.344057083129883,-1.1255861520767212,-0.02032470703125,fake
Artifact/glide/glide-t2i/images/img006981,data/fakes/images/Artifact_glide_glide-t2i_images_img006981.jpg,1,diffusion,2021-12-20,Glide,data/preprocessed/crop200_align16/Artifact_glide_glide-t2i_images_img006981.png,-18.273122787475582,-3.121335983276367,-8.101987838745117,0.7272627353668213,-0.0187835693359375,fake
DMimageDetection/test/glide_text2img_valid/ann000000173889,data/fakes/images/DMimageDetection_test_glide_text2img_valid_ann000000173889.jpg,1,diffusion,2021-12-20,Glide,data/preprocessed/crop200_align16/DMimageDetection_test_glide_text2img_valid_ann000000173889.png,-17.175830841064453,1.3289886713027954,-11.195029258728027,-12.817710876464844,-0.0245208740234375,fake
DMimageDetection/test/glide_text2img_valid/ann000000272467,data/fakes/images/DMimageDetection_test_glide_text2img_valid_ann000000272467.jpg,1,diffusion,2021-12-20,Glide,data/preprocessed/crop200_align16/DMimageDetection_test_glide_text2img_valid_ann000000272467.png,-11.886337280273438,-2.759979724884033,0.0737845227122306,1.6481667757034302,-0.0065193176269531,fake
DMimageDetection/test/glide_text2img_valid/ann000000321294,data/fakes/images/DMimageDetection_test_glide_text2img_valid_ann000000321294.jpg,1,diffusion,2021-12-20,Glide,data/preprocessed/crop200_align16/DMimageDetection_test_glide_text2img_valid_ann000000321294.png,-19.615053176879883,1.3376044034957886,-2.9341719150543213,-1.330704927444458,-0.0079803466796875,fake
DMimageDetection/test/glide_text2img_valid/ann000000333027,data/fakes/images/DMimageDetection_test_glide_text2img_valid_ann000000333027.jpg,1,diffusion,2021-12-20,Glide,data/preprocessed/crop200_align16/DMimageDetection_test_glide_text2img_valid_ann000000333027.png,-21.686037063598633,-1.8799662590026855,-8.058999061584473,-7.775157928466797,-0.0139694213867187,fake
DMimageDetection/test/glide_text2img_valid/ann000000333426,data/fakes/images/DMimageDetection_test_glide_text2img_valid_ann000000333426.jpg,1,diffusion,2021-12-20,Glide,data/preprocessed/crop200_align16/DMimageDetection_test_glide_text2img_valid_ann000000333426.png,-32.15431594848633,-2.90146541595459,-8.020367622375488,-1.9974859952926636,-0.0085220336914062,fake
GenImage/Glide/train/ai/GLIDE_1000_200_03_310_glide_00076,data/fakes/images/GenImage_Glide_train_ai_GLIDE_1000_200_03_310_glide_00076.jpg,1,diffusion,2021-12-20,Glide,data/preprocessed/crop200_align16/GenImage_Glide_train_ai_GLIDE_1000_200_03_310_glide_00076.png,-21.140146255493164,-2.236555337905884,-5.36901330947876,-0.3812870383262634,-0.0139923095703125,fake
GenImage/Glide/train/ai/GLIDE_1000_200_03_319_glide_00093,data/fakes/images/GenImage_Glide_train_ai_GLIDE_1000_200_03_319_glide_00093.jpg,1,diffusion,2021-12-20,Glide,data/preprocessed/crop200_align16/GenImage_Glide_train_ai_GLIDE_1000_200_03_319_glide_00093.png,-1.7787894010543823,-0.126546561717987,-1.484900712966919,-2.0678091049194336,-0.007965087890625,fake
GenImage/Glide/train/ai/GLIDE_1000_200_09_941_glide_00102,data/fakes/images/GenImage_Glide_train_ai_GLIDE_1000_200_09_941_glide_00102.jpg,1,diffusion,2021-12-20,Glide,data/preprocessed/crop200_align16/GenImage_Glide_train_ai_GLIDE_1000_200_09_941_glide_00102.png,-3.7505643367767334,-0.9818555116653442,-11.824918746948242,-9.983235359191896,-0.034759521484375,fake
GenImage/Glide/val/ai/GLIDE_1000_200_07_789_glide_00074,data/fakes/images/GenImage_Glide_val_ai_GLIDE_1000_200_07_789_glide_00074.jpg,1,diffusion,2021-12-20,Glide,data/preprocessed/crop200_align16/GenImage_Glide_val_ai_GLIDE_1000_200_07_789_glide_00074.png,-15.5846529006958,2.742763042449951,-5.2755889892578125,-6.719924449920654,-0.0236663818359375,fake
Polardiffshield/Glide/00000106,data/fakes/images/Polardiffshield_Glide_00000106.jpg,1,diffusion,2021-12-20,Glide,data/preprocessed/crop200_align16/Polardiffshield_Glide_00000106.png,-14.117883682250977,-3.985517024993897,-7.779345512390137,-4.532232284545898,-0.0094833374023437,fake
Polardiffshield/Glide/00000228,data/fakes/images/Polardiffshield_Glide_00000228.jpg,1,diffusion,2021-12-20,Glide,data/preprocessed/crop200_align16/Polardiffshield_Glide_00000228.png,-17.719449996948242,-5.633227348327637,-18.846454620361328,-11.026819229125977,-0.023468017578125,fake
Synthbuster/glide/r19d92967t,data/fakes/images/Synthbuster_glide_r19d92967t.jpg,1,diffusion,2021-12-20,Glide,data/preprocessed/crop200_align16/Synthbuster_glide_r19d92967t.png,-28.89911651611328,-7.094471454620361,-8.410449981689453,-11.973142623901367,-0.02117919921875,fake
Artifact/latent_diffusion/latentdiff-t2i/images/img000068,data/fakes/images/Artifact_latent_diffusion_latentdiff-t2i_images_img000068.jpg,1,diffusion,2021-12-21,Latent Diffusion,data/preprocessed/crop200_align16/Artifact_latent_diffusion_latentdiff-t2i_images_img000068.png,-18.43934440612793,-3.2287158966064453,-4.177818775177002,6.035816192626953,-0.021759033203125,fake
Artifact/latent_diffusion/latentdiff-t2i/images/img001609,data/fakes/images/Artifact_latent_diffusion_latentdiff-t2i_images_img001609.jpg,1,diffusion,2021-12-21,Latent Diffusion,data/preprocessed/crop200_align16/Artifact_latent_diffusion_latentdiff-t2i_images_img001609.png,-28.87181854248047,2.9622340202331543,-18.40957260131836,11.51760196685791,-0.032379150390625,fake
Artifact/latent_diffusion/latentdiff-t2i/images/img002310,data/fakes/images/Artifact_latent_diffusion_latentdiff-t2i_images_img002310.jpg,1,diffusion,2021-12-21,Latent Diffusion,data/preprocessed/crop200_align16/Artifact_latent_diffusion_latentdiff-t2i_images_img002310.png,-14.768733024597168,-3.837977409362793,-5.263143539428711,15.879997253417969,-0.03607177734375,fake
Artifact/latent_diffusion/latentdiff/43/img003681,data/fakes/images/Artifact_latent_diffusion_latentdiff_43_img003681.jpg,1,diffusion,2021-12-21,Latent Diffusion,data/preprocessed/crop200_align16/Artifact_latent_diffusion_latentdiff_43_img003681.png,-14.173928260803224,-1.0847703218460083,-16.08649444580078,-1.987312078475952,-0.036590576171875,fake
Artifact/latent_diffusion/latentdiff/462/img004041,data/fakes/images/Artifact_latent_diffusion_latentdiff_462_img004041.jpg,1,diffusion,2021-12-21,Latent Diffusion,data/preprocessed/crop200_align16/Artifact_latent_diffusion_latentdiff_462_img004041.png,-23.821378707885746,-3.784311294555664,-4.8667449951171875,3.6772522926330566,-0.0167083740234375,fake
Artifact/latent_diffusion/latentdiff/672/img006375,data/fakes/images/Artifact_latent_diffusion_latentdiff_672_img006375.jpg,1,diffusion,2021-12-21,Latent Diffusion,data/preprocessed/crop200_align16/Artifact_latent_diffusion_latentdiff_672_img006375.png,-32.92715072631836,-6.275311470031738,-9.93716049194336,3.468475818634033,-0.0251312255859375,fake
DDMD/diffusion_model_deepfakes_lsun_bedroom/test/LDM/sample_001180,data/fakes/images/DDMD_diffusion_model_deepfakes_lsun_bedroom_test_LDM_sample_001180.jpg,1,diffusion,2021-12-21,Latent Diffusion,data/preprocessed/crop200_align16/DDMD_diffusion_model_deepfakes_lsun_bedroom_test_LDM_sample_001180.png,-7.997650623321533,-5.676835060119629,-7.640712738037109,8.701111793518066,-0.024993896484375,fake
DDMD/diffusion_model_deepfakes_lsun_bedroom/test/LDM/sample_004061,data/fakes/images/DDMD_diffusion_model_deepfakes_lsun_bedroom_test_LDM_sample_004061.jpg,1,diffusion,2021-12-21,Latent Diffusion,data/preprocessed/crop200_align16/DDMD_diffusion_model_deepfakes_lsun_bedroom_test_LDM_sample_004061.png,-9.70972728729248,-2.6640591621398926,-5.981942653656006,18.574310302734375,-0.032928466796875,fake
DDMD/diffusion_model_deepfakes_lsun_bedroom/test/LDM/sample_005016,data/fakes/images/DDMD_diffusion_model_deepfakes_lsun_bedroom_test_LDM_sample_005016.jpg,1,diffusion,2021-12-21,Latent Diffusion,data/preprocessed/crop200_align16/DDMD_diffusion_model_deepfakes_lsun_bedroom_test_LDM_sample_005016.png,-12.00613498687744,2.4198403358459473,-6.265575408935547,29.107608795166016,-0.04522705078125,fake
DDMD/diffusion_model_deepfakes_lsun_bedroom/test/LDM/sample_005282,data/fakes/images/DDMD_diffusion_model_deepfakes_lsun_bedroom_test_LDM_sample_005282.jpg,1,diffusion,2021-12-21,Latent Diffusion,data/preprocessed/crop200_align16/DDMD_diffusion_model_deepfakes_lsun_bedroom_test_LDM_sample_005282.png,-10.79155445098877,3.222407817840576,-2.8589510917663574,14.680693626403809,-0.027374267578125,fake
DDMD/diffusion_model_deepfakes_lsun_bedroom/test/LDM/sample_006981,data/fakes/images/DDMD_diffusion_model_deepfakes_lsun_bedroom_test_LDM_sample_006981.jpg,1,diffusion,2021-12-21,Latent Diffusion,data/preprocessed/crop200_align16/DDMD_diffusion_model_deepfakes_lsun_bedroom_test_LDM_sample_006981.png,-13.86501693725586,-2.42608904838562,-5.150059223175049,16.402849197387695,-0.0270538330078125,fake
DDMD/diffusion_model_deepfakes_lsun_bedroom/test/LDM/sample_007155,data/fakes/images/DDMD_diffusion_model_deepfakes_lsun_bedroom_test_LDM_sample_007155.jpg,1,diffusion,2021-12-21,Latent Diffusion,data/preprocessed/crop200_align16/DDMD_diffusion_model_deepfakes_lsun_bedroom_test_LDM_sample_007155.png,-24.31878089904785,1.8893052339553833,-11.881699562072754,30.87155532836914,-0.035369873046875,fake
DMimageDetection/test/latent-diffusion_class2image_ImageNet/latent-diffusion_class2img-imagenet_class-513_0513,data/fakes/images/DMimageDetection_test_latent-diffusion_class2image_ImageNet_latent-diffusion_class2img-imagenet_class-513_0513.jpg,1,diffusion,2021-12-21,Latent Diffusion,data/preprocessed/crop200_align16/DMimageDetection_test_latent-diffusion_class2image_ImageNet_latent-diffusion_class2img-imagenet_class-513_0513.png,-16.89826202392578,-1.7225481271743774,-6.378598213195801,13.301862716674805,-0.0163421630859375,fake
DMimageDetection/test/latent-diffusion_noise2image_LSUNbedrooms/latent-diffusion_noise2img-lsunbedrooms256_sample_000265,data/fakes/images/DMimageDetection_test_latent-diffusion_noise2image_LSUNbedrooms_latent-diffusion_noise2img-lsunbedrooms256_sample_000265.jpg,1,diffusion,2021-12-21,Latent Diffusion,data/preprocessed/crop200_align16/DMimageDetection_test_latent-diffusion_noise2image_LSUNbedrooms_latent-diffusion_noise2img-lsunbedrooms256_sample_000265.png,-10.350552558898926,-5.065391540527344,-5.631033897399902,13.54872226715088,-0.0239105224609375,fake
DMimageDetection/train/latent_diffusion_text2img_set0/latent-diffusion_text2img_cocotrain2017_133273,data/fakes/images/DMimageDetection_train_latent_diffusion_text2img_set0_latent-diffusion_text2img_cocotrain2017_133273.jpg,1,diffusion,2021-12-21,Latent Diffusion,data/preprocessed/crop200_align16/DMimageDetection_train_latent_diffusion_text2img_set0_latent-diffusion_text2img_cocotrain2017_133273.png,-22.84442138671875,-0.4964691400527954,-8.136258125305176,19.283246994018555,-0.0131301879882812,fake
DMimageDetection/train/latent_diffusion_text2img_set0/latent-diffusion_text2img_cocotrain2017_715262,data/fakes/images/DMimageDetection_train_latent_diffusion_text2img_set0_latent-diffusion_text2img_cocotrain2017_715262.jpg,1,diffusion,2021-12-21,Latent Diffusion,data/preprocessed/crop200_align16/DMimageDetection_train_latent_diffusion_text2img_set0_latent-diffusion_text2img_cocotrain2017_715262.png,-9.740466117858888,-4.393582820892334,-10.13844108581543,19.736312866210938,-0.009613037109375,fake
DMimageDetection/valid/latent_diffusion_text2img_set2/latent-diffusion_text2img_cocotrain2017_628415,data/fakes/images/DMimageDetection_valid_latent_diffusion_text2img_set2_latent-diffusion_text2img_cocotrain2017_628415.jpg,1,diffusion,2021-12-21,Latent Diffusion,data/preprocessed/crop200_align16/DMimageDetection_valid_latent_diffusion_text2img_set2_latent-diffusion_text2img_cocotrain2017_628415.png,-21.70142364501953,-2.4733877182006836,-5.12816047668457,14.469598770141602,-0.0116500854492187,fake
GenImage/Midjourney/train/ai/13_midjourney_95,data/fakes/images/GenImage_Midjourney_train_ai_13_midjourney_95.jpg,1,diffusion,2022-02-01,Midjourney,data/preprocessed/crop200_align16/GenImage_Midjourney_train_ai_13_midjourney_95.png,-13.426240921020508,-3.420619010925293,-1.8426941633224487,10.23576545715332,-0.02581787109375,fake
GenImage/Midjourney/train/ai/187_midjourney_10,data/fakes/images/GenImage_Midjourney_train_ai_187_midjourney_10.jpg,1,diffusion,2022-02-01,Midjourney,data/preprocessed/crop200_align16/GenImage_Midjourney_train_ai_187_midjourney_10.png,-27.851703643798828,-0.082027792930603,-18.830251693725582,-1.4017986059188845,-0.03607177734375,fake
GenImage/Midjourney/train/ai/272_midjourney_11,data/fakes/images/GenImage_Midjourney_train_ai_272_midjourney_11.jpg,1,diffusion,2022-02-01,Midjourney,data/preprocessed/crop200_align16/GenImage_Midjourney_train_ai_272_midjourney_11.png,-17.275487899780273,-1.3474338054656982,-3.56286883354187,4.442882061004639,-0.01947021484375,fake
GenImage/Midjourney/train/ai/294_midjourney_53,data/fakes/images/GenImage_Midjourney_train_ai_294_midjourney_53.jpg,1,diffusion,2022-02-01,Midjourney,data/preprocessed/crop200_align16/GenImage_Midjourney_train_ai_294_midjourney_53.png,-3.6451175212860103,-1.1925969123840332,-6.6405439376831055,5.705166339874268,-0.023162841796875,fake
GenImage/Midjourney/train/ai/39_midjourney_65,data/fakes/images/GenImage_Midjourney_train_ai_39_midjourney_65.jpg,1,diffusion,2022-02-01,Midjourney,data/preprocessed/crop200_align16/GenImage_Midjourney_train_ai_39_midjourney_65.png,-17.79913902282715,-1.62069571018219,-10.502161979675291,8.524771690368652,-0.02288818359375,fake
GenImage/Midjourney/train/ai/423_midjourney_62,data/fakes/images/GenImage_Midjourney_train_ai_423_midjourney_62.jpg,1,diffusion,2022-02-01,Midjourney,data/preprocessed/crop200_align16/GenImage_Midjourney_train_ai_423_midjourney_62.png,-11.491280555725098,-4.64211368560791,-2.670787811279297,2.2561745643615723,-0.0161590576171875,fake
GenImage/Midjourney/train/ai/437_midjourney_105,data/fakes/images/GenImage_Midjourney_train_ai_437_midjourney_105.jpg,1,diffusion,2022-02-01,Midjourney,data/preprocessed/crop200_align16/GenImage_Midjourney_train_ai_437_midjourney_105.png,-5.888968467712402,-1.0023843050003052,0.2537467181682586,0.3401957750320434,-0.0030574798583984,fake
GenImage/Midjourney/train/ai/571_midjourney_58,data/fakes/images/GenImage_Midjourney_train_ai_571_midjourney_58.jpg,1,diffusion,2022-02-01,Midjourney,data/preprocessed/crop200_align16/GenImage_Midjourney_train_ai_571_midjourney_58.png,-29.37601089477539,-2.530118942260742,-13.037975311279297,6.209117412567139,-0.036956787109375,fake
GenImage/Midjourney/train/ai/586_midjourney_182,data/fakes/images/GenImage_Midjourney_train_ai_586_midjourney_182.jpg,1,diffusion,2022-02-01,Midjourney,data/preprocessed/crop200_align16/GenImage_Midjourney_train_ai_586_midjourney_182.png,-31.231765747070312,-4.279839038848877,-12.801690101623535,-5.789456367492676,-0.0147705078125,fake
GenImage/Midjourney/train/ai/714_midjourney_175,data/fakes/images/GenImage_Midjourney_train_ai_714_midjourney_175.jpg,1,diffusion,2022-02-01,Midjourney,data/preprocessed/crop200_align16/GenImage_Midjourney_train_ai_714_midjourney_175.png,-7.8878583908081055,-8.180602073669434,-4.648624420166016,1.01481831073761,-0.020904541015625,fake
GenImage/Midjourney/train/ai/721_midjourney_75,data/fakes/images/GenImage_Midjourney_train_ai_721_midjourney_75.jpg,1,diffusion,2022-02-01,Midjourney,data/preprocessed/crop200_align16/GenImage_Midjourney_train_ai_721_midjourney_75.png,-19.445022583007812,-0.0398986339569091,-17.801607131958008,-1.2160815000534058,-0.03643798828125,fake
GenImage/Midjourney/train/ai/797_midjourney_83,data/fakes/images/GenImage_Midjourney_train_ai_797_midjourney_83.jpg,1,diffusion,2022-02-01,Midjourney,data/preprocessed/crop200_align16/GenImage_Midjourney_train_ai_797_midjourney_83.png,-27.068037033081055,-2.863580226898194,-10.625683784484863,15.390756607055664,-0.0251312255859375,fake
GenImage/Midjourney/train/ai/802_midjourney_60,data/fakes/images/GenImage_Midjourney_train_ai_802_midjourney_60.jpg,1,diffusion,2022-02-01,Midjourney,data/preprocessed/crop200_align16/GenImage_Midjourney_train_ai_802_midjourney_60.png,-20.045522689819336,4.269988059997559,-6.513569355010986,8.322487831115723,-0.0237884521484375,fake
GenImage/Midjourney/train/ai/805_midjourney_78,data/fakes/images/GenImage_Midjourney_train_ai_805_midjourney_78.jpg,1,diffusion,2022-02-01,Midjourney,data/preprocessed/crop200_align16/GenImage_Midjourney_train_ai_805_midjourney_78.png,-8.301873207092285,-3.776612281799317,-2.1800920963287354,0.3323871493339538,-0.010650634765625,fake
GenImage/Midjourney/train/ai/90_midjourney_182,data/fakes/images/GenImage_Midjourney_train_ai_90_midjourney_182.jpg,1,diffusion,2022-02-01,Midjourney,data/preprocessed/crop200_align16/GenImage_Midjourney_train_ai_90_midjourney_182.png,-25.91614532470703,-3.022010326385498,-6.245006084442139,16.00689697265625,-0.03485107421875,fake
GenImage/Midjourney/train/ai/924_midjourney_87,data/fakes/images/GenImage_Midjourney_train_ai_924_midjourney_87.jpg,1,diffusion,2022-02-01,Midjourney,data/preprocessed/crop200_align16/GenImage_Midjourney_train_ai_924_midjourney_87.png,-21.143077850341797,-3.7920403480529785,-10.408151626586914,8.288643836975098,-0.026397705078125,fake
GenImage/Midjourney/train/ai/999_midjourney_115,data/fakes/images/GenImage_Midjourney_train_ai_999_midjourney_115.jpg,1,diffusion,2022-02-01,Midjourney,data/preprocessed/crop200_align16/GenImage_Midjourney_train_ai_999_midjourney_115.png,-2.0056488513946533,-0.2068769335746765,-1.1043728590011597,-0.3875286281108856,-0.03936767578125,fake
Artifact/mat/mat/celebahq/img000631,data/fakes/images/Artifact_mat_mat_celebahq_img000631.jpg,1,inpainting,2022-03-29,MAT,data/preprocessed/crop200_align16/Artifact_mat_mat_celebahq_img000631.png,-7.955270767211914,-2.642148494720459,-1.887080430984497,-0.3156333863735199,-0.027923583984375,fake
Artifact/mat/mat/celebahq/img000801,data/fakes/images/Artifact_mat_mat_celebahq_img000801.jpg,1,inpainting,2022-03-29,MAT,data/preprocessed/crop200_align16/Artifact_mat_mat_celebahq_img000801.png,-21.91095733642578,-3.638509750366211,-9.100590705871582,-4.2390217781066895,-0.0249176025390625,fake
Artifact/mat/mat/celebahq/img006108,data/fakes/images/Artifact_mat_mat_celebahq_img006108.jpg,1,inpainting,2022-03-29,MAT,data/preprocessed/crop200_align16/Artifact_mat_mat_celebahq_img006108.png,-4.300864219665527,0.3408454656600952,2.3188140392303467,-0.2237036079168319,-0.0230560302734375,fake
Artifact/mat/mat/celebahq/img009556,data/fakes/images/Artifact_mat_mat_celebahq_img009556.jpg,1,inpainting,2022-03-29,MAT,data/preprocessed/crop200_align16/Artifact_mat_mat_celebahq_img009556.png,-9.795180320739746,-3.691001892089844,-4.861080169677734,-1.060078740119934,-0.0242156982421875,fake
Artifact/mat/mat/celebahq/img012587,data/fakes/images/Artifact_mat_mat_celebahq_img012587.jpg,1,inpainting,2022-03-29,MAT,data/preprocessed/crop200_align16/Artifact_mat_mat_celebahq_img012587.png,-11.277963638305664,-7.823993682861328,-4.196560859680176,-0.0661888420581817,-0.0269775390625,fake
Artifact/mat/mat/celebahq/img014187,data/fakes/images/Artifact_mat_mat_celebahq_img014187.jpg,1,inpainting,2022-03-29,MAT,data/preprocessed/crop200_align16/Artifact_mat_mat_celebahq_img014187.png,-14.857637405395508,-2.064125061035156,-1.6282473802566528,2.5675835609436035,-0.0259246826171875,fake
Artifact/mat/mat/celebahq/img014778,data/fakes/images/Artifact_mat_mat_celebahq_img014778.jpg,1,inpainting,2022-03-29,MAT,data/preprocessed/crop200_align16/Artifact_mat_mat_celebahq_img014778.png,-5.173598289489746,-2.3313255310058594,-1.04252827167511,-1.537102460861206,-0.0256195068359375,fake
Artifact/mat/mat/celebahq/img020140,data/fakes/images/Artifact_mat_mat_celebahq_img020140.jpg,1,inpainting,2022-03-29,MAT,data/preprocessed/crop200_align16/Artifact_mat_mat_celebahq_img020140.png,-2.616175413131714,2.934032917022705,1.5530930757522583,-3.785327434539795,-0.034454345703125,fake
Artifact/mat/mat/celebahq/img020193,data/fakes/images/Artifact_mat_mat_celebahq_img020193.jpg,1,inpainting,2022-03-29,MAT,data/preprocessed/crop200_align16/Artifact_mat_mat_celebahq_img020193.png,-7.802677631378174,-5.626033782958984,-3.2815253734588623,1.9035507440567017,-0.0287628173828125,fake
Artifact/mat/mat/celebahq/img020974,data/fakes/images/Artifact_mat_mat_celebahq_img020974.jpg,1,inpainting,2022-03-29,MAT,data/preprocessed/crop200_align16/Artifact_mat_mat_celebahq_img020974.png,-4.245999813079834,-1.0635501146316528,-6.223537445068359,-1.260992169380188,-0.0291290283203125,fake
Artifact/mat/mat/celebahq/img022180,data/fakes/images/Artifact_mat_mat_celebahq_img022180.jpg,1,inpainting,2022-03-29,MAT,data/preprocessed/crop200_align16/Artifact_mat_mat_celebahq_img022180.png,-10.031397819519045,-1.7323991060256958,-4.016879081726074,-1.4500778913497925,-0.018463134765625,fake
Artifact/mat/mat/celebahq/img027879,data/fakes/images/Artifact_mat_mat_celebahq_img027879.jpg,1,inpainting,2022-03-29,MAT,data/preprocessed/crop200_align16/Artifact_mat_mat_celebahq_img027879.png,-3.1174304485321045,-1.0583597421646118,-0.7685656547546387,1.4653311967849731,-0.0252838134765625,fake
Artifact/mat/mat/celebahq/img029624,data/fakes/images/Artifact_mat_mat_celebahq_img029624.jpg,1,inpainting,2022-03-29,MAT,data/preprocessed/crop200_align16/Artifact_mat_mat_celebahq_img029624.png,-7.2052412033081055,-3.8040542602539062,-2.115619659423828,4.480292320251465,-0.027496337890625,fake
Artifact/mat/mat/landscape/img033187,data/fakes/images/Artifact_mat_mat_landscape_img033187.jpg,1,inpainting,2022-03-29,MAT,data/preprocessed/crop200_align16/Artifact_mat_mat_landscape_img033187.png,-19.494298934936523,-6.255795001983643,-8.356739044189453,-23.488969802856445,-0.041107177734375,fake
Artifact/mat/mat/landscape/img033661,data/fakes/images/Artifact_mat_mat_landscape_img033661.jpg,1,inpainting,2022-03-29,MAT,data/preprocessed/crop200_align16/Artifact_mat_mat_landscape_img033661.png,-14.365873336791992,-3.118272304534912,-9.427343368530272,-0.5926567316055298,-0.017425537109375,fake
Artifact/mat/mat/landscape/img038306,data/fakes/images/Artifact_mat_mat_landscape_img038306.jpg,1,inpainting,2022-03-29,MAT,data/preprocessed/crop200_align16/Artifact_mat_mat_landscape_img038306.png,-20.053237915039062,-4.353034973144531,-20.749465942382812,-24.25737571716309,-0.042633056640625,fake
Artifact/mat/mat/landscape/img041728,data/fakes/images/Artifact_mat_mat_landscape_img041728.jpg,1,inpainting,2022-03-29,MAT,data/preprocessed/crop200_align16/Artifact_mat_mat_landscape_img041728.png,-6.025166034698486,-2.4858226776123047,-4.99267578125,-21.963830947875977,-0.0574951171875,fake
Artifact/diffusion_gan/diff/lsun-bedroom/Diffusion-ProjectedGAN-LSUN-Bed/img000269,data/fakes/images/Artifact_diffusion_gan_diff_lsun-bedroom_Diffusion-ProjectedGAN-LSUN-Bed_img000269.jpg,1,gan,2022-06-05,Diffusion GAN (ProjectedGAN),data/preprocessed/crop200_align16/Artifact_diffusion_gan_diff_lsun-bedroom_Diffusion-ProjectedGAN-LSUN-Bed_img000269.png,-13.51968479156494,-7.097360610961914,0.1485105454921722,-9.66258716583252,-0.039764404296875,fake
Artifact/diffusion_gan/diff/lsun-bedroom/Diffusion-ProjectedGAN-LSUN-Bed/img000517,data/fakes/images/Artifact_diffusion_gan_diff_lsun-bedroom_Diffusion-ProjectedGAN-LSUN-Bed_img000517.jpg,1,gan,2022-06-05,Diffusion GAN (ProjectedGAN),data/preprocessed/crop200_align16/Artifact_diffusion_gan_diff_lsun-bedroom_Diffusion-ProjectedGAN-LSUN-Bed_img000517.png,-2.782837390899658,-1.1457092761993408,-0.8454765677452087,-5.991648197174072,-0.044097900390625,fake
Artifact/diffusion_gan/diff/lsun-bedroom/Diffusion-ProjectedGAN-LSUN-Bed/img000862,data/fakes/images/Artifact_diffusion_gan_diff_lsun-bedroom_Diffusion-ProjectedGAN-LSUN-Bed_img000862.jpg,1,gan,2022-06-05,Diffusion GAN (ProjectedGAN),data/preprocessed/crop200_align16/Artifact_diffusion_gan_diff_lsun-bedroom_Diffusion-ProjectedGAN-LSUN-Bed_img000862.png,-4.6702165603637695,-3.717052459716797,5.452718734741211,0.3465307354927063,-0.02874755859375,fake
Artifact/diffusion_gan/diff/lsun-bedroom/Diffusion-ProjectedGAN-LSUN-Bed/img001215,data/fakes/images/Artifact_diffusion_gan_diff_lsun-bedroom_Diffusion-ProjectedGAN-LSUN-Bed_img001215.jpg,1,gan,2022-06-05,Diffusion GAN (ProjectedGAN),data/preprocessed/crop200_align16/Artifact_diffusion_gan_diff_lsun-bedroom_Diffusion-ProjectedGAN-LSUN-Bed_img001215.png,-3.0344269275665283,-2.908602714538574,0.988307535648346,-0.8757951855659485,-0.0215606689453125,fake
Artifact/diffusion_gan/diff/lsun-bedroom/Diffusion-ProjectedGAN-LSUN-Bed/img001308,data/fakes/images/Artifact_diffusion_gan_diff_lsun-bedroom_Diffusion-ProjectedGAN-LSUN-Bed_img001308.jpg,1,gan,2022-06-05,Diffusion GAN (ProjectedGAN),data/preprocessed/crop200_align16/Artifact_diffusion_gan_diff_lsun-bedroom_Diffusion-ProjectedGAN-LSUN-Bed_img001308.png,-12.69974136352539,3.2779297828674316,2.246283531188965,-1.7141966819763184,-0.0386962890625,fake
Artifact/diffusion_gan/diff/lsun-church-data/Diffusion-ProjectedGAN-LSUN-Church/img000053,data/fakes/images/Artifact_diffusion_gan_diff_lsun-church-data_Diffusion-ProjectedGAN-LSUN-Church_img000053.jpg,1,gan,2022-06-05,Diffusion GAN (ProjectedGAN),data/preprocessed/crop200_align16/Artifact_diffusion_gan_diff_lsun-church-data_Diffusion-ProjectedGAN-LSUN-Church_img000053.png,-1.075323462486267,0.5204266309738159,-3.8127381801605225,-3.940725803375244,-0.0386962890625,fake
Artifact/diffusion_gan/diff/lsun-church-data/Diffusion-ProjectedGAN-LSUN-Church/img000517,data/fakes/images/Artifact_diffusion_gan_diff_lsun-church-data_Diffusion-ProjectedGAN-LSUN-Church_img000517.jpg,1,gan,2022-06-05,Diffusion GAN (ProjectedGAN),data/preprocessed/crop200_align16/Artifact_diffusion_gan_diff_lsun-church-data_Diffusion-ProjectedGAN-LSUN-Church_img000517.png,-25.084209442138672,-5.960845947265625,0.0774231180548667,-6.285118579864502,-0.045196533203125,fake
Artifact/diffusion_gan/diff/lsun-church-data/Diffusion-ProjectedGAN-LSUN-Church/img000987,data/fakes/images/Artifact_diffusion_gan_diff_lsun-church-data_Diffusion-ProjectedGAN-LSUN-Church_img000987.jpg,1,gan,2022-06-05,Diffusion GAN (ProjectedGAN),data/preprocessed/crop200_align16/Artifact_diffusion_gan_diff_lsun-church-data_Diffusion-ProjectedGAN-LSUN-Church_img000987.png,-18.976795196533203,-6.372404098510742,-10.710211753845217,-4.417179584503174,-0.040283203125,fake
Artifact/diffusion_gan/diff/lsun-church-data/Diffusion-ProjectedGAN-LSUN-Church/img001219,data/fakes/images/Artifact_diffusion_gan_diff_lsun-church-data_Diffusion-ProjectedGAN-LSUN-Church_img001219.jpg,1,gan,2022-06-05,Diffusion GAN (ProjectedGAN),data/preprocessed/crop200_align16/Artifact_diffusion_gan_diff_lsun-church-data_Diffusion-ProjectedGAN-LSUN-Church_img001219.png,-21.977588653564453,-8.178735733032227,-2.097547769546509,-4.959615707397461,-0.035736083984375,fake
DDMD/diffusion_model_deepfakes_lsun_bedroom/test/Diff-ProjectedGAN/seed1588,data/fakes/images/DDMD_diffusion_model_deepfakes_lsun_bedroom_test_Diff-ProjectedGAN_seed1588.jpg,1,gan,2022-06-05,Diffusion GAN (ProjectedGAN),data/preprocessed/crop200_align16/DDMD_diffusion_model_deepfakes_lsun_bedroom_test_Diff-ProjectedGAN_seed1588.png,-12.618786811828612,-1.2362620830535889,-0.5157259702682495,-2.16299819946289,-0.04461669921875,fake
DDMD/diffusion_model_deepfakes_lsun_bedroom/test/Diff-ProjectedGAN/seed2819,data/fakes/images/DDMD_diffusion_model_deepfakes_lsun_bedroom_test_Diff-ProjectedGAN_seed2819.jpg,1,gan,2022-06-05,Diffusion GAN (ProjectedGAN),data/preprocessed/crop200_align16/DDMD_diffusion_model_deepfakes_lsun_bedroom_test_Diff-ProjectedGAN_seed2819.png,-15.183209419250488,-0.686647891998291,3.186610460281372,3.4605069160461426,-0.0271759033203125,fake
DDMD/diffusion_model_deepfakes_lsun_bedroom/test/Diff-ProjectedGAN/seed3352,data/fakes/images/DDMD_diffusion_model_deepfakes_lsun_bedroom_test_Diff-ProjectedGAN_seed3352.jpg,1,gan,2022-06-05,Diffusion GAN (ProjectedGAN),data/preprocessed/crop200_align16/DDMD_diffusion_model_deepfakes_lsun_bedroom_test_Diff-ProjectedGAN_seed3352.png,-0.9205632209777832,4.4600138664245605,6.340891361236572,-6.314816951751709,-0.045806884765625,fake
DDMD/diffusion_model_deepfakes_lsun_bedroom/test/Diff-ProjectedGAN/seed4310,data/fakes/images/DDMD_diffusion_model_deepfakes_lsun_bedroom_test_Diff-ProjectedGAN_seed4310.jpg,1,gan,2022-06-05,Diffusion GAN (ProjectedGAN),data/preprocessed/crop200_align16/DDMD_diffusion_model_deepfakes_lsun_bedroom_test_Diff-ProjectedGAN_seed4310.png,-20.346942901611328,-1.630290985107422,-2.4085536003112793,-4.9080939292907715,-0.04254150390625,fake
DDMD/diffusion_model_deepfakes_lsun_bedroom/test/Diff-ProjectedGAN/seed5803,data/fakes/images/DDMD_diffusion_model_deepfakes_lsun_bedroom_test_Diff-ProjectedGAN_seed5803.jpg,1,gan,2022-06-05,Diffusion GAN (ProjectedGAN),data/preprocessed/crop200_align16/DDMD_diffusion_model_deepfakes_lsun_bedroom_test_Diff-ProjectedGAN_seed5803.png,-7.620621681213379,-1.3132244348526,-0.3374641537666321,-0.7837480306625366,-0.044158935546875,fake
DDMD/diffusion_model_deepfakes_lsun_bedroom/test/Diff-ProjectedGAN/seed6432,data/fakes/images/DDMD_diffusion_model_deepfakes_lsun_bedroom_test_Diff-ProjectedGAN_seed6432.jpg,1,gan,2022-06-05,Diffusion GAN (ProjectedGAN),data/preprocessed/crop200_align16/DDMD_diffusion_model_deepfakes_lsun_bedroom_test_Diff-ProjectedGAN_seed6432.png,-9.311324119567873,0.2540833950042724,0.5968270301818848,4.185971736907959,-0.0244903564453125,fake
DDMD/diffusion_model_deepfakes_lsun_bedroom/test/Diff-ProjectedGAN/seed7842,data/fakes/images/DDMD_diffusion_model_deepfakes_lsun_bedroom_test_Diff-ProjectedGAN_seed7842.jpg,1,gan,2022-06-05,Diffusion GAN (ProjectedGAN),data/preprocessed/crop200_align16/DDMD_diffusion_model_deepfakes_lsun_bedroom_test_Diff-ProjectedGAN_seed7842.png,-6.524573802947998,-2.7381486892700195,0.8703970909118652,-4.4412641525268555,-0.02813720703125,fake
DDMD/diffusion_model_deepfakes_lsun_bedroom/test/Diff-ProjectedGAN/seed8548,data/fakes/images/DDMD_diffusion_model_deepfakes_lsun_bedroom_test_Diff-ProjectedGAN_seed8548.jpg,1,gan,2022-06-05,Diffusion GAN (ProjectedGAN),data/preprocessed/crop200_align16/DDMD_diffusion_model_deepfakes_lsun_bedroom_test_Diff-ProjectedGAN_seed8548.png,-6.823265075683594,2.8205132484436035,-1.4654414653778076,-0.6708050966262817,-0.032379150390625,fake
Artifact/diffusion_gan/diff/afhq-data/Diffusion-StyleGAN2-AFHQ/img003333,data/fakes/images/Artifact_diffusion_gan_diff_afhq-data_Diffusion-StyleGAN2-AFHQ_img003333.jpg,1,gan,2022-06-06,Diffusion GAN (StyleGAN2),data/preprocessed/crop200_align16/Artifact_diffusion_gan_diff_afhq-data_Diffusion-StyleGAN2-AFHQ_img003333.png,-9.7200927734375,-1.9161248207092283,-2.4793550968170166,-9.555468559265137,-0.05487060546875,fake
Artifact/diffusion_gan/diff/ffhq-data/Diffusion-StyleGAN2-ADA-FFHQ/img000876,data/fakes/images/Artifact_diffusion_gan_diff_ffhq-data_Diffusion-StyleGAN2-ADA-FFHQ_img000876.jpg,1,gan,2022-06-06,Diffusion GAN (StyleGAN2),data/preprocessed/crop200_align16/Artifact_diffusion_gan_diff_ffhq-data_Diffusion-StyleGAN2-ADA-FFHQ_img000876.png,-12.048479080200195,-5.054006576538086,-2.857329845428467,-0.8708705902099609,-0.036163330078125,fake
Artifact/diffusion_gan/diff/ffhq-data/Diffusion-StyleGAN2-DiffAug-FFHQ/img001938,data/fakes/images/Artifact_diffusion_gan_diff_ffhq-data_Diffusion-StyleGAN2-DiffAug-FFHQ_img001938.jpg,1,gan,2022-06-06,Diffusion GAN (StyleGAN2),data/preprocessed/crop200_align16/Artifact_diffusion_gan_diff_ffhq-data_Diffusion-StyleGAN2-DiffAug-FFHQ_img001938.png,-23.353635787963867,-5.530003070831299,-5.927567005157471,-15.97684097290039,-0.03216552734375,fake
Artifact/diffusion_gan/diff/ffhq-data/Diffusion-StyleGAN2-DiffAug-FFHQ/img002527,data/fakes/images/Artifact_diffusion_gan_diff_ffhq-data_Diffusion-StyleGAN2-DiffAug-FFHQ_img002527.jpg,1,gan,2022-06-06,Diffusion GAN (StyleGAN2),data/preprocessed/crop200_align16/Artifact_diffusion_gan_diff_ffhq-data_Diffusion-StyleGAN2-DiffAug-FFHQ_img002527.png,-6.630168914794922,-3.4074010848999023,-3.909366369247437,1.2880364656448364,-0.0308685302734375,fake
Artifact/diffusion_gan/diff/ffhq-data/Diffusion-StyleGAN2-FFHQ/img003622,data/fakes/images/Artifact_diffusion_gan_diff_ffhq-data_Diffusion-StyleGAN2-FFHQ_img003622.jpg,1,gan,2022-06-06,Diffusion GAN (StyleGAN2),data/preprocessed/crop200_align16/Artifact_diffusion_gan_diff_ffhq-data_Diffusion-StyleGAN2-FFHQ_img003622.png,-10.01403522491455,-6.091798782348633,-7.187812328338623,-8.224918365478516,-0.0263519287109375,fake
DDMD/diffusion_model_deepfakes_lsun_bedroom/test/Diff-StyleGAN2/seed0514,data/fakes/images/DDMD_diffusion_model_deepfakes_lsun_bedroom_test_Diff-StyleGAN2_seed0514.jpg,1,gan,2022-06-06,Diffusion GAN (StyleGAN2),data/preprocessed/crop200_align16/DDMD_diffusion_model_deepfakes_lsun_bedroom_test_Diff-StyleGAN2_seed0514.png,4.107454299926758,-3.798243522644043,8.738274574279785,1.509662389755249,-0.035003662109375,fake
DDMD/diffusion_model_deepfakes_lsun_bedroom/test/Diff-StyleGAN2/seed1579,data/fakes/images/DDMD_diffusion_model_deepfakes_lsun_bedroom_test_Diff-StyleGAN2_seed1579.jpg,1,gan,2022-06-06,Diffusion GAN (StyleGAN2),data/preprocessed/crop200_align16/DDMD_diffusion_model_deepfakes_lsun_bedroom_test_Diff-StyleGAN2_seed1579.png,-12.742565155029297,-4.2315216064453125,0.0567640624940395,-1.6871720552444458,-0.028656005859375,fake
DDMD/diffusion_model_deepfakes_lsun_bedroom/test/Diff-StyleGAN2/seed2189,data/fakes/images/DDMD_diffusion_model_deepfakes_lsun_bedroom_test_Diff-StyleGAN2_seed2189.jpg,1,gan,2022-06-06,Diffusion GAN (StyleGAN2),data/preprocessed/crop200_align16/DDMD_diffusion_model_deepfakes_lsun_bedroom_test_Diff-StyleGAN2_seed2189.png,15.003087043762209,-4.152584075927734,10.05975341796875,-0.847395122051239,-0.0206298828125,fake
DDMD/diffusion_model_deepfakes_lsun_bedroom/test/Diff-StyleGAN2/seed3850,data/fakes/images/DDMD_diffusion_model_deepfakes_lsun_bedroom_test_Diff-StyleGAN2_seed3850.jpg,1,gan,2022-06-06,Diffusion GAN (StyleGAN2),data/preprocessed/crop200_align16/DDMD_diffusion_model_deepfakes_lsun_bedroom_test_Diff-StyleGAN2_seed3850.png,9.61582851409912,-3.467405319213867,11.255828857421877,1.1239538192749023,-0.0309600830078125,fake
DDMD/diffusion_model_deepfakes_lsun_bedroom/test/Diff-StyleGAN2/seed3940,data/fakes/images/DDMD_diffusion_model_deepfakes_lsun_bedroom_test_Diff-StyleGAN2_seed3940.jpg,1,gan,2022-06-06,Diffusion GAN (StyleGAN2),data/preprocessed/crop200_align16/DDMD_diffusion_model_deepfakes_lsun_bedroom_test_Diff-StyleGAN2_seed3940.png,4.87008810043335,-0.8327711224555969,5.285505294799805,-1.0262799263000488,-0.048004150390625,fake
DDMD/diffusion_model_deepfakes_lsun_bedroom/test/Diff-StyleGAN2/seed4393,data/fakes/images/DDMD_diffusion_model_deepfakes_lsun_bedroom_test_Diff-StyleGAN2_seed4393.jpg,1,gan,2022-06-06,Diffusion GAN (StyleGAN2),data/preprocessed/crop200_align16/DDMD_diffusion_model_deepfakes_lsun_bedroom_test_Diff-StyleGAN2_seed4393.png,5.5136518478393555,-4.835705757141113,7.894167900085449,2.5317907333374023,-0.0287017822265625,fake
DDMD/diffusion_model_deepfakes_lsun_bedroom/test/Diff-StyleGAN2/seed4793,data/fakes/images/DDMD_diffusion_model_deepfakes_lsun_bedroom_test_Diff-StyleGAN2_seed4793.jpg,1,gan,2022-06-06,Diffusion GAN (StyleGAN2),data/preprocessed/crop200_align16/DDMD_diffusion_model_deepfakes_lsun_bedroom_test_Diff-StyleGAN2_seed4793.png,-6.020865440368652,3.735177993774414,5.506843566894531,-0.5465020537376404,-0.041107177734375,fake
DDMD/diffusion_model_deepfakes_lsun_bedroom/test/Diff-StyleGAN2/seed5032,data/fakes/images/DDMD_diffusion_model_deepfakes_lsun_bedroom_test_Diff-StyleGAN2_seed5032.jpg,1,gan,2022-06-06,Diffusion GAN (StyleGAN2),data/preprocessed/crop200_align16/DDMD_diffusion_model_deepfakes_lsun_bedroom_test_Diff-StyleGAN2_seed5032.png,11.78463077545166,-0.8000771999359131,7.893167972564697,2.0917019844055176,-0.03094482421875,fake
DDMD/diffusion_model_deepfakes_lsun_bedroom/test/Diff-StyleGAN2/seed6048,data/fakes/images/DDMD_diffusion_model_deepfakes_lsun_bedroom_test_Diff-StyleGAN2_seed6048.jpg,1,gan,2022-06-06,Diffusion GAN (StyleGAN2),data/preprocessed/crop200_align16/DDMD_diffusion_model_deepfakes_lsun_bedroom_test_Diff-StyleGAN2_seed6048.png,1.8336037397384644,-0.4602770805358886,8.005989074707031,0.8377382755279541,-0.040069580078125,fake
DDMD/diffusion_model_deepfakes_lsun_bedroom/test/Diff-StyleGAN2/seed8326,data/fakes/images/DDMD_diffusion_model_deepfakes_lsun_bedroom_test_Diff-StyleGAN2_seed8326.jpg,1,gan,2022-06-06,Diffusion GAN (StyleGAN2),data/preprocessed/crop200_align16/DDMD_diffusion_model_deepfakes_lsun_bedroom_test_Diff-StyleGAN2_seed8326.png,-5.4631218910217285,-9.56363582611084,4.727295398712158,0.4451652467250824,-0.040557861328125,fake
DDMD/diffusion_model_deepfakes_lsun_bedroom/test/Diff-StyleGAN2/seed9201,data/fakes/images/DDMD_diffusion_model_deepfakes_lsun_bedroom_test_Diff-StyleGAN2_seed9201.jpg,1,gan,2022-06-06,Diffusion GAN (StyleGAN2),data/preprocessed/crop200_align16/DDMD_diffusion_model_deepfakes_lsun_bedroom_test_Diff-StyleGAN2_seed9201.png,3.0586116313934326,-6.245907306671143,4.764297962188721,-2.637977361679077,-0.029693603515625,fake
DDMD/diffusion_model_deepfakes_lsun_bedroom/test/Diff-StyleGAN2/seed9628,data/fakes/images/DDMD_diffusion_model_deepfakes_lsun_bedroom_test_Diff-StyleGAN2_seed9628.jpg,1,gan,2022-06-06,Diffusion GAN (StyleGAN2),data/preprocessed/crop200_align16/DDMD_diffusion_model_deepfakes_lsun_bedroom_test_Diff-StyleGAN2_seed9628.png,7.273197174072266,-2.5090184211730957,16.702856063842773,2.263211727142334,-0.047637939453125,fake
DRCT/stable-diffusion-v1-4/train2017/000000045270,data/fakes/images/DRCT_stable-diffusion-v1-4_train2017_000000045270.jpg,1,diffusion,2022-08-22,Stable Diffusion 1.4,data/preprocessed/crop200_align16/DRCT_stable-diffusion-v1-4_train2017_000000045270.png,-33.93125534057617,-5.391920566558838,-7.980560302734375,13.934467315673828,-0.03765869140625,fake
DRCT/stable-diffusion-v1-4/train2017/000000383330,data/fakes/images/DRCT_stable-diffusion-v1-4_train2017_000000383330.jpg,1,diffusion,2022-08-22,Stable Diffusion 1.4,data/preprocessed/crop200_align16/DRCT_stable-diffusion-v1-4_train2017_000000383330.png,-25.031850814819336,-3.3910746574401855,-7.874555587768555,17.197368621826172,-0.0290679931640625,fake
ELSA_D3/train/row1504286/image_gen1,data/fakes/images/ELSA_D3_train_row1504286_image_gen1.jpg,1,diffusion,2022-08-22,Stable Diffusion 1.4,data/preprocessed/crop200_align16/ELSA_D3_train_row1504286_image_gen1.png,-23.90361213684082,-5.75912618637085,-5.03242826461792,19.729713439941406,-0.0226898193359375,fake
ELSA_D3/train/row1593224/image_gen1,data/fakes/images/ELSA_D3_train_row1593224_image_gen1.jpg,1,diffusion,2022-08-22,Stable Diffusion 1.4,data/preprocessed/crop200_align16/ELSA_D3_train_row1593224_image_gen1.png,-9.640223503112791,-1.8652974367141724,-8.557490348815918,19.32757568359375,-0.0282745361328125,fake
ELSA_D3/train/row2176696/image_gen1,data/fakes/images/ELSA_D3_train_row2176696_image_gen1.jpg,1,diffusion,2022-08-22,Stable Diffusion 1.4,data/preprocessed/crop200_align16/ELSA_D3_train_row2176696_image_gen1.png,-19.43256378173828,-3.1310367584228516,-8.004016876220703,12.935380935668944,-0.0295257568359375,fake
ELSA_D3/train/row317356/image_gen1,data/fakes/images/ELSA_D3_train_row317356_image_gen1.jpg,1,diffusion,2022-08-22,Stable Diffusion 1.4,data/preprocessed/crop200_align16/ELSA_D3_train_row317356_image_gen1.png,-20.75408935546875,-9.494986534118652,-6.413271903991699,7.4171624183654785,-0.0142593383789062,fake
ELSA_D3/train/row850241/image_gen1,data/fakes/images/ELSA_D3_train_row850241_image_gen1.jpg,1,diffusion,2022-08-22,Stable Diffusion 1.4,data/preprocessed/crop200_align16/ELSA_D3_train_row850241_image_gen1.png,-18.327054977416992,-5.959619998931885,1.0185588598251345,8.121731758117676,-0.0103988647460937,fake
ELSA_D3/train/row880035/image_gen1,data/fakes/images/ELSA_D3_train_row880035_image_gen1.jpg,1,diffusion,2022-08-22,Stable Diffusion 1.4,data/preprocessed/crop200_align16/ELSA_D3_train_row880035_image_gen1.png,-5.830031394958496,-0.5323978662490845,-2.1248860359191895,4.248001575469971,-0.0142059326171875,fake
ELSA_D3/validation/row2674/image_gen1,data/fakes/images/ELSA_D3_validation_row2674_image_gen1.jpg,1,diffusion,2022-08-22,Stable Diffusion 1.4,data/preprocessed/crop200_align16/ELSA_D3_validation_row2674_image_gen1.png,1.2745988368988037,0.2243012189865112,-0.4864523410797119,-0.6359766721725464,-0.008392333984375,fake
ELSA_D3/validation/row3873/image_gen1,data/fakes/images/ELSA_D3_validation_row3873_image_gen1.jpg,1,diffusion,2022-08-22,Stable Diffusion 1.4,data/preprocessed/crop200_align16/ELSA_D3_validation_row3873_image_gen1.png,-11.802221298217772,-4.678492546081543,-5.978835582733154,5.338262557983398,-0.03021240234375,fake
ELSA_D3/validation/row4340/image_gen1,data/fakes/images/ELSA_D3_validation_row4340_image_gen1.jpg,1,diffusion,2022-08-22,Stable Diffusion 1.4,data/preprocessed/crop200_align16/ELSA_D3_validation_row4340_image_gen1.png,-11.240521430969238,1.971091866493225,2.98250961303711,14.750173568725586,-0.0241241455078125,fake
ELSA_D3/validation/row4501/image_gen1,data/fakes/images/ELSA_D3_validation_row4501_image_gen1.jpg,1,diffusion,2022-08-22,Stable Diffusion 1.4,data/preprocessed/crop200_align16/ELSA_D3_validation_row4501_image_gen1.png,-14.195228576660156,-5.142282485961914,-5.226358890533447,3.4143218994140625,-0.01971435546875,fake
ELSA_D3/validation/row4516/image_gen1,data/fakes/images/ELSA_D3_validation_row4516_image_gen1.jpg,1,diffusion,2022-08-22,Stable Diffusion 1.4,data/preprocessed/crop200_align16/ELSA_D3_validation_row4516_image_gen1.png,-10.510876655578612,-7.807021617889404,-6.900212287902832,8.874667167663574,-0.0184478759765625,fake
GenImage/Stable Diffusion 1.4/train/ai/125_sdv4_00146,data/fakes/images/GenImage_Stable Diffusion 1.4_train_ai_125_sdv4_00146.jpg,1,diffusion,2022-08-22,Stable Diffusion 1.4,data/preprocessed/crop200_align16/GenImage_Stable Diffusion 1.4_train_ai_125_sdv4_00146.png,-21.41957092285156,-4.911676406860352,-7.36091947555542,20.302349090576172,-0.0196990966796875,fake
GenImage/Stable Diffusion 1.4/train/ai/471_sdv4_00034,data/fakes/images/GenImage_Stable Diffusion 1.4_train_ai_471_sdv4_00034.jpg,1,diffusion,2022-08-22,Stable Diffusion 1.4,data/preprocessed/crop200_align16/GenImage_Stable Diffusion 1.4_train_ai_471_sdv4_00034.png,-17.151676177978516,-7.228694915771484,-5.785416603088379,28.02248191833496,-0.0151290893554687,fake
Synthbuster/stable-diffusion-1-4/r0225b88bt,data/fakes/images/Synthbuster_stable-diffusion-1-4_r0225b88bt.jpg,1,diffusion,2022-08-22,Stable Diffusion 1.4,data/preprocessed/crop200_align16/Synthbuster_stable-diffusion-1-4_r0225b88bt.png,-14.81813621520996,3.771642684936523,0.7265362739562988,20.83515739440918,-0.0257110595703125,fake
Synthbuster/stable-diffusion-1-4/r0e1a6e2ft,data/fakes/images/Synthbuster_stable-diffusion-1-4_r0e1a6e2ft.jpg,1,diffusion,2022-08-22,Stable Diffusion 1.4,data/preprocessed/crop200_align16/Synthbuster_stable-diffusion-1-4_r0e1a6e2ft.png,-25.949214935302734,-0.3605302572250366,-11.103530883789062,13.17099952697754,-0.028961181640625,fake
DRCT/stable-diffusion-v1-5/train2017/000000012741,data/fakes/images/DRCT_stable-diffusion-v1-5_train2017_000000012741.jpg,1,diffusion,2022-10-20,Stable Diffusion 1.5,data/preprocessed/crop200_align16/DRCT_stable-diffusion-v1-5_train2017_000000012741.png,-19.735427856445312,-0.426862359046936,-5.055987358093262,11.439691543579102,-0.0204010009765625,fake
DRCT/stable-diffusion-v1-5/train2017/000000019240,data/fakes/images/DRCT_stable-diffusion-v1-5_train2017_000000019240.jpg,1,diffusion,2022-10-20,Stable Diffusion 1.5,data/preprocessed/crop200_align16/DRCT_stable-diffusion-v1-5_train2017_000000019240.png,-7.7282915115356445,-7.371543884277344,-5.684386730194092,6.0441389083862305,-0.017242431640625,fake
DRCT/stable-diffusion-v1-5/train2017/000000062766,data/fakes/images/DRCT_stable-diffusion-v1-5_train2017_000000062766.jpg,1,diffusion,2022-10-20,Stable Diffusion 1.5,data/preprocessed/crop200_align16/DRCT_stable-diffusion-v1-5_train2017_000000062766.png,-23.584083557128903,-0.9958903789520264,-13.412087440490724,7.638815402984619,-0.0185699462890625,fake
DRCT/stable-diffusion-v1-5/train2017/000000261496,data/fakes/images/DRCT_stable-diffusion-v1-5_train2017_000000261496.jpg,1,diffusion,2022-10-20,Stable Diffusion 1.5,data/preprocessed/crop200_align16/DRCT_stable-diffusion-v1-5_train2017_000000261496.png,-28.83129119873047,-5.028435707092285,-9.178492546081545,27.795867919921875,-0.02667236328125,fake
DRCT/stable-diffusion-v1-5/train2017/000000264044,data/fakes/images/DRCT_stable-diffusion-v1-5_train2017_000000264044.jpg,1,diffusion,2022-10-20,Stable Diffusion 1.5,data/preprocessed/crop200_align16/DRCT_stable-diffusion-v1-5_train2017_000000264044.png,-1.8554465770721436,-1.263940453529358,-6.287735939025879,5.209290504455566,-0.0270538330078125,fake
DRCT/stable-diffusion-v1-5/train2017/000000382801,data/fakes/images/DRCT_stable-diffusion-v1-5_train2017_000000382801.jpg,1,diffusion,2022-10-20,Stable Diffusion 1.5,data/preprocessed/crop200_align16/DRCT_stable-diffusion-v1-5_train2017_000000382801.png,0.1786014288663864,0.1965646743774414,-3.531569242477417,29.40094757080078,-0.033721923828125,fake
DRCT/stable-diffusion-v1-5/train2017/000000546632,data/fakes/images/DRCT_stable-diffusion-v1-5_train2017_000000546632.jpg,1,diffusion,2022-10-20,Stable Diffusion 1.5,data/preprocessed/crop200_align16/DRCT_stable-diffusion-v1-5_train2017_000000546632.png,-2.8912689685821533,2.4888992309570312,-3.8591389656066895,27.113862991333008,-0.04156494140625,fake
GenImage/Stable Diffusion 1.5/train/ai/067_sdv5_00142,data/fakes/images/GenImage_Stable Diffusion 1.5_train_ai_067_sdv5_00142.jpg,1,diffusion,2022-10-20,Stable Diffusion 1.5,data/preprocessed/crop200_align16/GenImage_Stable Diffusion 1.5_train_ai_067_sdv5_00142.png,-23.127546310424805,-8.438192367553711,-8.405659675598145,18.912765502929688,-0.023345947265625,fake
GenImage/Stable Diffusion 1.5/train/ai/194_sdv5_00120,data/fakes/images/GenImage_Stable Diffusion 1.5_train_ai_194_sdv5_00120.jpg,1,diffusion,2022-10-20,Stable Diffusion 1.5,data/preprocessed/crop200_align16/GenImage_Stable Diffusion 1.5_train_ai_194_sdv5_00120.png,-24.378673553466797,-1.9971848726272583,-20.755346298217773,26.619430541992188,-0.0201416015625,fake
GenImage/Stable Diffusion 1.5/train/ai/245_sdv5_00190,data/fakes/images/GenImage_Stable Diffusion 1.5_train_ai_245_sdv5_00190.jpg,1,diffusion,2022-10-20,Stable Diffusion 1.5,data/preprocessed/crop200_align16/GenImage_Stable Diffusion 1.5_train_ai_245_sdv5_00190.png,-27.69255256652832,-5.974273681640625,-7.8310041427612305,27.822887420654297,-0.0167694091796875,fake
GenImage/Stable Diffusion 1.5/train/ai/247_sdv5_00066,data/fakes/images/GenImage_Stable Diffusion 1.5_train_ai_247_sdv5_00066.jpg,1,diffusion,2022-10-20,Stable Diffusion 1.5,data/preprocessed/crop200_align16/GenImage_Stable Diffusion 1.5_train_ai_247_sdv5_00066.png,-13.799765586853027,-4.516807556152344,-6.000755310058594,22.22728729248047,-0.013946533203125,fake
GenImage/Stable Diffusion 1.5/train/ai/253_sdv5_00175,data/fakes/images/GenImage_Stable Diffusion 1.5_train_ai_253_sdv5_00175.jpg,1,diffusion,2022-10-20,Stable Diffusion 1.5,data/preprocessed/crop200_align16/GenImage_Stable Diffusion 1.5_train_ai_253_sdv5_00175.png,-13.518173217773438,-5.1432414054870605,-3.601892471313477,26.07517433166504,-0.022247314453125,fake
GenImage/Stable Diffusion 1.5/train/ai/282_sdv5_00166,data/fakes/images/GenImage_Stable Diffusion 1.5_train_ai_282_sdv5_00166.jpg,1,diffusion,2022-10-20,Stable Diffusion 1.5,data/preprocessed/crop200_align16/GenImage_Stable Diffusion 1.5_train_ai_282_sdv5_00166.png,-14.642288208007812,-10.585248947143556,-12.2284574508667,27.833721160888672,-0.018218994140625,fake
GenImage/Stable Diffusion 1.5/train/ai/487_sdv5_00126,data/fakes/images/GenImage_Stable Diffusion 1.5_train_ai_487_sdv5_00126.jpg,1,diffusion,2022-10-20,Stable Diffusion 1.5,data/preprocessed/crop200_align16/GenImage_Stable Diffusion 1.5_train_ai_487_sdv5_00126.png,-12.174213409423828,-1.268784999847412,-2.854258298873902,17.42953872680664,-0.01446533203125,fake
GenImage/Stable Diffusion 1.5/train/ai/938_sdv5_00190,data/fakes/images/GenImage_Stable Diffusion 1.5_train_ai_938_sdv5_00190.jpg,1,diffusion,2022-10-20,Stable Diffusion 1.5,data/preprocessed/crop200_align16/GenImage_Stable Diffusion 1.5_train_ai_938_sdv5_00190.png,7.90686559677124,-2.7880449295043945,-5.641307830810547,21.30359268188477,-0.0193634033203125,fake
GenImage/Stable Diffusion 1.5/train/ai/945_sdv5_00182,data/fakes/images/GenImage_Stable Diffusion 1.5_train_ai_945_sdv5_00182.jpg,1,diffusion,2022-10-20,Stable Diffusion 1.5,data/preprocessed/crop200_align16/GenImage_Stable Diffusion 1.5_train_ai_945_sdv5_00182.png,-17.437137603759766,-4.826559066772461,-10.159586906433104,22.04951286315918,-0.0130233764648437,fake
GenImage/Stable Diffusion 1.5/train/ai/976_sdv5_00159,data/fakes/images/GenImage_Stable Diffusion 1.5_train_ai_976_sdv5_00159.jpg,1,diffusion,2022-10-20,Stable Diffusion 1.5,data/preprocessed/crop200_align16/GenImage_Stable Diffusion 1.5_train_ai_976_sdv5_00159.png,-11.209185600280762,-6.555450439453125,-9.021729469299316,30.27007484436035,-0.0269927978515625,fake
DRCT/stable-diffusion-2-1/train2017/000000246016,data/fakes/images/DRCT_stable-diffusion-2-1_train2017_000000246016.jpg,1,diffusion,2022-12-07,Stable Diffusion 2.1,data/preprocessed/crop200_align16/DRCT_stable-diffusion-2-1_train2017_000000246016.png,-12.526849746704102,-2.7812399864196777,-3.1429405212402344,5.464531898498535,-0.0127639770507812,fake
DRCT/stable-diffusion-2-1/train2017/000000271240,data/fakes/images/DRCT_stable-diffusion-2-1_train2017_000000271240.jpg,1,diffusion,2022-12-07,Stable Diffusion 2.1,data/preprocessed/crop200_align16/DRCT_stable-diffusion-2-1_train2017_000000271240.png,-9.19140911102295,-0.7252407073974609,-3.623712539672851,4.256229877471924,-0.0311431884765625,fake
DRCT/stable-diffusion-2-1/train2017/000000503385,data/fakes/images/DRCT_stable-diffusion-2-1_train2017_000000503385.jpg,1,diffusion,2022-12-07,Stable Diffusion 2.1,data/preprocessed/crop200_align16/DRCT_stable-diffusion-2-1_train2017_000000503385.png,-14.429408073425291,-4.967541217803955,-12.029723167419434,4.7678985595703125,-0.0205230712890625,fake
ELSA_D3/train/row1359901/image_gen2,data/fakes/images/ELSA_D3_train_row1359901_image_gen2.jpg,1,diffusion,2022-12-07,Stable Diffusion 2.1,data/preprocessed/crop200_align16/ELSA_D3_train_row1359901_image_gen2.png,-15.630281448364258,-4.04801082611084,-13.68879508972168,1.0984227657318115,-0.036376953125,fake
ELSA_D3/train/row386374/image_gen2,data/fakes/images/ELSA_D3_train_row386374_image_gen2.jpg,1,diffusion,2022-12-07,Stable Diffusion 2.1,data/preprocessed/crop200_align16/ELSA_D3_train_row386374_image_gen2.png,-34.9877815246582,-4.826385498046875,-23.096193313598633,5.318308353424072,-0.035980224609375,fake
ELSA_D3/train/row957254/image_gen2,data/fakes/images/ELSA_D3_train_row957254_image_gen2.jpg,1,diffusion,2022-12-07,Stable Diffusion 2.1,data/preprocessed/crop200_align16/ELSA_D3_train_row957254_image_gen2.png,-13.06895923614502,-2.9361414909362793,-1.8049604892730713,0.8753097653388977,-0.0108261108398437,fake
ELSA_D3/validation/row1061/image_gen2,data/fakes/images/ELSA_D3_validation_row1061_image_gen2.jpg,1,diffusion,2022-12-07,Stable Diffusion 2.1,data/preprocessed/crop200_align16/ELSA_D3_validation_row1061_image_gen2.png,-7.969171047210693,-0.3765414953231811,-4.363489627838135,2.480540990829468,-0.020721435546875,fake
ELSA_D3/validation/row1442/image_gen2,data/fakes/images/ELSA_D3_validation_row1442_image_gen2.jpg,1,diffusion,2022-12-07,Stable Diffusion 2.1,data/preprocessed/crop200_align16/ELSA_D3_validation_row1442_image_gen2.png,-33.458927154541016,-5.926794052124023,-6.630001544952393,10.405439376831056,-0.0310821533203125,fake
ELSA_D3/validation/row2616/image_gen2,data/fakes/images/ELSA_D3_validation_row2616_image_gen2.jpg,1,diffusion,2022-12-07,Stable Diffusion 2.1,data/preprocessed/crop200_align16/ELSA_D3_validation_row2616_image_gen2.png,-22.492565155029297,0.9807888269424438,-14.35361385345459,7.748560905456543,-0.034759521484375,fake
ELSA_D3/validation/row2896/image_gen2,data/fakes/images/ELSA_D3_validation_row2896_image_gen2.jpg,1,diffusion,2022-12-07,Stable Diffusion 2.1,data/preprocessed/crop200_align16/ELSA_D3_validation_row2896_image_gen2.png,-32.313053131103516,-7.854167461395264,-11.4131441116333,6.7194294929504395,-0.0143203735351562,fake
ELSA_D3/validation/row3729/image_gen2,data/fakes/images/ELSA_D3_validation_row3729_image_gen2.jpg,1,diffusion,2022-12-07,Stable Diffusion 2.1,data/preprocessed/crop200_align16/ELSA_D3_validation_row3729_image_gen2.png,-30.228214263916016,-4.465577125549316,-12.642817497253418,2.538766860961914,-0.046905517578125,fake
Imaginet/sd_paintings_fake/1ee1d5e6-3677-420a-97f0-e3dd0eb2f32d,data/fakes/images/Imaginet_sd_paintings_fake_1ee1d5e6-3677-420a-97f0-e3dd0eb2f32d.jpg,1,diffusion,2022-12-07,Stable Diffusion 2.1,data/preprocessed/crop200_align16/Imaginet_sd_paintings_fake_1ee1d5e6-3677-420a-97f0-e3dd0eb2f32d.png,-13.576706886291504,-5.628887176513672,-5.952145099639893,5.924284934997559,-0.042755126953125,fake
Imaginet/sd_photos_fake/bbc7be50-42c1-4bed-9522-3c8346a77d70,data/fakes/images/Imaginet_sd_photos_fake_bbc7be50-42c1-4bed-9522-3c8346a77d70.jpg,1,diffusion,2022-12-07,Stable Diffusion 2.1,data/preprocessed/crop200_align16/Imaginet_sd_photos_fake_bbc7be50-42c1-4bed-9522-3c8346a77d70.png,-7.829825401306152,-4.816433906555176,-1.1545199155807495,0.8720921874046326,-0.0277099609375,fake
Imaginet/sd_photos_fake/ccf79cf5-987e-40c7-b8a8-d06d263aa5fe,data/fakes/images/Imaginet_sd_photos_fake_ccf79cf5-987e-40c7-b8a8-d06d263aa5fe.jpg,1,diffusion,2022-12-07,Stable Diffusion 2.1,data/preprocessed/crop200_align16/Imaginet_sd_photos_fake_ccf79cf5-987e-40c7-b8a8-d06d263aa5fe.png,-21.81450843811035,-4.929873466491699,-11.033138275146484,15.55235195159912,-0.0251007080078125,fake
Imaginet/sd_photos_fake/e528fa2e-256f-4718-a3b7-1c6112b58876,data/fakes/images/Imaginet_sd_photos_fake_e528fa2e-256f-4718-a3b7-1c6112b58876.jpg,1,diffusion,2022-12-07,Stable Diffusion 2.1,data/preprocessed/crop200_align16/Imaginet_sd_photos_fake_e528fa2e-256f-4718-a3b7-1c6112b58876.png,-43.751277923583984,-1.8877397775650024,-16.93653106689453,11.15962028503418,-0.0223236083984375,fake
Polardiffshield/Stable-Diffusion-2-1/00000510,data/fakes/images/Polardiffshield_Stable-Diffusion-2-1_00000510.jpg,1,diffusion,2022-12-07,Stable Diffusion 2.1,data/preprocessed/crop200_align16/Polardiffshield_Stable-Diffusion-2-1_00000510.png,-26.012622833251953,-3.4240708351135254,-19.769617080688477,20.53234481811523,-0.037841796875,fake
Polardiffshield/Stable-Diffusion-2-1/00000837,data/fakes/images/Polardiffshield_Stable-Diffusion-2-1_00000837.jpg,1,diffusion,2022-12-07,Stable Diffusion 2.1,data/preprocessed/crop200_align16/Polardiffshield_Stable-Diffusion-2-1_00000837.png,-14.15248966217041,0.2639243006706238,-2.041008710861206,6.031769275665283,-0.05145263671875,fake
ELSA_D3/train/row1066753/image_gen0,data/fakes/images/ELSA_D3_train_row1066753_image_gen0.jpg,1,diffusion,2023-04-26,DeepFloyd IF,data/preprocessed/crop200_align16/ELSA_D3_train_row1066753_image_gen0.png,-42.91407775878906,-8.230789184570312,-18.95237159729004,-9.70718479156494,-0.0262908935546875,fake
ELSA_D3/train/row1207115/image_gen0,data/fakes/images/ELSA_D3_train_row1207115_image_gen0.jpg,1,diffusion,2023-04-26,DeepFloyd IF,data/preprocessed/crop200_align16/ELSA_D3_train_row1207115_image_gen0.png,-25.129364013671875,-6.580750465393066,-27.539934158325195,-6.9518280029296875,-0.0070991516113281,fake
ELSA_D3/train/row12971/image_gen0,data/fakes/images/ELSA_D3_train_row12971_image_gen0.jpg,1,diffusion,2023-04-26,DeepFloyd IF,data/preprocessed/crop200_align16/ELSA_D3_train_row12971_image_gen0.png,-28.614839553833008,-4.937751770019531,-17.436893463134766,-22.89334297180176,-0.0290069580078125,fake
ELSA_D3/train/row1684907/image_gen0,data/fakes/images/ELSA_D3_train_row1684907_image_gen0.jpg,1,diffusion,2023-04-26,DeepFloyd IF,data/preprocessed/crop200_align16/ELSA_D3_train_row1684907_image_gen0.png,-31.183135986328125,-7.601087093353272,-19.001483917236328,-3.2770121097564697,-0.0140457153320312,fake
ELSA_D3/train/row1757007/image_gen0,data/fakes/images/ELSA_D3_train_row1757007_image_gen0.jpg,1,diffusion,2023-04-26,DeepFloyd IF,data/preprocessed/crop200_align16/ELSA_D3_train_row1757007_image_gen0.png,-21.352821350097656,-2.443600654602051,-24.720890045166016,-16.768766403198242,-0.02587890625,fake
ELSA_D3/train/row1939502/image_gen0,data/fakes/images/ELSA_D3_train_row1939502_image_gen0.jpg,1,diffusion,2023-04-26,DeepFloyd IF,data/preprocessed/crop200_align16/ELSA_D3_train_row1939502_image_gen0.png,-36.11656188964844,-10.911873817443848,-29.743106842041016,-12.303146362304688,-0.0173187255859375,fake
ELSA_D3/train/row2126498/image_gen0,data/fakes/images/ELSA_D3_train_row2126498_image_gen0.jpg,1,diffusion,2023-04-26,DeepFloyd IF,data/preprocessed/crop200_align16/ELSA_D3_train_row2126498_image_gen0.png,-20.921741485595703,-3.7192134857177734,-13.945537567138672,-8.795161247253418,-0.0107040405273437,fake
ELSA_D3/train/row280182/image_gen0,data/fakes/images/ELSA_D3_train_row280182_image_gen0.jpg,1,diffusion,2023-04-26,DeepFloyd IF,data/preprocessed/crop200_align16/ELSA_D3_train_row280182_image_gen0.png,-17.89249038696289,-2.675607681274414,-20.76866340637207,-15.54483413696289,-0.025970458984375,fake
ELSA_D3/train/row318494/image_gen0,data/fakes/images/ELSA_D3_train_row318494_image_gen0.jpg,1,diffusion,2023-04-26,DeepFloyd IF,data/preprocessed/crop200_align16/ELSA_D3_train_row318494_image_gen0.png,-25.502519607543945,-3.5503134727478027,-17.963279724121094,-11.795628547668455,-0.0270843505859375,fake
ELSA_D3/train/row56636/image_gen0,data/fakes/images/ELSA_D3_train_row56636_image_gen0.jpg,1,diffusion,2023-04-26,DeepFloyd IF,data/preprocessed/crop200_align16/ELSA_D3_train_row56636_image_gen0.png,-39.839637756347656,-12.35236358642578,-28.52408790588379,-15.461854934692385,-0.0132217407226562,fake
ELSA_D3/validation/row1369/image_gen0,data/fakes/images/ELSA_D3_validation_row1369_image_gen0.jpg,1,diffusion,2023-04-26,DeepFloyd IF,data/preprocessed/crop200_align16/ELSA_D3_validation_row1369_image_gen0.png,-22.03417205810547,-6.136423587799072,-29.192888259887695,-8.889528274536133,-0.028656005859375,fake
ELSA_D3/validation/row1436/image_gen0,data/fakes/images/ELSA_D3_validation_row1436_image_gen0.jpg,1,diffusion,2023-04-26,DeepFloyd IF,data/preprocessed/crop200_align16/ELSA_D3_validation_row1436_image_gen0.png,-9.835054397583008,-7.181087017059326,-2.981452226638794,3.6289570331573486,-0.0139083862304687,fake
ELSA_D3/validation/row2250/image_gen0,data/fakes/images/ELSA_D3_validation_row2250_image_gen0.jpg,1,diffusion,2023-04-26,DeepFloyd IF,data/preprocessed/crop200_align16/ELSA_D3_validation_row2250_image_gen0.png,-15.956622123718262,-9.9597806930542,-5.652326583862305,0.00918769557029,-0.018646240234375,fake
ELSA_D3/validation/row2366/image_gen0,data/fakes/images/ELSA_D3_validation_row2366_image_gen0.jpg,1,diffusion,2023-04-26,DeepFloyd IF,data/preprocessed/crop200_align16/ELSA_D3_validation_row2366_image_gen0.png,-28.321657180786133,-5.497451305389404,-26.603857040405273,-14.89236545562744,-0.0281982421875,fake
ELSA_D3/validation/row3068/image_gen0,data/fakes/images/ELSA_D3_validation_row3068_image_gen0.jpg,1,diffusion,2023-04-26,DeepFloyd IF,data/preprocessed/crop200_align16/ELSA_D3_validation_row3068_image_gen0.png,-19.05316162109375,-11.131640434265137,-6.514545917510986,-4.607937335968018,-0.0042266845703125,fake
ELSA_D3/validation/row4262/image_gen0,data/fakes/images/ELSA_D3_validation_row4262_image_gen0.jpg,1,diffusion,2023-04-26,DeepFloyd IF,data/preprocessed/crop200_align16/ELSA_D3_validation_row4262_image_gen0.png,-32.52980422973633,-9.285337448120115,-28.202497482299805,-7.612752914428711,-0.0209503173828125,fake
ELSA_D3/validation/row4393/image_gen0,data/fakes/images/ELSA_D3_validation_row4393_image_gen0.jpg,1,diffusion,2023-04-26,DeepFloyd IF,data/preprocessed/crop200_align16/ELSA_D3_validation_row4393_image_gen0.png,-9.31240940093994,-5.059658527374268,-8.661641120910645,1.906327724456787,-0.0197601318359375,fake
DRCT/stable-diffusion-xl-base-1.0/train2017/000000254882,data/fakes/images/DRCT_stable-diffusion-xl-base-1.0_train2017_000000254882.jpg,1,diffusion,2023-07-26,Stable Diffusion XL 1.0,data/preprocessed/crop200_align16/DRCT_stable-diffusion-xl-base-1.0_train2017_000000254882.png,-21.10837173461914,-5.916470050811768,-8.227180480957031,-0.6319639086723328,-0.0248565673828125,fake
DRCT/stable-diffusion-xl-base-1.0/train2017/000000306632,data/fakes/images/DRCT_stable-diffusion-xl-base-1.0_train2017_000000306632.jpg,1,diffusion,2023-07-26,Stable Diffusion XL 1.0,data/preprocessed/crop200_align16/DRCT_stable-diffusion-xl-base-1.0_train2017_000000306632.png,-24.353418350219727,-2.0878419876098633,-17.59549903869629,1.9929230213165283,-0.03179931640625,fake
DRCT/stable-diffusion-xl-base-1.0/train2017/000000427823,data/fakes/images/DRCT_stable-diffusion-xl-base-1.0_train2017_000000427823.jpg,1,diffusion,2023-07-26,Stable Diffusion XL 1.0,data/preprocessed/crop200_align16/DRCT_stable-diffusion-xl-base-1.0_train2017_000000427823.png,-14.002680778503418,-1.3603490591049194,-6.021761894226074,2.636629581451416,-0.028472900390625,fake
DRCT/stable-diffusion-xl-base-1.0/train2017/000000465922,data/fakes/images/DRCT_stable-diffusion-xl-base-1.0_train2017_000000465922.jpg,1,diffusion,2023-07-26,Stable Diffusion XL 1.0,data/preprocessed/crop200_align16/DRCT_stable-diffusion-xl-base-1.0_train2017_000000465922.png,-18.14173889160156,3.917651653289795,-14.67457675933838,5.8736252784729,-0.03955078125,fake
DRCT/stable-diffusion-xl-base-1.0/train2017/000000488476,data/fakes/images/DRCT_stable-diffusion-xl-base-1.0_train2017_000000488476.jpg,1,diffusion,2023-07-26,Stable Diffusion XL 1.0,data/preprocessed/crop200_align16/DRCT_stable-diffusion-xl-base-1.0_train2017_000000488476.png,-7.102138042449951,-4.238639831542969,-4.725823879241943,1.481990098953247,-0.0205230712890625,fake
ELSA_D3/train/row1155001/image_gen3,data/fakes/images/ELSA_D3_train_row1155001_image_gen3.jpg,1,diffusion,2023-07-26,Stable Diffusion XL 1.0,data/preprocessed/crop200_align16/ELSA_D3_train_row1155001_image_gen3.png,-12.847651481628418,0.2006827592849731,-12.654565811157228,2.361288785934448,-0.0132369995117187,fake
ELSA_D3/validation/row1705/image_gen3,data/fakes/images/ELSA_D3_validation_row1705_image_gen3.jpg,1,diffusion,2023-07-26,Stable Diffusion XL 1.0,data/preprocessed/crop200_align16/ELSA_D3_validation_row1705_image_gen3.png,-28.088459014892575,-1.0604407787322998,-17.368547439575195,-1.981603503227234,-0.0183563232421875,fake
ELSA_D3/validation/row30/image_gen3,data/fakes/images/ELSA_D3_validation_row30_image_gen3.jpg,1,diffusion,2023-07-26,Stable Diffusion XL 1.0,data/preprocessed/crop200_align16/ELSA_D3_validation_row30_image_gen3.png,-15.63504695892334,5.843592643737793,-9.575007438659668,8.243130683898926,-0.012542724609375,fake
ELSA_D3/validation/row3618/image_gen3,data/fakes/images/ELSA_D3_validation_row3618_image_gen3.jpg,1,diffusion,2023-07-26,Stable Diffusion XL 1.0,data/preprocessed/crop200_align16/ELSA_D3_validation_row3618_image_gen3.png,-34.58802795410156,-8.170979499816895,-15.576274871826172,6.351499080657959,-0.018798828125,fake
ELSA_D3/validation/row4505/image_gen3,data/fakes/images/ELSA_D3_validation_row4505_image_gen3.jpg,1,diffusion,2023-07-26,Stable Diffusion XL 1.0,data/preprocessed/crop200_align16/ELSA_D3_validation_row4505_image_gen3.png,-16.941810607910156,-5.514011383056641,-7.019682884216309,-1.57054340839386,-0.024932861328125,fake
ELSA_D3/validation/row745/image_gen3,data/fakes/images/ELSA_D3_validation_row745_image_gen3.jpg,1,diffusion,2023-07-26,Stable Diffusion XL 1.0,data/preprocessed/crop200_align16/ELSA_D3_validation_row745_image_gen3.png,-15.318267822265623,0.7456245422363281,-10.645744323730469,-3.1093854904174805,-0.0258331298828125,fake
Imaginet/sdxl_faces_fake/08237e38-f2db-45eb-afd1-425197db0b15,data/fakes/images/Imaginet_sdxl_faces_fake_08237e38-f2db-45eb-afd1-425197db0b15.jpg,1,diffusion,2023-07-26,Stable Diffusion XL 1.0,data/preprocessed/crop200_align16/Imaginet_sdxl_faces_fake_08237e38-f2db-45eb-afd1-425197db0b15.png,-1.9362587928771973,-6.869418621063232,1.8992815017700195,0.9028798937797546,-0.0180816650390625,fake
Polardiffshield/Stable-Diffusion-XL/00000067,data/fakes/images/Polardiffshield_Stable-Diffusion-XL_00000067.jpg,1,diffusion,2023-07-26,Stable Diffusion XL 1.0,data/preprocessed/crop200_align16/Polardiffshield_Stable-Diffusion-XL_00000067.png,-17.51885986328125,-2.5270333290100098,-16.33869743347168,5.729639053344727,-0.042022705078125,fake
SFHQ-T2I/SDXL_image_0011783,data/fakes/images/SFHQ-T2I_SDXL_image_0011783.jpg,1,diffusion,2023-07-26,Stable Diffusion XL 1.0,data/preprocessed/crop200_align16/SFHQ-T2I_SDXL_image_0011783.png,0.091633915901184,-6.671672821044922,2.2803516387939453,-2.1108620166778564,-0.0188751220703125,fake
SFHQ-T2I/SDXL_image_0012823,data/fakes/images/SFHQ-T2I_SDXL_image_0012823.jpg,1,diffusion,2023-07-26,Stable Diffusion XL 1.0,data/preprocessed/crop200_align16/SFHQ-T2I_SDXL_image_0012823.png,-8.525537490844727,-6.653803825378418,-0.806760847568512,-1.6107462644577026,-0.0274658203125,fake
Synthbuster/stable-diffusion-xl/r0a8b59bbt,data/fakes/images/Synthbuster_stable-diffusion-xl_r0a8b59bbt.jpg,1,diffusion,2023-07-26,Stable Diffusion XL 1.0,data/preprocessed/crop200_align16/Synthbuster_stable-diffusion-xl_r0a8b59bbt.png,-21.07366943359375,-4.200390338897705,-7.944013118743896,2.1222691535949707,-0.02691650390625,fake
Synthbuster/stable-diffusion-xl/r10f888c2t,data/fakes/images/Synthbuster_stable-diffusion-xl_r10f888c2t.jpg,1,diffusion,2023-07-26,Stable Diffusion XL 1.0,data/preprocessed/crop200_align16/Synthbuster_stable-diffusion-xl_r10f888c2t.png,-28.44452667236328,-4.554455757141113,-20.145631790161133,3.369925022125244,-0.029388427734375,fake
Imaginet/dalle3/16247089-c316-4889-9135-760560122206,data/fakes/images/Imaginet_dalle3_16247089-c316-4889-9135-760560122206.jpg,1,diffusion,2023-09-20,DALL-E 3,data/preprocessed/crop200_align16/Imaginet_dalle3_16247089-c316-4889-9135-760560122206.png,-43.21633529663086,-5.879845142364502,-23.16275405883789,2.805229902267456,-0.0188751220703125,fake
Imaginet/dalle3/287299f2-687e-4666-a54f-9126ea2b38fe,data/fakes/images/Imaginet_dalle3_287299f2-687e-4666-a54f-9126ea2b38fe.jpg,1,diffusion,2023-09-20,DALL-E 3,data/preprocessed/crop200_align16/Imaginet_dalle3_287299f2-687e-4666-a54f-9126ea2b38fe.png,-27.21615982055664,-2.0589985847473145,-15.04592514038086,8.424405097961426,-0.0193939208984375,fake
Imaginet/dalle3/34e45ed6-ee3b-44a8-969d-72f90e071963,data/fakes/images/Imaginet_dalle3_34e45ed6-ee3b-44a8-969d-72f90e071963.jpg,1,diffusion,2023-09-20,DALL-E 3,data/preprocessed/crop200_align16/Imaginet_dalle3_34e45ed6-ee3b-44a8-969d-72f90e071963.png,-27.94227600097656,-1.8150004148483276,-8.054800987243652,1.562438726425171,-0.030487060546875,fake
Imaginet/dalle3/3f442bbf-dfaa-420b-841b-619da71abec7,data/fakes/images/Imaginet_dalle3_3f442bbf-dfaa-420b-841b-619da71abec7.jpg,1,diffusion,2023-09-20,DALL-E 3,data/preprocessed/crop200_align16/Imaginet_dalle3_3f442bbf-dfaa-420b-841b-619da71abec7.png,-0.3998100757598877,-1.2595244646072388,-0.0441401861608028,0.6680158972740173,-0.030242919921875,fake
Imaginet/dalle3/443986bb-ea39-43c6-877b-c5c80b510d18,data/fakes/images/Imaginet_dalle3_443986bb-ea39-43c6-877b-c5c80b510d18.jpg,1,diffusion,2023-09-20,DALL-E 3,data/preprocessed/crop200_align16/Imaginet_dalle3_443986bb-ea39-43c6-877b-c5c80b510d18.png,-16.2288761138916,-8.248066902160645,-5.008796691894531,-5.29378604888916,-0.0300750732421875,fake
Imaginet/dalle3/4779da83-837f-4779-8003-446b2b56ea2e,data/fakes/images/Imaginet_dalle3_4779da83-837f-4779-8003-446b2b56ea2e.jpg,1,diffusion,2023-09-20,DALL-E 3,data/preprocessed/crop200_align16/Imaginet_dalle3_4779da83-837f-4779-8003-446b2b56ea2e.png,-22.109420776367188,-7.811234474182129,-12.939714431762695,8.256027221679688,-0.01812744140625,fake
Imaginet/dalle3/48fb8256-2f20-4419-845a-631bb67efb14,data/fakes/images/Imaginet_dalle3_48fb8256-2f20-4419-845a-631bb67efb14.jpg,1,diffusion,2023-09-20,DALL-E 3,data/preprocessed/crop200_align16/Imaginet_dalle3_48fb8256-2f20-4419-845a-631bb67efb14.png,-9.53590965270996,-1.1784528493881226,-5.278666973114014,1.419925332069397,-0.00634765625,fake
Imaginet/dalle3/4ab43f3f-1493-4a9e-a7e2-d1b60028e738,data/fakes/images/Imaginet_dalle3_4ab43f3f-1493-4a9e-a7e2-d1b60028e738.jpg,1,diffusion,2023-09-20,DALL-E 3,data/preprocessed/crop200_align16/Imaginet_dalle3_4ab43f3f-1493-4a9e-a7e2-d1b60028e738.png,-18.125709533691406,-2.1413536071777344,-2.2720117568969727,-7.514730453491211,-0.0301513671875,fake
Imaginet/dalle3/703e73fc-92c3-4f9c-a108-c5ee1fba8fdc,data/fakes/images/Imaginet_dalle3_703e73fc-92c3-4f9c-a108-c5ee1fba8fdc.jpg,1,diffusion,2023-09-20,DALL-E 3,data/preprocessed/crop200_align16/Imaginet_dalle3_703e73fc-92c3-4f9c-a108-c5ee1fba8fdc.png,-14.010108947753906,0.9166245460510254,0.1502563655376434,4.368419647216797,-0.034576416015625,fake
Imaginet/dalle3/c4c2d25b-59e6-4cd4-a01b-b7665fa77beb,data/fakes/images/Imaginet_dalle3_c4c2d25b-59e6-4cd4-a01b-b7665fa77beb.jpg,1,diffusion,2023-09-20,DALL-E 3,data/preprocessed/crop200_align16/Imaginet_dalle3_c4c2d25b-59e6-4cd4-a01b-b7665fa77beb.png,-23.0427188873291,-3.072154998779297,-8.521782875061035,7.887547016143799,-0.0292816162109375,fake
Imaginet/dalle3/d4914795-be57-457f-8fb4-f50e3e76962c,data/fakes/images/Imaginet_dalle3_d4914795-be57-457f-8fb4-f50e3e76962c.jpg,1,diffusion,2023-09-20,DALL-E 3,data/preprocessed/crop200_align16/Imaginet_dalle3_d4914795-be57-457f-8fb4-f50e3e76962c.png,-17.6325626373291,-2.7687668800354004,0.4026137590408325,11.412489891052246,-0.0297393798828125,fake
Imaginet/dalle3/e0277137-3d6d-4702-8f1b-a90eac8a524a,data/fakes/images/Imaginet_dalle3_e0277137-3d6d-4702-8f1b-a90eac8a524a.jpg,1,diffusion,2023-09-20,DALL-E 3,data/preprocessed/crop200_align16/Imaginet_dalle3_e0277137-3d6d-4702-8f1b-a90eac8a524a.png,-26.889644622802734,-10.338784217834473,-39.19902420043945,-10.062030792236328,-0.030670166015625,fake
Imaginet/dalle3/e1181533-1149-46eb-b4e8-8008e04252f1,data/fakes/images/Imaginet_dalle3_e1181533-1149-46eb-b4e8-8008e04252f1.jpg,1,diffusion,2023-09-20,DALL-E 3,data/preprocessed/crop200_align16/Imaginet_dalle3_e1181533-1149-46eb-b4e8-8008e04252f1.png,-32.95353317260742,-7.777256011962891,-8.62755012512207,17.951519012451172,-0.02008056640625,fake
Imaginet/dalle3/e4e9c80f-22a1-42eb-9852-07195721aa64,data/fakes/images/Imaginet_dalle3_e4e9c80f-22a1-42eb-9852-07195721aa64.jpg,1,diffusion,2023-09-20,DALL-E 3,data/preprocessed/crop200_align16/Imaginet_dalle3_e4e9c80f-22a1-42eb-9852-07195721aa64.png,-28.82672119140625,-4.3243279457092285,-15.555187225341797,-5.935705661773682,-0.0295867919921875,fake
Imaginet/dalle3/f39a377e-7a3c-49a0-8804-4e385b1936d4,data/fakes/images/Imaginet_dalle3_f39a377e-7a3c-49a0-8804-4e385b1936d4.jpg,1,diffusion,2023-09-20,DALL-E 3,data/preprocessed/crop200_align16/Imaginet_dalle3_f39a377e-7a3c-49a0-8804-4e385b1936d4.png,-11.39130973815918,-0.4355820417404175,-1.0046628713607788,1.5280537605285645,-0.0318603515625,fake
Polardiffshield/Dall-e-3/00000331,data/fakes/images/Polardiffshield_Dall-e-3_00000331.jpg,1,diffusion,2023-09-20,DALL-E 3,data/preprocessed/crop200_align16/Polardiffshield_Dall-e-3_00000331.png,-17.972007751464844,-7.000232219696045,-13.630653381347656,-5.901205062866211,-0.015869140625,fake
Synthbuster/dalle3/r056c0ee6t,data/fakes/images/Synthbuster_dalle3_r056c0ee6t.jpg,1,diffusion,2023-09-20,DALL-E 3,data/preprocessed/crop200_align16/Synthbuster_dalle3_r056c0ee6t.png,-25.075523376464844,-5.192137718200684,-13.09050178527832,-12.353523254394531,-0.053436279296875,fake
SFHQ-T2I/FLUX1_dev_image_0000169,data/fakes/images/SFHQ-T2I_FLUX1_dev_image_0000169.jpg,1,diffusion,2024-08-01,FLUX 1 Dev,data/preprocessed/crop200_align16/SFHQ-T2I_FLUX1_dev_image_0000169.png,-11.096220016479492,-1.9919451475143433,-6.433152675628662,1.3823028802871704,-0.0384521484375,fake
SFHQ-T2I/FLUX1_dev_image_0000530,data/fakes/images/SFHQ-T2I_FLUX1_dev_image_0000530.jpg,1,diffusion,2024-08-01,FLUX 1 Dev,data/preprocessed/crop200_align16/SFHQ-T2I_FLUX1_dev_image_0000530.png,-24.197113037109375,-3.1374001502990723,-8.67480182647705,0.3076174855232239,-0.02862548828125,fake
SFHQ-T2I/FLUX1_dev_image_0001291,data/fakes/images/SFHQ-T2I_FLUX1_dev_image_0001291.jpg,1,diffusion,2024-08-01,FLUX 1 Dev,data/preprocessed/crop200_align16/SFHQ-T2I_FLUX1_dev_image_0001291.png,-20.86628532409668,-3.05513858795166,-10.699786186218262,-4.803690433502197,-0.041290283203125,fake
SFHQ-T2I/FLUX1_dev_image_0001758,data/fakes/images/SFHQ-T2I_FLUX1_dev_image_0001758.jpg,1,diffusion,2024-08-01,FLUX 1 Dev,data/preprocessed/crop200_align16/SFHQ-T2I_FLUX1_dev_image_0001758.png,-17.560434341430664,-6.495619773864746,-5.924324035644531,-2.1875433921813965,-0.0379638671875,fake
SFHQ-T2I/FLUX1_dev_image_0001760,data/fakes/images/SFHQ-T2I_FLUX1_dev_image_0001760.jpg,1,diffusion,2024-08-01,FLUX 1 Dev,data/preprocessed/crop200_align16/SFHQ-T2I_FLUX1_dev_image_0001760.png,-6.736508369445801,-3.715486526489258,-5.612166404724121,-0.3410440385341644,-0.038726806640625,fake
SFHQ-T2I/FLUX1_dev_image_0001988,data/fakes/images/SFHQ-T2I_FLUX1_dev_image_0001988.jpg,1,diffusion,2024-08-01,FLUX 1 Dev,data/preprocessed/crop200_align16/SFHQ-T2I_FLUX1_dev_image_0001988.png,-24.91929817199707,-3.574272632598877,-10.17398166656494,1.632259726524353,-0.0406494140625,fake
SFHQ-T2I/FLUX1_dev_image_0002579,data/fakes/images/SFHQ-T2I_FLUX1_dev_image_0002579.jpg,1,diffusion,2024-08-01,FLUX 1 Dev,data/preprocessed/crop200_align16/SFHQ-T2I_FLUX1_dev_image_0002579.png,-3.521897077560425,-3.3085246086120605,-9.167442321777344,-3.765275716781616,-0.04669189453125,fake
SFHQ-T2I/FLUX1_dev_image_0002698,data/fakes/images/SFHQ-T2I_FLUX1_dev_image_0002698.jpg,1,diffusion,2024-08-01,FLUX 1 Dev,data/preprocessed/crop200_align16/SFHQ-T2I_FLUX1_dev_image_0002698.png,-4.9911088943481445,-6.31069278717041,-10.890254974365234,-6.497416973114014,-0.048004150390625,fake
SFHQ-T2I/FLUX1_dev_image_0002766,data/fakes/images/SFHQ-T2I_FLUX1_dev_image_0002766.jpg,1,diffusion,2024-08-01,FLUX 1 Dev,data/preprocessed/crop200_align16/SFHQ-T2I_FLUX1_dev_image_0002766.png,0.4418343901634216,-8.697409629821777,-0.8126184344291687,-1.2153838872909546,-0.0347900390625,fake
SFHQ-T2I/FLUX1_dev_image_0005236,data/fakes/images/SFHQ-T2I_FLUX1_dev_image_0005236.jpg,1,diffusion,2024-08-01,FLUX 1 Dev,data/preprocessed/crop200_align16/SFHQ-T2I_FLUX1_dev_image_0005236.png,-12.785934448242188,-11.19198226928711,-2.9052586555480957,-0.7230400443077087,-0.0233612060546875,fake
SFHQ-T2I/FLUX1_dev_image_0005460,data/fakes/images/SFHQ-T2I_FLUX1_dev_image_0005460.jpg,1,diffusion,2024-08-01,FLUX 1 Dev,data/preprocessed/crop200_align16/SFHQ-T2I_FLUX1_dev_image_0005460.png,-6.214775085449219,-9.761377334594728,-6.4409685134887695,-2.075202226638794,-0.036834716796875,fake
SFHQ-T2I/FLUX1_dev_image_0005754,data/fakes/images/SFHQ-T2I_FLUX1_dev_image_0005754.jpg,1,diffusion,2024-08-01,FLUX 1 Dev,data/preprocessed/crop200_align16/SFHQ-T2I_FLUX1_dev_image_0005754.png,-26.17601203918457,-9.602742195129396,-7.206642150878906,2.727492094039917,-0.0276641845703125,fake
SFHQ-T2I/FLUX1_dev_image_0005900,data/fakes/images/SFHQ-T2I_FLUX1_dev_image_0005900.jpg,1,diffusion,2024-08-01,FLUX 1 Dev,data/preprocessed/crop200_align16/SFHQ-T2I_FLUX1_dev_image_0005900.png,-3.9157826900482178,-8.163843154907227,-0.2146917283535003,-0.9850088953971864,-0.03839111328125,fake
SFHQ-T2I/FLUX1_dev_image_0006186,data/fakes/images/SFHQ-T2I_FLUX1_dev_image_0006186.jpg,1,diffusion,2024-08-01,FLUX 1 Dev,data/preprocessed/crop200_align16/SFHQ-T2I_FLUX1_dev_image_0006186.png,-23.601213455200195,-9.517865180969238,-9.262364387512209,1.386165976524353,-0.0192413330078125,fake
SFHQ-T2I/FLUX1_dev_image_0006246,data/fakes/images/SFHQ-T2I_FLUX1_dev_image_0006246.jpg,1,diffusion,2024-08-01,FLUX 1 Dev,data/preprocessed/crop200_align16/SFHQ-T2I_FLUX1_dev_image_0006246.png,-7.160259246826172,-7.389199256896973,-7.492795467376709,-2.8101682662963867,-0.026031494140625,fake
SFHQ-T2I/FLUX1_dev_image_0006424,data/fakes/images/SFHQ-T2I_FLUX1_dev_image_0006424.jpg,1,diffusion,2024-08-01,FLUX 1 Dev,data/preprocessed/crop200_align16/SFHQ-T2I_FLUX1_dev_image_0006424.png,-14.664199829101562,-4.051926612854004,-2.0878939628601074,2.141823053359986,-0.0202178955078125,fake
SFHQ-T2I/FLUX1_dev_image_0006639,data/fakes/images/SFHQ-T2I_FLUX1_dev_image_0006639.jpg,1,diffusion,2024-08-01,FLUX 1 Dev,data/preprocessed/crop200_align16/SFHQ-T2I_FLUX1_dev_image_0006639.png,-10.78435516357422,-3.921952724456787,-4.3102803230285645,-3.7755110263824463,-0.0215606689453125,fake
SFHQ-T2I/FLUX1_schnell_image_0000365,data/fakes/images/SFHQ-T2I_FLUX1_schnell_image_0000365.jpg,1,diffusion,2024-08-02,FLUX 1 Schnell,data/preprocessed/crop200_align16/SFHQ-T2I_FLUX1_schnell_image_0000365.png,-15.105464935302734,-1.494243860244751,-4.46079683303833,1.7860175371170044,-0.0240631103515625,fake
SFHQ-T2I/FLUX1_schnell_image_0006200,data/fakes/images/SFHQ-T2I_FLUX1_schnell_image_0006200.jpg,1,diffusion,2024-08-02,FLUX 1 Schnell,data/preprocessed/crop200_align16/SFHQ-T2I_FLUX1_schnell_image_0006200.png,0.8701632022857666,4.118168354034424,-3.4919593334198,-4.782266616821289,-0.0289154052734375,fake
SFHQ-T2I/FLUX1_schnell_image_0008122,data/fakes/images/SFHQ-T2I_FLUX1_schnell_image_0008122.jpg,1,diffusion,2024-08-02,FLUX 1 Schnell,data/preprocessed/crop200_align16/SFHQ-T2I_FLUX1_schnell_image_0008122.png,-18.1793270111084,-4.961160182952881,-11.62691593170166,1.3570926189422607,-0.040985107421875,fake
SFHQ-T2I/FLUX1_schnell_image_0009322,data/fakes/images/SFHQ-T2I_FLUX1_schnell_image_0009322.jpg,1,diffusion,2024-08-02,FLUX 1 Schnell,data/preprocessed/crop200_align16/SFHQ-T2I_FLUX1_schnell_image_0009322.png,-9.379900932312012,-6.785183906555176,-12.507550239562988,-1.0130428075790403,-0.0386962890625,fake
SFHQ-T2I/FLUX1_schnell_image_0015755,data/fakes/images/SFHQ-T2I_FLUX1_schnell_image_0015755.jpg,1,diffusion,2024-08-02,FLUX 1 Schnell,data/preprocessed/crop200_align16/SFHQ-T2I_FLUX1_schnell_image_0015755.png,-9.180685997009276,-6.495800495147705,-4.401342391967773,-1.9939647912979128,-0.034210205078125,fake
SFHQ-T2I/FLUX1_schnell_image_0016419,data/fakes/images/SFHQ-T2I_FLUX1_schnell_image_0016419.jpg,1,diffusion,2024-08-02,FLUX 1 Schnell,data/preprocessed/crop200_align16/SFHQ-T2I_FLUX1_schnell_image_0016419.png,-14.66242504119873,-1.3900233507156372,-13.091293334960938,1.1328938007354736,-0.0391845703125,fake
SFHQ-T2I/FLUX1_schnell_image_0017266,data/fakes/images/SFHQ-T2I_FLUX1_schnell_image_0017266.jpg,1,diffusion,2024-08-02,FLUX 1 Schnell,data/preprocessed/crop200_align16/SFHQ-T2I_FLUX1_schnell_image_0017266.png,-0.5326257348060608,-5.01129674911499,-0.8868522644042969,-0.5711371898651123,-0.0281982421875,fake
SFHQ-T2I/FLUX1_schnell_image_0018362,data/fakes/images/SFHQ-T2I_FLUX1_schnell_image_0018362.jpg,1,diffusion,2024-08-02,FLUX 1 Schnell,data/preprocessed/crop200_align16/SFHQ-T2I_FLUX1_schnell_image_0018362.png,-9.013042449951172,-2.0528571605682373,-11.186149597167969,-4.589864253997803,-0.043670654296875,fake
SFHQ-T2I/FLUX1_schnell_image_0024910,data/fakes/images/SFHQ-T2I_FLUX1_schnell_image_0024910.jpg,1,diffusion,2024-08-02,FLUX 1 Schnell,data/preprocessed/crop200_align16/SFHQ-T2I_FLUX1_schnell_image_0024910.png,-7.347554683685303,-6.097986698150635,-1.2588250637054443,-0.6635878682136536,-0.0294952392578125,fake
SFHQ-T2I/FLUX1_schnell_image_0026304,data/fakes/images/SFHQ-T2I_FLUX1_schnell_image_0026304.jpg,1,diffusion,2024-08-02,FLUX 1 Schnell,data/preprocessed/crop200_align16/SFHQ-T2I_FLUX1_schnell_image_0026304.png,-13.522994995117188,-4.673215866088867,-6.87986946105957,-0.545456051826477,-0.035125732421875,fake
SFHQ-T2I/FLUX1_schnell_image_0031348,data/fakes/images/SFHQ-T2I_FLUX1_schnell_image_0031348.jpg,1,diffusion,2024-08-02,FLUX 1 Schnell,data/preprocessed/crop200_align16/SFHQ-T2I_FLUX1_schnell_image_0031348.png,-17.995817184448242,-6.054207801818848,-5.883376121520996,7.690858364105225,-0.0218963623046875,fake
SFHQ-T2I/FLUX1_schnell_image_0033325,data/fakes/images/SFHQ-T2I_FLUX1_schnell_image_0033325.jpg,1,diffusion,2024-08-02,FLUX 1 Schnell,data/preprocessed/crop200_align16/SFHQ-T2I_FLUX1_schnell_image_0033325.png,-23.340892791748047,-4.367147922515869,-9.413029670715332,-3.0917844772338867,-0.03955078125,fake
SFHQ-T2I/FLUX1_schnell_image_0043638,data/fakes/images/SFHQ-T2I_FLUX1_schnell_image_0043638.jpg,1,diffusion,2024-08-02,FLUX 1 Schnell,data/preprocessed/crop200_align16/SFHQ-T2I_FLUX1_schnell_image_0043638.png,-3.072930812835694,0.3178399205207824,-4.303677558898926,-0.0357106439769268,-0.03826904296875,fake
SFHQ-T2I/FLUX1_schnell_image_0050664,data/fakes/images/SFHQ-T2I_FLUX1_schnell_image_0050664.jpg,1,diffusion,2024-08-02,FLUX 1 Schnell,data/preprocessed/crop200_align16/SFHQ-T2I_FLUX1_schnell_image_0050664.png,1.615837335586548,-0.4866586327552795,2.0635221004486084,-1.3418136835098269,-0.022216796875,fake
SFHQ-T2I/FLUX1_schnell_image_0051502,data/fakes/images/SFHQ-T2I_FLUX1_schnell_image_0051502.jpg,1,diffusion,2024-08-02,FLUX 1 Schnell,data/preprocessed/crop200_align16/SFHQ-T2I_FLUX1_schnell_image_0051502.png,-5.27741813659668,-1.5412758588790894,-4.488376617431641,-1.6360044479370115,-0.038421630859375,fake
SFHQ-T2I/FLUX1_schnell_image_0052273,data/fakes/images/SFHQ-T2I_FLUX1_schnell_image_0052273.jpg,1,diffusion,2024-08-02,FLUX 1 Schnell,data/preprocessed/crop200_align16/SFHQ-T2I_FLUX1_schnell_image_0052273.png,-12.757245063781738,5.346600532531738,-6.5160136222839355,-6.987404823303223,-0.037139892578125,fake
SFHQ-T2I/FLUX1_schnell_image_0054895,data/fakes/images/SFHQ-T2I_FLUX1_schnell_image_0054895.jpg,1,diffusion,2024-08-02,FLUX 1 Schnell,data/preprocessed/crop200_align16/SFHQ-T2I_FLUX1_schnell_image_0054895.png,-11.980084419250488,-3.5650217533111572,-9.336767196655272,-1.1165980100631714,-0.035308837890625,fake
